commodity,comcat_id,source,source_url,collection_method,price_type_id,province_id,regency_id,market,market_level,start_date,end_date,raw_file,raw_sha256,http_status,observed_rows,collected_at_utc
Beras Kualitas Bawah I,com_1,PIHPS Bank Indonesia,https://www.bi.go.id/hargapangan/WebSite/TabelHarga/GetGridDataKomoditas,PIHPS backend JSON GET,1,13,34,Pasar Kramatjati,3,2022-01-01,2022-01-31,data/raw/pihps/raw_json/beras_kualitas_bawah_i/2022-01-01_2022-01-31.json,4fd0482175c0cddb0dc503a27a51a70aedb02b04adc416305fec4837b4c2d651,200,21,2026-09-29T11:57:40Z
Beras Kualitas Bawah I,com_1,PIHPS Bank Indonesia,https://www.bi.go.id/hargapangan/WebSite/TabelHarga/GetGridDataKomoditas,PIHPS backend JSON GET,1,13,34,Pasar Kramatjati,3,2022-02-01,2022-02-28,data/raw/pihps/raw_json/beras_kualitas_bawah_i/2022-02-01_2022-02-28.json,8046b175dc47cc5a8cd8eea90125a690dec73851fbb310f8608f1b23f9a38956,200,20,2026-09-29T11:57:41Z
Beras Kualitas Bawah I,com_1,PIHPS Bank Indonesia,https://www.bi.go.id/hargapangan/WebSite/TabelHarga/GetGridDataKomoditas,PIHPS backend JSON GET,1,13,34,Pasar Kramatjati,3,2022-03-01,2022-03-31,data/raw/pihps/raw_json/beras_kualitas_bawah_i/2022-03-01_2022-03-31.json,4b1f3bddf7c51b8cd35ebe7a16372848e79e3c877da718043cb3ef8a4a108523,200,23,2026-09-29T11:57:42Z
Beras Kualitas Bawah I,com_1,PIHPS Bank Indonesia,https://www.bi.go.id/hargapangan/WebSite/TabelHarga/GetGridDataKomoditas,PIHPS backend JSON GET,1,13,34,Pasar Kramatjati,3,2022-04-01,2022-04-30,data/raw/pihps/raw_json/beras_kualitas_bawah_i/2022-04-01_2022-04-30.json,401e7dde14bafb0fddf8d6420ab43e073c83efd3f6781e6338790ed4be6a3821,200,21,2026-09-29T11:57:43Z
Beras Kualitas Bawah I,com_1,PIHPS Bank Indonesia,https://www.bi.go.id/hargapangan/WebSite/TabelHarga/GetGridDataKomoditas,PIHPS backend JSON GET,1,13,34,Pasar Kramatjati,3,2022-05-01,2022-05-31,data/raw/pihps/raw_json/beras_kualitas_bawah_i/2022-05-01_2022-05-31.json,fb959538cb68720c73cf0f8ded8ddd96837ab39cf54afd9272eed2c9ac357c3c,200,22,2026-09-29T11:57:44Z
Beras Kualitas Bawah I,com_1,PIHPS Bank Indonesia,https://www.bi.go.id/hargapangan/WebSite/TabelHarga/GetGridDataKomoditas,PIHPS backend JSON GET,1,13,34,Pasar Kramatjati,3,2022-06-01,2022-06-30,data/raw/pihps/raw_json/beras_kualitas_bawah_i/2022-06-01_2022-06-30.json,2972967e7a6e2193616644caf7d1a90a7f82d7e0c427c08fc52f47f9fea5a474,200,22,2026-09-29T11:57:45Z
Beras Kualitas Bawah I,com_1,PIHPS Bank Indonesia,https://www.bi.go.id/hargapangan/WebSite/TabelHarga/GetGridDataKomoditas,PIHPS backend JSON GET,1,13,34,Pasar Kramatjati,3,2022-07-01,2022-07-31,data/raw/pihps/raw_json/beras_kualitas_bawah_i/2022-07-01_2022-07-31.json,e46c49c17104b20e70ebe1a2f7f1f477fc564b386c1c59d0c6ebb3db9db43fc6,200,21,2026-09-29T11:57:46Z
Beras Kualitas Bawah I,com_1,PIHPS Bank Indonesia,https://www.bi.go.id/hargapangan/WebSite/TabelHarga/GetGridDataKomoditas,PIHPS backend JSON GET,1,13,34,Pasar Kramatjati,3,2022-08-01,2022-08-31,data/raw/pihps/raw_json/beras_kualitas_bawah_i/2022-08-01_2022-08-31.json,3490069bcbac9466248909594d47f6e83c046885fbace6638a45da8637ff4add,200,23,2026-09-29T11:57:47Z
Beras Kualitas Bawah I,com_1,PIHPS Bank Indonesia,https://www.bi.go.id/hargapangan/WebSite/TabelHarga/GetGridDataKomoditas,PIHPS backend JSON GET,1,13,34,Pasar Kramatjati,3,2022-09-01,2022-09-30,data/raw/pihps/raw_json/beras_kualitas_bawah_i/2022-09-01_2022-09-30.json,99c7fd04e3577a109bee2c4f0c761c089d39d8356bdaf6a632c328fda2258677,200,22,2026-09-29T11:57:48Z
Beras Kualitas Bawah I,com_1,PIHPS Bank Indonesia,https://www.bi.go.id/hargapangan/WebSite/TabelHarga/GetGridDataKomoditas,PIHPS backend JSON GET,1,13,34,Pasar Kramatjati,3,2022-10-01,2022-10-31,data/raw/pihps/raw_json/beras_kualitas_bawah_i/2022-10-01_2022-10-31.json,24028fddad75d426adcaadea17a57497bb1b3cea1052adb5e84334a6adfb2a32,200,21,2026-09-29T11:57:49Z
Beras Kualitas Bawah I,com_1,PIHPS Bank Indonesia,https://www.bi.go.id/hargapangan/WebSite/TabelHarga/GetGridDataKomoditas,PIHPS backend JSON GET,1,13,34,Pasar Kramatjati,3,2022-11-01,2022-11-30,data/raw/pihps/raw_json/beras_kualitas_bawah_i/2022-11-01_2022-11-30.json,83bea8cc08a6496e3c1663c343b3ebcda38c15169c2ecc166b27929836c8adc9,200,22,2026-09-29T11:57:51Z
Beras Kualitas Bawah I,com_1,PIHPS Bank Indonesia,https://www.bi.go.id/hargapangan/WebSite/TabelHarga/GetGridDataKomoditas,PIHPS backend JSON GET,1,13,34,Pasar Kramatjati,3,2022-12-01,2022-12-31,data/raw/pihps/raw_json/beras_kualitas_bawah_i/2022-12-01_2022-12-31.json,21c4bf34bc5ab8634fbbc7f4717534f5ac87f268297857e99694517ebdf9a1fc,200,22,2026-09-29T11:57:52Z
Beras Kualitas Bawah I,com_1,PIHPS Bank Indonesia,https://www.bi.go.id/hargapangan/WebSite/TabelHarga/GetGridDataKomoditas,PIHPS backend JSON GET,1,13,34,Pasar Kramatjati,3,2023-01-01,2023-01-31,data/raw/pihps/raw_json/beras_kualitas_bawah_i/2023-01-01_2023-01-31.json,b73b556721ee665f0dc5c141cd50d294c2a24c6a003071b1041ef6ce29435099,200,22,2026-09-29T11:57:53Z
Beras Kualitas Bawah I,com_1,PIHPS Bank Indonesia,https://www.bi.go.id/hargapangan/WebSite/TabelHarga/GetGridDataKomoditas,PIHPS backend JSON GET,1,13,34,Pasar Kramatjati,3,2023-02-01,2023-02-28,data/raw/pihps/raw_json/beras_kualitas_bawah_i/2023-02-01_2023-02-28.json,a24399d9f985496152f43a463a92ec760ac68a38848e0fdd53c6bb4101a98e7f,200,20,2026-09-29T11:57:54Z
Beras Kualitas Bawah I,com_1,PIHPS Bank Indonesia,https://www.bi.go.id/hargapangan/WebSite/TabelHarga/GetGridDataKomoditas,PIHPS backend JSON GET,1,13,34,Pasar Kramatjati,3,2023-03-01,2023-03-31,data/raw/pihps/raw_json/beras_kualitas_bawah_i/2023-03-01_2023-03-31.json,c6b296a769f26e549b6234b82c581d666e79c11a408284ed66582572c8fde6f3,200,23,2026-09-29T11:57:55Z
Beras Kualitas Bawah I,com_1,PIHPS Bank Indonesia,https://www.bi.go.id/hargapangan/WebSite/TabelHarga/GetGridDataKomoditas,PIHPS backend JSON GET,1,13,34,Pasar Kramatjati,3,2023-04-01,2023-04-30,data/raw/pihps/raw_json/beras_kualitas_bawah_i/2023-04-01_2023-04-30.json,aba9011c65104f3a9a0999b00c683bd8bc5eb2c0c83bdd1bf371f2983f46af7b,200,20,2026-09-29T11:57:56Z
Beras Kualitas Bawah I,com_1,PIHPS Bank Indonesia,https://www.bi.go.id/hargapangan/WebSite/TabelHarga/GetGridDataKomoditas,PIHPS backend JSON GET,1,13,34,Pasar Kramatjati,3,2023-05-01,2023-05-31,data/raw/pihps/raw_json/beras_kualitas_bawah_i/2023-05-01_2023-05-31.json,ac5aa40604326287c8bab4156c79100a18a1de031a4bb6b36bd9fb118b3236c9,200,23,2026-09-29T11:57:57Z
Beras Kualitas Bawah I,com_1,PIHPS Bank Indonesia,https://www.bi.go.id/hargapangan/WebSite/TabelHarga/GetGridDataKomoditas,PIHPS backend JSON GET,1,13,34,Pasar Kramatjati,3,2023-06-01,2023-06-30,data/raw/pihps/raw_json/beras_kualitas_bawah_i/2023-06-01_2023-06-30.json,66a0129a113ce5bad48fc88fc394a3559b1a5359fa970557a6226eca73cfb444,200,22,2026-09-29T11:57:58Z
Beras Kualitas Bawah I,com_1,PIHPS Bank Indonesia,https://www.bi.go.id/hargapangan/WebSite/TabelHarga/GetGridDataKomoditas,PIHPS backend JSON GET,1,13,34,Pasar Kramatjati,3,2023-07-01,2023-07-31,data/raw/pihps/raw_json/beras_kualitas_bawah_i/2023-07-01_2023-07-31.json,cfcf71f7ce9e1c33fee771b9eca2fd2f78218506d6937d04483f34d6569bc7fa,200,21,2026-09-29T11:57:59Z
Beras Kualitas Bawah I,com_1,PIHPS Bank Indonesia,https://www.bi.go.id/hargapangan/WebSite/TabelHarga/GetGridDataKomoditas,PIHPS backend JSON GET,1,13,34,Pasar Kramatjati,3,2023-08-01,2023-08-31,data/raw/pihps/raw_json/beras_kualitas_bawah_i/2023-08-01_2023-08-31.json,c40dbd4b8b2a9d993412463f784c1c54d6e8b82fbf5545e6458e1a7bf20c2050,200,23,2026-09-29T11:58:00Z
Beras Kualitas Bawah I,com_1,PIHPS Bank Indonesia,https://www.bi.go.id/hargapangan/WebSite/TabelHarga/GetGridDataKomoditas,PIHPS backend JSON GET,1,13,34,Pasar Kramatjati,3,2023-09-01,2023-09-30,data/raw/pihps/raw_json/beras_kualitas_bawah_i/2023-09-01_2023-09-30.json,3b8fa9d2d23dcd4afad798bd9a7136b81e007318bc192fd6dc48d2f43a3756ed,200,21,2026-09-29T11:58:01Z
Beras Kualitas Bawah I,com_1,PIHPS Bank Indonesia,https://www.bi.go.id/hargapangan/WebSite/TabelHarga/GetGridDataKomoditas,PIHPS backend JSON GET,1,13,34,Pasar Kramatjati,3,2023-10-01,2023-10-31,data/raw/pihps/raw_json/beras_kualitas_bawah_i/2023-10-01_2023-10-31.json,f623be8c15e165860a76ee14dfc7694a542cab9922e74dedb58881c55819cdea,200,22,2026-09-29T11:58:03Z
Beras Kualitas Bawah I,com_1,PIHPS Bank Indonesia,https://www.bi.go.id/hargapangan/WebSite/TabelHarga/GetGridDataKomoditas,PIHPS backend JSON GET,1,13,34,Pasar Kramatjati,3,2023-11-01,2023-11-30,data/raw/pihps/raw_json/beras_kualitas_bawah_i/2023-11-01_2023-11-30.json,7593b6ec770ecc43de23ca20931a6546765ce76438e079d4f91b9f4c27794761,200,22,2026-09-29T11:58:04Z
Beras Kualitas Bawah I,com_1,PIHPS Bank Indonesia,https://www.bi.go.id/hargapangan/WebSite/TabelHarga/GetGridDataKomoditas,PIHPS backend JSON GET,1,13,34,Pasar Kramatjati,3,2023-12-01,2023-12-31,data/raw/pihps/raw_json/beras_kualitas_bawah_i/2023-12-01_2023-12-31.json,61a63c17c6776766c30665d95c3637ae4359522e8aa80503617af09e9ed1d99a,200,21,2026-09-29T11:58:05Z
Beras Kualitas Bawah I,com_1,PIHPS Bank Indonesia,https://www.bi.go.id/hargapangan/WebSite/TabelHarga/GetGridDataKomoditas,PIHPS backend JSON GET,1,13,34,Pasar Kramatjati,3,2024-01-01,2024-01-31,data/raw/pihps/raw_json/beras_kualitas_bawah_i/2024-01-01_2024-01-31.json,7c6d8e8f5ae16aaca84483998ab0ac3edd086672fee12645cac040e10258648d,200,23,2026-09-29T11:58:06Z
Beras Kualitas Bawah I,com_1,PIHPS Bank Indonesia,https://www.bi.go.id/hargapangan/WebSite/TabelHarga/GetGridDataKomoditas,PIHPS backend JSON GET,1,13,34,Pasar Kramatjati,3,2024-02-01,2024-02-29,data/raw/pihps/raw_json/beras_kualitas_bawah_i/2024-02-01_2024-02-29.json,221dced234c5f83abf87a3569ae894edeba65e5803691f88706b43a1d0923f5d,200,21,2026-09-29T11:58:07Z
Beras Kualitas Bawah I,com_1,PIHPS Bank Indonesia,https://www.bi.go.id/hargapangan/WebSite/TabelHarga/GetGridDataKomoditas,PIHPS backend JSON GET,1,13,34,Pasar Kramatjati,3,2024-03-01,2024-03-31,data/raw/pihps/raw_json/beras_kualitas_bawah_i/2024-03-01_2024-03-31.json,cc66af794a0097e175cf689b2b031ebe9ff5e7814416579da39ea626397a6c45,200,21,2026-09-29T11:58:08Z
Beras Kualitas Bawah I,com_1,PIHPS Bank Indonesia,https://www.bi.go.id/hargapangan/WebSite/TabelHarga/GetGridDataKomoditas,PIHPS backend JSON GET,1,13,34,Pasar Kramatjati,3,2024-04-01,2024-04-30,data/raw/pihps/raw_json/beras_kualitas_bawah_i/2024-04-01_2024-04-30.json,95f5bce489811583b9e7976214e695a4a1237e58166f028496b7f4d03c8bb26d,200,22,2026-09-29T11:58:09Z
Beras Kualitas Bawah I,com_1,PIHPS Bank Indonesia,https://www.bi.go.id/hargapangan/WebSite/TabelHarga/GetGridDataKomoditas,PIHPS backend JSON GET,1,13,34,Pasar Kramatjati,3,2024-05-01,2024-05-31,data/raw/pihps/raw_json/beras_kualitas_bawah_i/2024-05-01_2024-05-31.json,7416a8eec816592029d047a9285fd478185797a7b4cf33ddc06e3a447795db5d,200,23,2026-09-29T11:58:10Z
Beras Kualitas Bawah I,com_1,PIHPS Bank Indonesia,https://www.bi.go.id/hargapangan/WebSite/TabelHarga/GetGridDataKomoditas,PIHPS backend JSON GET,1,13,34,Pasar Kramatjati,3,2024-06-01,2024-06-30,data/raw/pihps/raw_json/beras_kualitas_bawah_i/2024-06-01_2024-06-30.json,ff9acbc82c5155ef5ddce1a9752cbca270c69b4d7a8c1498c7622490ee704746,200,20,2026-09-29T11:58:11Z
Beras Kualitas Bawah I,com_1,PIHPS Bank Indonesia,https://www.bi.go.id/hargapangan/WebSite/TabelHarga/GetGridDataKomoditas,PIHPS backend JSON GET,1,13,34,Pasar Kramatjati,3,2024-07-01,2024-07-31,data/raw/pihps/raw_json/beras_kualitas_bawah_i/2024-07-01_2024-07-31.json,38c3521c27fbdace88fdcc2620cb2f9727435fd5fb00890c12f2f17dd8c37750,200,23,2026-09-29T11:58:12Z
Beras Kualitas Bawah I,com_1,PIHPS Bank Indonesia,https://www.bi.go.id/hargapangan/WebSite/TabelHarga/GetGridDataKomoditas,PIHPS backend JSON GET,1,13,34,Pasar Kramatjati,3,2024-08-01,2024-08-31,data/raw/pihps/raw_json/beras_kualitas_bawah_i/2024-08-01_2024-08-31.json,55e8e828e5707a9d781e6aef58d30264ba0e2dca4b0337c7e253805f676c987f,200,22,2026-09-29T11:58:13Z
Beras Kualitas Bawah I,com_1,PIHPS Bank Indonesia,https://www.bi.go.id/hargapangan/WebSite/TabelHarga/GetGridDataKomoditas,PIHPS backend JSON GET,1,13,34,Pasar Kramatjati,3,2024-09-01,2024-09-30,data/raw/pihps/raw_json/beras_kualitas_bawah_i/2024-09-01_2024-09-30.json,521c84a8802dec01fcbcaca4c97a8691504eeb56f41630166c3fc39c543de346,200,21,2026-09-29T11:58:15Z
Beras Kualitas Bawah I,com_1,PIHPS Bank Indonesia,https://www.bi.go.id/hargapangan/WebSite/TabelHarga/GetGridDataKomoditas,PIHPS backend JSON GET,1,13,34,Pasar Kramatjati,3,2024-10-01,2024-10-31,data/raw/pihps/raw_json/beras_kualitas_bawah_i/2024-10-01_2024-10-31.json,1af04b13deefc42894eda7cbaa1be6408f1edfa49f84b46b4ddb15d9f604f1da,200,23,2026-09-29T11:58:16Z
Beras Kualitas Bawah I,com_1,PIHPS Bank Indonesia,https://www.bi.go.id/hargapangan/WebSite/TabelHarga/GetGridDataKomoditas,PIHPS backend JSON GET,1,13,34,Pasar Kramatjati,3,2024-11-01,2024-11-30,data/raw/pihps/raw_json/beras_kualitas_bawah_i/2024-11-01_2024-11-30.json,e3634667f33d730560a6712fca637228ef8dfadcb273975f073987b1506e2033,200,21,2026-09-29T11:58:17Z
Beras Kualitas Bawah I,com_1,PIHPS Bank Indonesia,https://www.bi.go.id/hargapangan/WebSite/TabelHarga/GetGridDataKomoditas,PIHPS backend JSON GET,1,13,34,Pasar Kramatjati,3,2024-12-01,2024-12-31,data/raw/pihps/raw_json/beras_kualitas_bawah_i/2024-12-01_2024-12-31.json,caf0a44baa656b9f724099d9ab172e8ceb527768e91c13a957861904361bb93e,200,22,2026-09-29T11:58:18Z
Beras Kualitas Bawah I,com_1,PIHPS Bank Indonesia,https://www.bi.go.id/hargapangan/WebSite/TabelHarga/GetGridDataKomoditas,PIHPS backend JSON GET,1,13,34,Pasar Kramatjati,3,2025-01-01,2025-01-31,data/raw/pihps/raw_json/beras_kualitas_bawah_i/2025-01-01_2025-01-31.json,0a801a22f5b786b462e5e13e7b1de3d45c110f2bae8c1a053a91773ec99e0a42,200,23,2026-09-29T11:58:19Z
Beras Kualitas Bawah I,com_1,PIHPS Bank Indonesia,https://www.bi.go.id/hargapangan/WebSite/TabelHarga/GetGridDataKomoditas,PIHPS backend JSON GET,1,13,34,Pasar Kramatjati,3,2025-02-01,2025-02-28,data/raw/pihps/raw_json/beras_kualitas_bawah_i/2025-02-01_2025-02-28.json,7bfe7d0e2748e5a19370de3f32e9307e93262f2d139d7e54ea23249bf85cc9a3,200,20,2026-09-29T11:58:20Z
Beras Kualitas Bawah I,com_1,PIHPS Bank Indonesia,https://www.bi.go.id/hargapangan/WebSite/TabelHarga/GetGridDataKomoditas,PIHPS backend JSON GET,1,13,34,Pasar Kramatjati,3,2025-03-01,2025-03-31,data/raw/pihps/raw_json/beras_kualitas_bawah_i/2025-03-01_2025-03-31.json,54645e3e05b367f0e8fd2126a8ed2d821a87b6f104aca12a2c3f111021e6affd,200,21,2026-09-29T11:58:21Z
Beras Kualitas Bawah I,com_1,PIHPS Bank Indonesia,https://www.bi.go.id/hargapangan/WebSite/TabelHarga/GetGridDataKomoditas,PIHPS backend JSON GET,1,13,34,Pasar Kramatjati,3,2025-04-01,2025-04-30,data/raw/pihps/raw_json/beras_kualitas_bawah_i/2025-04-01_2025-04-30.json,7874c0645df4acc7f137b63295c62c558105cf1e7d6cda28f9ca44ae90f6985b,200,22,2026-09-29T11:58:22Z
Beras Kualitas Bawah I,com_1,PIHPS Bank Indonesia,https://www.bi.go.id/hargapangan/WebSite/TabelHarga/GetGridDataKomoditas,PIHPS backend JSON GET,1,13,34,Pasar Kramatjati,3,2025-05-01,2025-05-31,data/raw/pihps/raw_json/beras_kualitas_bawah_i/2025-05-01_2025-05-31.json,17424f3a99fdfd28d9592e989a9654349e1f891a86f00b78fca41aba984b637d,200,22,2026-09-29T11:58:23Z
Beras Kualitas Bawah I,com_1,PIHPS Bank Indonesia,https://www.bi.go.id/hargapangan/WebSite/TabelHarga/GetGridDataKomoditas,PIHPS backend JSON GET,1,13,34,Pasar Kramatjati,3,2025-06-01,2025-06-30,data/raw/pihps/raw_json/beras_kualitas_bawah_i/2025-06-01_2025-06-30.json,232620b10d798fd4229ac3eddf4158ed08040dc1acfe9e37544dd34a52c3904c,200,21,2026-09-29T11:58:25Z
Beras Kualitas Bawah I,com_1,PIHPS Bank Indonesia,https://www.bi.go.id/hargapangan/WebSite/TabelHarga/GetGridDataKomoditas,PIHPS backend JSON GET,1,13,34,Pasar Kramatjati,3,2025-07-01,2025-07-31,data/raw/pihps/raw_json/beras_kualitas_bawah_i/2025-07-01_2025-07-31.json,5bcc3b98c3a68f7f0c8cfd0d5dc7e642b2dd5968747f03c5e92c9884a33dcdea,200,23,2026-09-29T11:58:26Z
Beras Kualitas Bawah I,com_1,PIHPS Bank Indonesia,https://www.bi.go.id/hargapangan/WebSite/TabelHarga/GetGridDataKomoditas,PIHPS backend JSON GET,1,13,34,Pasar Kramatjati,3,2025-08-01,2025-08-31,data/raw/pihps/raw_json/beras_kualitas_bawah_i/2025-08-01_2025-08-31.json,91bfbe90ae8e0ed61fdcb48b3ae0c1fe5a8f2110e68211c149db3de18d281268,200,21,2026-09-29T11:58:27Z
Beras Kualitas Bawah I,com_1,PIHPS Bank Indonesia,https://www.bi.go.id/hargapangan/WebSite/TabelHarga/GetGridDataKomoditas,PIHPS backend JSON GET,1,13,34,Pasar Kramatjati,3,2025-09-01,2025-09-30,data/raw/pihps/raw_json/beras_kualitas_bawah_i/2025-09-01_2025-09-30.json,453a80c0c4d9edcf8e7bd67e21975a5d91268bcecd401a369a65809b7d4dab43,200,22,2026-09-29T11:58:28Z
Beras Kualitas Bawah I,com_1,PIHPS Bank Indonesia,https://www.bi.go.id/hargapangan/WebSite/TabelHarga/GetGridDataKomoditas,PIHPS backend JSON GET,1,13,34,Pasar Kramatjati,3,2025-10-01,2025-10-31,data/raw/pihps/raw_json/beras_kualitas_bawah_i/2025-10-01_2025-10-31.json,c499936ed832767ebc8e064d8abfd92afa7acaaead18f6516dd6c6ac79c66a41,200,23,2026-09-29T11:58:29Z
Beras Kualitas Bawah I,com_1,PIHPS Bank Indonesia,https://www.bi.go.id/hargapangan/WebSite/TabelHarga/GetGridDataKomoditas,PIHPS backend JSON GET,1,13,34,Pasar Kramatjati,3,2025-11-01,2025-11-30,data/raw/pihps/raw_json/beras_kualitas_bawah_i/2025-11-01_2025-11-30.json,353600cf193e85e34620b195a7a39d4b320bc2925bbd1df8601d8cac86c73ea4,200,20,2026-09-29T11:58:30Z
Beras Kualitas Bawah I,com_1,PIHPS Bank Indonesia,https://www.bi.go.id/hargapangan/WebSite/TabelHarga/GetGridDataKomoditas,PIHPS backend JSON GET,1,13,34,Pasar Kramatjati,3,2025-12-01,2025-12-31,data/raw/pihps/raw_json/beras_kualitas_bawah_i/2025-12-01_2025-12-31.json,ef6c3ddbe5108d19b8ff0d396f0c7042d72c0708771a1c5a2d97e22d15e5ef28,200,23,2026-09-29T11:58:32Z
Beras Kualitas Bawah I,com_1,PIHPS Bank Indonesia,https://www.bi.go.id/hargapangan/WebSite/TabelHarga/GetGridDataKomoditas,PIHPS backend JSON GET,1,13,34,Pasar Kramatjati,3,2026-01-01,2026-01-31,data/raw/pihps/raw_json/beras_kualitas_bawah_i/2026-01-01_2026-01-31.json,eb445a23eeae30d17896ec0bf1eb36e616fbd3918b628d5cc5f98a1b2dbae1bd,200,22,2026-09-29T11:58:33Z
Beras Kualitas Bawah I,com_1,PIHPS Bank Indonesia,https://www.bi.go.id/hargapangan/WebSite/TabelHarga/GetGridDataKomoditas,PIHPS backend JSON GET,1,13,34,Pasar Kramatjati,3,2026-02-01,2026-02-28,data/raw/pihps/raw_json/beras_kualitas_bawah_i/2026-02-01_2026-02-28.json,ed323fcbb1eb15d55e1718a61524f6382f8a8a249a8e277f752c6d73986d6f9b,200,20,2026-09-29T11:58:34Z
Beras Kualitas Bawah I,com_1,PIHPS Bank Indonesia,https://www.bi.go.id/hargapangan/WebSite/TabelHarga/GetGridDataKomoditas,PIHPS backend JSON GET,1,13,34,Pasar Kramatjati,3,2026-03-01,2026-03-31,data/raw/pihps/raw_json/beras_kualitas_bawah_i/2026-03-01_2026-03-31.json,75602e3cdf15696929b3d56849c73c785e27d556b3f3755d7bc83378ba634e25,200,22,2026-09-29T11:58:36Z
Beras Kualitas Bawah I,com_1,PIHPS Bank Indonesia,https://www.bi.go.id/hargapangan/WebSite/TabelHarga/GetGridDataKomoditas,PIHPS backend JSON GET,1,13,34,Pasar Kramatjati,3,2026-04-01,2026-04-30,data/raw/pihps/raw_json/beras_kualitas_bawah_i/2026-04-01_2026-04-30.json,5de5ba549bf51f45f19cb215cc0cf5929df569cda721439c89533acded216f97,200,22,2026-09-29T11:58:38Z
Beras Kualitas Bawah I,com_1,PIHPS Bank Indonesia,https://www.bi.go.id/hargapangan/WebSite/TabelHarga/GetGridDataKomoditas,PIHPS backend JSON GET,1,13,34,Pasar Kramatjati,3,2026-05-01,2026-05-31,data/raw/pihps/raw_json/beras_kualitas_bawah_i/2026-05-01_2026-05-31.json,efb0686b3796ab86ba893ea8f511adc1a8333c49523b08dcd665c9d560e32c7d,200,21,2026-09-29T11:58:41Z
Beras Kualitas Bawah I,com_1,PIHPS Bank Indonesia,https://www.bi.go.id/hargapangan/WebSite/TabelHarga/GetGridDataKomoditas,PIHPS backend JSON GET,1,13,34,Pasar Kramatjati,3,2026-06-01,2026-06-30,data/raw/pihps/raw_json/beras_kualitas_bawah_i/2026-06-01_2026-06-30.json,b834b83217e6cfa0d4db53656678ad75e160c047e6b6e4a585afa351ddf9ee70,200,22,2026-09-29T11:58:43Z
Beras Kualitas Bawah I,com_1,PIHPS Bank Indonesia,https://www.bi.go.id/hargapangan/WebSite/TabelHarga/GetGridDataKomoditas,PIHPS backend JSON GET,1,13,34,Pasar Kramatjati,3,2026-07-01,2026-07-31,data/raw/pihps/raw_json/beras_kualitas_bawah_i/2026-07-01_2026-07-31.json,3bf17643b3ad10445209d8dc46b618a9ff485871d3d65d7851a6fd588b6c5837,200,23,2026-09-29T11:58:45Z
Beras Kualitas Bawah I,com_1,PIHPS Bank Indonesia,https://www.bi.go.id/hargapangan/WebSite/TabelHarga/GetGridDataKomoditas,PIHPS backend JSON GET,1,13,34,Pasar Kramatjati,3,2026-08-01,2026-08-31,data/raw/pihps/raw_json/beras_kualitas_bawah_i/2026-08-01_2026-08-31.json,2d968e7df6693e7d17467e81fbdaee41b41045c5cada04754d7f8d6bdcd6b804,200,21,2026-09-29T11:58:47Z
Beras Kualitas Bawah I,com_1,PIHPS Bank Indonesia,https://www.bi.go.id/hargapangan/WebSite/TabelHarga/GetGridDataKomoditas,PIHPS backend JSON GET,1,13,34,Pasar Kramatjati,3,2026-09-01,2026-09-29,data/raw/pihps/raw_json/beras_kualitas_bawah_i/2026-09-01_2026-09-29.json,20a5958b81836d078d43e0bba1ad4c1c3af1ef1026a9a8e7da7cc587f6f10681,200,21,2026-09-29T11:58:50Z
Beras Kualitas Bawah II,com_2,PIHPS Bank Indonesia,https://www.bi.go.id/hargapangan/WebSite/TabelHarga/GetGridDataKomoditas,PIHPS backend JSON GET,1,13,34,Pasar Kramatjati,3,2022-01-01,2022-01-31,data/raw/pihps/raw_json/beras_kualitas_bawah_ii/2022-01-01_2022-01-31.json,d829826952707ca202a81c273b592470ddc170ec6f3f3d50b2a35f167486740a,200,21,2026-09-29T11:58:51Z
Beras Kualitas Bawah II,com_2,PIHPS Bank Indonesia,https://www.bi.go.id/hargapangan/WebSite/TabelHarga/GetGridDataKomoditas,PIHPS backend JSON GET,1,13,34,Pasar Kramatjati,3,2022-02-01,2022-02-28,data/raw/pihps/raw_json/beras_kualitas_bawah_ii/2022-02-01_2022-02-28.json,ea7b1be6580a3418f3a2663d89478f7ad966e1037db6067a386baab025d1acbb,200,20,2026-09-29T11:58:52Z
Beras Kualitas Bawah II,com_2,PIHPS Bank Indonesia,https://www.bi.go.id/hargapangan/WebSite/TabelHarga/GetGridDataKomoditas,PIHPS backend JSON GET,1,13,34,Pasar Kramatjati,3,2022-03-01,2022-03-31,data/raw/pihps/raw_json/beras_kualitas_bawah_ii/2022-03-01_2022-03-31.json,bf611d47662a753ef8dee06b85146541430a12dcb46e9e056012efe43f19ae3c,200,23,2026-09-29T11:58:53Z
Beras Kualitas Bawah II,com_2,PIHPS Bank Indonesia,https://www.bi.go.id/hargapangan/WebSite/TabelHarga/GetGridDataKomoditas,PIHPS backend JSON GET,1,13,34,Pasar Kramatjati,3,2022-04-01,2022-04-30,data/raw/pihps/raw_json/beras_kualitas_bawah_ii/2022-04-01_2022-04-30.json,19160e5b2a7e3c66dbe9f6b07ab1dcd256ded6a909ef77f53fba3c0423cc2eaa,200,21,2026-09-29T11:58:54Z
Beras Kualitas Bawah II,com_2,PIHPS Bank Indonesia,https://www.bi.go.id/hargapangan/WebSite/TabelHarga/GetGridDataKomoditas,PIHPS backend JSON GET,1,13,34,Pasar Kramatjati,3,2022-05-01,2022-05-31,data/raw/pihps/raw_json/beras_kualitas_bawah_ii/2022-05-01_2022-05-31.json,8e3ca7750e82a4e35f4f242085144a415d03b6f4f9e68817f0922dd2bc2c953e,200,22,2026-09-29T11:58:55Z
Beras Kualitas Bawah II,com_2,PIHPS Bank Indonesia,https://www.bi.go.id/hargapangan/WebSite/TabelHarga/GetGridDataKomoditas,PIHPS backend JSON GET,1,13,34,Pasar Kramatjati,3,2022-06-01,2022-06-30,data/raw/pihps/raw_json/beras_kualitas_bawah_ii/2022-06-01_2022-06-30.json,48a8668c6e2381c2b09a8caaca9356cf6855e3f57e762d5d729d07ba12e7c172,200,22,2026-09-29T11:58:56Z
Beras Kualitas Bawah II,com_2,PIHPS Bank Indonesia,https://www.bi.go.id/hargapangan/WebSite/TabelHarga/GetGridDataKomoditas,PIHPS backend JSON GET,1,13,34,Pasar Kramatjati,3,2022-07-01,2022-07-31,data/raw/pihps/raw_json/beras_kualitas_bawah_ii/2022-07-01_2022-07-31.json,831b5b26408e082430988d7a6d1d42ef866ab4c3a135ca2037ecabf88ff9b5c2,200,21,2026-09-29T11:58:57Z
Beras Kualitas Bawah II,com_2,PIHPS Bank Indonesia,https://www.bi.go.id/hargapangan/WebSite/TabelHarga/GetGridDataKomoditas,PIHPS backend JSON GET,1,13,34,Pasar Kramatjati,3,2022-08-01,2022-08-31,data/raw/pihps/raw_json/beras_kualitas_bawah_ii/2022-08-01_2022-08-31.json,d9695fd20308d6d2bdd2082a2b913be5b51efeb9b236bb49c17a489d44c960e6,200,23,2026-09-29T11:58:58Z
Beras Kualitas Bawah II,com_2,PIHPS Bank Indonesia,https://www.bi.go.id/hargapangan/WebSite/TabelHarga/GetGridDataKomoditas,PIHPS backend JSON GET,1,13,34,Pasar Kramatjati,3,2022-09-01,2022-09-30,data/raw/pihps/raw_json/beras_kualitas_bawah_ii/2022-09-01_2022-09-30.json,1ff3dcaca75bc6aec09efa28087ff57362a710bc716ed1f2c79742682e2fdea4,200,22,2026-09-29T11:59:00Z
Beras Kualitas Bawah II,com_2,PIHPS Bank Indonesia,https://www.bi.go.id/hargapangan/WebSite/TabelHarga/GetGridDataKomoditas,PIHPS backend JSON GET,1,13,34,Pasar Kramatjati,3,2022-10-01,2022-10-31,data/raw/pihps/raw_json/beras_kualitas_bawah_ii/2022-10-01_2022-10-31.json,844d5605dc0e6d9863b11e61ef20a0c89a5404702d5ee405d2ced559e5ec315a,200,21,2026-09-29T11:59:01Z
Beras Kualitas Bawah II,com_2,PIHPS Bank Indonesia,https://www.bi.go.id/hargapangan/WebSite/TabelHarga/GetGridDataKomoditas,PIHPS backend JSON GET,1,13,34,Pasar Kramatjati,3,2022-11-01,2022-11-30,data/raw/pihps/raw_json/beras_kualitas_bawah_ii/2022-11-01_2022-11-30.json,c84f3f272f1aaba123e7ee2a1c4e0f17064c91f6d2e0c0fde1863093f1be3ee9,200,22,2026-09-29T11:59:02Z
Beras Kualitas Bawah II,com_2,PIHPS Bank Indonesia,https://www.bi.go.id/hargapangan/WebSite/TabelHarga/GetGridDataKomoditas,PIHPS backend JSON GET,1,13,34,Pasar Kramatjati,3,2022-12-01,2022-12-31,data/raw/pihps/raw_json/beras_kualitas_bawah_ii/2022-12-01_2022-12-31.json,3b8b780095761e565adc7a54481969f1b1e7a7f0c71108419721305cbe5f9a09,200,22,2026-09-29T11:59:03Z
Beras Kualitas Bawah II,com_2,PIHPS Bank Indonesia,https://www.bi.go.id/hargapangan/WebSite/TabelHarga/GetGridDataKomoditas,PIHPS backend JSON GET,1,13,34,Pasar Kramatjati,3,2023-01-01,2023-01-31,data/raw/pihps/raw_json/beras_kualitas_bawah_ii/2023-01-01_2023-01-31.json,1fb9ae71ad4a1098da9fb2156e7d602242ea92a270ba8d5a68cd15338d6982c9,200,22,2026-09-29T11:59:04Z
Beras Kualitas Bawah II,com_2,PIHPS Bank Indonesia,https://www.bi.go.id/hargapangan/WebSite/TabelHarga/GetGridDataKomoditas,PIHPS backend JSON GET,1,13,34,Pasar Kramatjati,3,2023-02-01,2023-02-28,data/raw/pihps/raw_json/beras_kualitas_bawah_ii/2023-02-01_2023-02-28.json,ffebcb2eb861798f2f882ea3d01d54c326b259353ad3f47877fab6b13a3a6a71,200,20,2026-09-29T11:59:05Z
Beras Kualitas Bawah II,com_2,PIHPS Bank Indonesia,https://www.bi.go.id/hargapangan/WebSite/TabelHarga/GetGridDataKomoditas,PIHPS backend JSON GET,1,13,34,Pasar Kramatjati,3,2023-03-01,2023-03-31,data/raw/pihps/raw_json/beras_kualitas_bawah_ii/2023-03-01_2023-03-31.json,4a70b1ddb271d1869230448e6fd0da40b3d7e34354470a12c954ea6df0496676,200,23,2026-09-29T11:59:06Z
Beras Kualitas Bawah II,com_2,PIHPS Bank Indonesia,https://www.bi.go.id/hargapangan/WebSite/TabelHarga/GetGridDataKomoditas,PIHPS backend JSON GET,1,13,34,Pasar Kramatjati,3,2023-04-01,2023-04-30,data/raw/pihps/raw_json/beras_kualitas_bawah_ii/2023-04-01_2023-04-30.json,d159e64393fd031f1248af118b35925b32fe11cced2675b8a5a7dbe36a8d6cca,200,20,2026-09-29T11:59:07Z
Beras Kualitas Bawah II,com_2,PIHPS Bank Indonesia,https://www.bi.go.id/hargapangan/WebSite/TabelHarga/GetGridDataKomoditas,PIHPS backend JSON GET,1,13,34,Pasar Kramatjati,3,2023-05-01,2023-05-31,data/raw/pihps/raw_json/beras_kualitas_bawah_ii/2023-05-01_2023-05-31.json,de61313e9f7b7ff82eba3d47a8df6b84312b7fa31bc71c863546b83ae7e8ab88,200,23,2026-09-29T11:59:09Z
Beras Kualitas Bawah II,com_2,PIHPS Bank Indonesia,https://www.bi.go.id/hargapangan/WebSite/TabelHarga/GetGridDataKomoditas,PIHPS backend JSON GET,1,13,34,Pasar Kramatjati,3,2023-06-01,2023-06-30,data/raw/pihps/raw_json/beras_kualitas_bawah_ii/2023-06-01_2023-06-30.json,306cead41b841a74aedf082b691ea656bd0f231e98118a788e47b3b784b854b8,200,22,2026-09-29T11:59:10Z
Beras Kualitas Bawah II,com_2,PIHPS Bank Indonesia,https://www.bi.go.id/hargapangan/WebSite/TabelHarga/GetGridDataKomoditas,PIHPS backend JSON GET,1,13,34,Pasar Kramatjati,3,2023-07-01,2023-07-31,data/raw/pihps/raw_json/beras_kualitas_bawah_ii/2023-07-01_2023-07-31.json,51b6d0bc0895b883b65d233f9289c15dde630bdb2125d5ef2f9cb7709ea2da7e,200,21,2026-09-29T11:59:11Z
Beras Kualitas Bawah II,com_2,PIHPS Bank Indonesia,https://www.bi.go.id/hargapangan/WebSite/TabelHarga/GetGridDataKomoditas,PIHPS backend JSON GET,1,13,34,Pasar Kramatjati,3,2023-08-01,2023-08-31,data/raw/pihps/raw_json/beras_kualitas_bawah_ii/2023-08-01_2023-08-31.json,98e6e9201e91a5c3e8c1343b18b4dc5f842a660c76e2eafc872070fc8b4e2573,200,23,2026-09-29T11:59:12Z
Beras Kualitas Bawah II,com_2,PIHPS Bank Indonesia,https://www.bi.go.id/hargapangan/WebSite/TabelHarga/GetGridDataKomoditas,PIHPS backend JSON GET,1,13,34,Pasar Kramatjati,3,2023-09-01,2023-09-30,data/raw/pihps/raw_json/beras_kualitas_bawah_ii/2023-09-01_2023-09-30.json,8aece161dfcdd02b2afe35ce0600f620f903c83c9ede4757edb38eb89560bf9e,200,21,2026-09-29T11:59:13Z
Beras Kualitas Bawah II,com_2,PIHPS Bank Indonesia,https://www.bi.go.id/hargapangan/WebSite/TabelHarga/GetGridDataKomoditas,PIHPS backend JSON GET,1,13,34,Pasar Kramatjati,3,2023-10-01,2023-10-31,data/raw/pihps/raw_json/beras_kualitas_bawah_ii/2023-10-01_2023-10-31.json,0f1b95f3910a90a0dd7170644fe901072bb291b38bffc9f78a64b570fedb3c85,200,22,2026-09-29T11:59:14Z
Beras Kualitas Bawah II,com_2,PIHPS Bank Indonesia,https://www.bi.go.id/hargapangan/WebSite/TabelHarga/GetGridDataKomoditas,PIHPS backend JSON GET,1,13,34,Pasar Kramatjati,3,2023-11-01,2023-11-30,data/raw/pihps/raw_json/beras_kualitas_bawah_ii/2023-11-01_2023-11-30.json,6a1ef2ed197105a2e70216c1fae343d65b0e5975d4570e52fdaf1aa0ebf45243,200,22,2026-09-29T11:59:15Z
Beras Kualitas Bawah II,com_2,PIHPS Bank Indonesia,https://www.bi.go.id/hargapangan/WebSite/TabelHarga/GetGridDataKomoditas,PIHPS backend JSON GET,1,13,34,Pasar Kramatjati,3,2023-12-01,2023-12-31,data/raw/pihps/raw_json/beras_kualitas_bawah_ii/2023-12-01_2023-12-31.json,2e0520af66cfef4ff8c623c28c348a6ba43dd08aab142f820b308a44973dadde,200,21,2026-09-29T11:59:16Z
Beras Kualitas Bawah II,com_2,PIHPS Bank Indonesia,https://www.bi.go.id/hargapangan/WebSite/TabelHarga/GetGridDataKomoditas,PIHPS backend JSON GET,1,13,34,Pasar Kramatjati,3,2024-01-01,2024-01-31,data/raw/pihps/raw_json/beras_kualitas_bawah_ii/2024-01-01_2024-01-31.json,bee120fbfb1bca7eea926a553f53acdba502e44db5b6627742cd0f13ba62950c,200,23,2026-09-29T11:59:17Z
Beras Kualitas Bawah II,com_2,PIHPS Bank Indonesia,https://www.bi.go.id/hargapangan/WebSite/TabelHarga/GetGridDataKomoditas,PIHPS backend JSON GET,1,13,34,Pasar Kramatjati,3,2024-02-01,2024-02-29,data/raw/pihps/raw_json/beras_kualitas_bawah_ii/2024-02-01_2024-02-29.json,f0e9d9045a57c81096ec56b7117af9efc5febe923a218996933efd4591698a0c,200,21,2026-09-29T11:59:18Z
Beras Kualitas Bawah II,com_2,PIHPS Bank Indonesia,https://www.bi.go.id/hargapangan/WebSite/TabelHarga/GetGridDataKomoditas,PIHPS backend JSON GET,1,13,34,Pasar Kramatjati,3,2024-03-01,2024-03-31,data/raw/pihps/raw_json/beras_kualitas_bawah_ii/2024-03-01_2024-03-31.json,8fff0e5b7340db95d248f908334926f3a1745651cde7a3ad36d74b9c2a446bd4,200,21,2026-09-29T11:59:19Z
Beras Kualitas Bawah II,com_2,PIHPS Bank Indonesia,https://www.bi.go.id/hargapangan/WebSite/TabelHarga/GetGridDataKomoditas,PIHPS backend JSON GET,1,13,34,Pasar Kramatjati,3,2024-04-01,2024-04-30,data/raw/pihps/raw_json/beras_kualitas_bawah_ii/2024-04-01_2024-04-30.json,e97ac68670796c7d7f522cd9aebcdefa957b5c73b6b0d7aaccace4bb9929356b,200,22,2026-09-29T11:59:20Z
Beras Kualitas Bawah II,com_2,PIHPS Bank Indonesia,https://www.bi.go.id/hargapangan/WebSite/TabelHarga/GetGridDataKomoditas,PIHPS backend JSON GET,1,13,34,Pasar Kramatjati,3,2024-05-01,2024-05-31,data/raw/pihps/raw_json/beras_kualitas_bawah_ii/2024-05-01_2024-05-31.json,f24bdc1156aa0f78f976a575cdf1f5df3ae948ee1c9dbe7569f5f5ecdff75058,200,23,2026-09-29T11:59:21Z
Beras Kualitas Bawah II,com_2,PIHPS Bank Indonesia,https://www.bi.go.id/hargapangan/WebSite/TabelHarga/GetGridDataKomoditas,PIHPS backend JSON GET,1,13,34,Pasar Kramatjati,3,2024-06-01,2024-06-30,data/raw/pihps/raw_json/beras_kualitas_bawah_ii/2024-06-01_2024-06-30.json,8aa0ea638d5ac3bb3dc7783d94172d5320b399087c38d89ccd8c47ecf3ce7916,200,20,2026-09-29T11:59:22Z
Beras Kualitas Bawah II,com_2,PIHPS Bank Indonesia,https://www.bi.go.id/hargapangan/WebSite/TabelHarga/GetGridDataKomoditas,PIHPS backend JSON GET,1,13,34,Pasar Kramatjati,3,2024-07-01,2024-07-31,data/raw/pihps/raw_json/beras_kualitas_bawah_ii/2024-07-01_2024-07-31.json,f5844a96677403dcb8a5c0495fde10ca10b9b9967b04f84e7f4ab970db2131aa,200,23,2026-09-29T11:59:24Z
Beras Kualitas Bawah II,com_2,PIHPS Bank Indonesia,https://www.bi.go.id/hargapangan/WebSite/TabelHarga/GetGridDataKomoditas,PIHPS backend JSON GET,1,13,34,Pasar Kramatjati,3,2024-08-01,2024-08-31,data/raw/pihps/raw_json/beras_kualitas_bawah_ii/2024-08-01_2024-08-31.json,8b7c429ce586607c0f225700f383880d43e375a495eb15f4dab3b7cf06702cc7,200,22,2026-09-29T11:59:25Z
Beras Kualitas Bawah II,com_2,PIHPS Bank Indonesia,https://www.bi.go.id/hargapangan/WebSite/TabelHarga/GetGridDataKomoditas,PIHPS backend JSON GET,1,13,34,Pasar Kramatjati,3,2024-09-01,2024-09-30,data/raw/pihps/raw_json/beras_kualitas_bawah_ii/2024-09-01_2024-09-30.json,5967a79b5e887b2e65a38d8cfc55a332b4d511b175a393069e8bbb4ed1919ab1,200,21,2026-09-29T11:59:26Z
Beras Kualitas Bawah II,com_2,PIHPS Bank Indonesia,https://www.bi.go.id/hargapangan/WebSite/TabelHarga/GetGridDataKomoditas,PIHPS backend JSON GET,1,13,34,Pasar Kramatjati,3,2024-10-01,2024-10-31,data/raw/pihps/raw_json/beras_kualitas_bawah_ii/2024-10-01_2024-10-31.json,f9835a6c94157b1c2a0246e9afbe5749c0d12a5e61909b6fef07a3d538370687,200,23,2026-09-29T11:59:27Z
Beras Kualitas Bawah II,com_2,PIHPS Bank Indonesia,https://www.bi.go.id/hargapangan/WebSite/TabelHarga/GetGridDataKomoditas,PIHPS backend JSON GET,1,13,34,Pasar Kramatjati,3,2024-11-01,2024-11-30,data/raw/pihps/raw_json/beras_kualitas_bawah_ii/2024-11-01_2024-11-30.json,27521855ed0a363e59c439ca094842703290f943e2f4057a5e374fd36b539c00,200,21,2026-09-29T11:59:28Z
Beras Kualitas Bawah II,com_2,PIHPS Bank Indonesia,https://www.bi.go.id/hargapangan/WebSite/TabelHarga/GetGridDataKomoditas,PIHPS backend JSON GET,1,13,34,Pasar Kramatjati,3,2024-12-01,2024-12-31,data/raw/pihps/raw_json/beras_kualitas_bawah_ii/2024-12-01_2024-12-31.json,bf057846ef3d6ba1572f43424ed079376116e419a50a5b8e69653b67bbb4f4ad,200,22,2026-09-29T11:59:29Z
Beras Kualitas Bawah II,com_2,PIHPS Bank Indonesia,https://www.bi.go.id/hargapangan/WebSite/TabelHarga/GetGridDataKomoditas,PIHPS backend JSON GET,1,13,34,Pasar Kramatjati,3,2025-01-01,2025-01-31,data/raw/pihps/raw_json/beras_kualitas_bawah_ii/2025-01-01_2025-01-31.json,07441ee34b570b440798c2f4c51285b5316a7619c7d17432b6f82232bd068403,200,23,2026-09-29T11:59:30Z
Beras Kualitas Bawah II,com_2,PIHPS Bank Indonesia,https://www.bi.go.id/hargapangan/WebSite/TabelHarga/GetGridDataKomoditas,PIHPS backend JSON GET,1,13,34,Pasar Kramatjati,3,2025-02-01,2025-02-28,data/raw/pihps/raw_json/beras_kualitas_bawah_ii/2025-02-01_2025-02-28.json,fd6c724a672785dd01e113d98c706128a07f494be86e4b8a3b189264e87f19b0,200,20,2026-09-29T11:59:31Z
Beras Kualitas Bawah II,com_2,PIHPS Bank Indonesia,https://www.bi.go.id/hargapangan/WebSite/TabelHarga/GetGridDataKomoditas,PIHPS backend JSON GET,1,13,34,Pasar Kramatjati,3,2025-03-01,2025-03-31,data/raw/pihps/raw_json/beras_kualitas_bawah_ii/2025-03-01_2025-03-31.json,2b1df44fc0878a6d4018402616020869565bb7da25424519890d8dbe0a561660,200,21,2026-09-29T11:59:32Z
Beras Kualitas Bawah II,com_2,PIHPS Bank Indonesia,https://www.bi.go.id/hargapangan/WebSite/TabelHarga/GetGridDataKomoditas,PIHPS backend JSON GET,1,13,34,Pasar Kramatjati,3,2025-04-01,2025-04-30,data/raw/pihps/raw_json/beras_kualitas_bawah_ii/2025-04-01_2025-04-30.json,f6d6e253eb10d82ca0f0f271f94f35478d2279bd78d95390c4aacf9bb6324d6a,200,22,2026-09-29T11:59:33Z
Beras Kualitas Bawah II,com_2,PIHPS Bank Indonesia,https://www.bi.go.id/hargapangan/WebSite/TabelHarga/GetGridDataKomoditas,PIHPS backend JSON GET,1,13,34,Pasar Kramatjati,3,2025-05-01,2025-05-31,data/raw/pihps/raw_json/beras_kualitas_bawah_ii/2025-05-01_2025-05-31.json,000c7fe57cffcc4a40ad7423ae12b4ee5c8aff3f877e1e7da6d7743b8fd1044f,200,22,2026-09-29T11:59:34Z
Beras Kualitas Bawah II,com_2,PIHPS Bank Indonesia,https://www.bi.go.id/hargapangan/WebSite/TabelHarga/GetGridDataKomoditas,PIHPS backend JSON GET,1,13,34,Pasar Kramatjati,3,2025-06-01,2025-06-30,data/raw/pihps/raw_json/beras_kualitas_bawah_ii/2025-06-01_2025-06-30.json,b7bc0f853d516b0e937eb8137a009857fd59f61a36d6d3d6c816b891e97c566f,200,21,2026-09-29T11:59:35Z
Beras Kualitas Bawah II,com_2,PIHPS Bank Indonesia,https://www.bi.go.id/hargapangan/WebSite/TabelHarga/GetGridDataKomoditas,PIHPS backend JSON GET,1,13,34,Pasar Kramatjati,3,2025-07-01,2025-07-31,data/raw/pihps/raw_json/beras_kualitas_bawah_ii/2025-07-01_2025-07-31.json,2f47fd7a213f872ae5f28e870587688b7e596ed3a15184c2a74741ea54f26690,200,23,2026-09-29T11:59:36Z
Beras Kualitas Bawah II,com_2,PIHPS Bank Indonesia,https://www.bi.go.id/hargapangan/WebSite/TabelHarga/GetGridDataKomoditas,PIHPS backend JSON GET,1,13,34,Pasar Kramatjati,3,2025-08-01,2025-08-31,data/raw/pihps/raw_json/beras_kualitas_bawah_ii/2025-08-01_2025-08-31.json,768e088c0f0f7490585d5833d60ea0c5319a9530bbaca0d576805c51befd7c5c,200,21,2026-09-29T11:59:38Z
Beras Kualitas Bawah II,com_2,PIHPS Bank Indonesia,https://www.bi.go.id/hargapangan/WebSite/TabelHarga/GetGridDataKomoditas,PIHPS backend JSON GET,1,13,34,Pasar Kramatjati,3,2025-09-01,2025-09-30,data/raw/pihps/raw_json/beras_kualitas_bawah_ii/2025-09-01_2025-09-30.json,14f5c026549d91149c576052d34a44139c0a124be1f968e91b46a0d50c2037e3,200,22,2026-09-29T11:59:39Z
Beras Kualitas Bawah II,com_2,PIHPS Bank Indonesia,https://www.bi.go.id/hargapangan/WebSite/TabelHarga/GetGridDataKomoditas,PIHPS backend JSON GET,1,13,34,Pasar Kramatjati,3,2025-10-01,2025-10-31,data/raw/pihps/raw_json/beras_kualitas_bawah_ii/2025-10-01_2025-10-31.json,57419220b5e781e18f4c7be0b5518854bf54cc9133fabe0ff5393ac84e60f1bc,200,23,2026-09-29T11:59:40Z
Beras Kualitas Bawah II,com_2,PIHPS Bank Indonesia,https://www.bi.go.id/hargapangan/WebSite/TabelHarga/GetGridDataKomoditas,PIHPS backend JSON GET,1,13,34,Pasar Kramatjati,3,2025-11-01,2025-11-30,data/raw/pihps/raw_json/beras_kualitas_bawah_ii/2025-11-01_2025-11-30.json,c39bdf555473cf8d395c8859406b62c4d42e288c35d82cfd9a856b54805988e4,200,20,2026-09-29T11:59:41Z
Beras Kualitas Bawah II,com_2,PIHPS Bank Indonesia,https://www.bi.go.id/hargapangan/WebSite/TabelHarga/GetGridDataKomoditas,PIHPS backend JSON GET,1,13,34,Pasar Kramatjati,3,2025-12-01,2025-12-31,data/raw/pihps/raw_json/beras_kualitas_bawah_ii/2025-12-01_2025-12-31.json,544973b4bed1a0396d1293bdac3c5a54048567d939fe38131a42b5c86c917b96,200,23,2026-09-29T11:59:42Z
Beras Kualitas Bawah II,com_2,PIHPS Bank Indonesia,https://www.bi.go.id/hargapangan/WebSite/TabelHarga/GetGridDataKomoditas,PIHPS backend JSON GET,1,13,34,Pasar Kramatjati,3,2026-01-01,2026-01-31,data/raw/pihps/raw_json/beras_kualitas_bawah_ii/2026-01-01_2026-01-31.json,ce1c56b36a4d4ea190fab15518f96e981c17f4a8496a10c007971c42ab33e6f3,200,22,2026-09-29T11:59:43Z
Beras Kualitas Bawah II,com_2,PIHPS Bank Indonesia,https://www.bi.go.id/hargapangan/WebSite/TabelHarga/GetGridDataKomoditas,PIHPS backend JSON GET,1,13,34,Pasar Kramatjati,3,2026-02-01,2026-02-28,data/raw/pihps/raw_json/beras_kualitas_bawah_ii/2026-02-01_2026-02-28.json,3645bbc36d160ce5b4f2c8590b3fccf570ad3ac47c5f9a19ebf9f9651b64e5b4,200,20,2026-09-29T11:59:44Z
Beras Kualitas Bawah II,com_2,PIHPS Bank Indonesia,https://www.bi.go.id/hargapangan/WebSite/TabelHarga/GetGridDataKomoditas,PIHPS backend JSON GET,1,13,34,Pasar Kramatjati,3,2026-03-01,2026-03-31,data/raw/pihps/raw_json/beras_kualitas_bawah_ii/2026-03-01_2026-03-31.json,64b1f45c56c78daf605aa698940e16ff9a8dae13728795d294d2b20e7870dee0,200,22,2026-09-29T11:59:46Z
Beras Kualitas Bawah II,com_2,PIHPS Bank Indonesia,https://www.bi.go.id/hargapangan/WebSite/TabelHarga/GetGridDataKomoditas,PIHPS backend JSON GET,1,13,34,Pasar Kramatjati,3,2026-04-01,2026-04-30,data/raw/pihps/raw_json/beras_kualitas_bawah_ii/2026-04-01_2026-04-30.json,a226e9047d8c33773dcdc58b1fb661b8168475eb617517bdde7c072e173515e3,200,22,2026-09-29T11:59:49Z
Beras Kualitas Bawah II,com_2,PIHPS Bank Indonesia,https://www.bi.go.id/hargapangan/WebSite/TabelHarga/GetGridDataKomoditas,PIHPS backend JSON GET,1,13,34,Pasar Kramatjati,3,2026-05-01,2026-05-31,data/raw/pihps/raw_json/beras_kualitas_bawah_ii/2026-05-01_2026-05-31.json,361704d50d8e525138efba7642c0a968900427eecd9caf58fce05dc56cdb46d6,200,21,2026-09-29T11:59:51Z
Beras Kualitas Bawah II,com_2,PIHPS Bank Indonesia,https://www.bi.go.id/hargapangan/WebSite/TabelHarga/GetGridDataKomoditas,PIHPS backend JSON GET,1,13,34,Pasar Kramatjati,3,2026-06-01,2026-06-30,data/raw/pihps/raw_json/beras_kualitas_bawah_ii/2026-06-01_2026-06-30.json,260a53acf21bd3259d245693e047cefa180bf17b90806d7446242e88d91e6fee,200,22,2026-09-29T11:59:53Z
Beras Kualitas Bawah II,com_2,PIHPS Bank Indonesia,https://www.bi.go.id/hargapangan/WebSite/TabelHarga/GetGridDataKomoditas,PIHPS backend JSON GET,1,13,34,Pasar Kramatjati,3,2026-07-01,2026-07-31,data/raw/pihps/raw_json/beras_kualitas_bawah_ii/2026-07-01_2026-07-31.json,42e86ae6da08526075e693953bc23cf99e61953579a99494828831cd2964b295,200,23,2026-09-29T11:59:55Z
Beras Kualitas Bawah II,com_2,PIHPS Bank Indonesia,https://www.bi.go.id/hargapangan/WebSite/TabelHarga/GetGridDataKomoditas,PIHPS backend JSON GET,1,13,34,Pasar Kramatjati,3,2026-08-01,2026-08-31,data/raw/pihps/raw_json/beras_kualitas_bawah_ii/2026-08-01_2026-08-31.json,d4ffb89f41db8f171581ff50d0a3d8134a1a6a69e6d7a46b39ab9a0082e20890,200,21,2026-09-29T11:59:57Z
Beras Kualitas Bawah II,com_2,PIHPS Bank Indonesia,https://www.bi.go.id/hargapangan/WebSite/TabelHarga/GetGridDataKomoditas,PIHPS backend JSON GET,1,13,34,Pasar Kramatjati,3,2026-09-01,2026-09-29,data/raw/pihps/raw_json/beras_kualitas_bawah_ii/2026-09-01_2026-09-29.json,e239eb70393f565bada10af8767b05603f6ff9b78afc439f73134f1015b831cd,200,21,2026-09-29T11:59:59Z
Beras Kualitas Medium I,com_3,PIHPS Bank Indonesia,https://www.bi.go.id/hargapangan/WebSite/TabelHarga/GetGridDataKomoditas,PIHPS backend JSON GET,1,13,34,Pasar Kramatjati,3,2022-01-01,2022-01-31,data/raw/pihps/raw_json/beras_kualitas_medium_i/2022-01-01_2022-01-31.json,66145c10dc8e98d7a790ebd2ff7ed33025043f16f96446456f0104df4dc6ac17,200,21,2026-09-29T12:00:00Z
Beras Kualitas Medium I,com_3,PIHPS Bank Indonesia,https://www.bi.go.id/hargapangan/WebSite/TabelHarga/GetGridDataKomoditas,PIHPS backend JSON GET,1,13,34,Pasar Kramatjati,3,2022-02-01,2022-02-28,data/raw/pihps/raw_json/beras_kualitas_medium_i/2022-02-01_2022-02-28.json,f45556017793257cf0b954495d692da9d364cfc110ef5b94c93ea9f0ba783820,200,20,2026-09-29T12:00:01Z
Beras Kualitas Medium I,com_3,PIHPS Bank Indonesia,https://www.bi.go.id/hargapangan/WebSite/TabelHarga/GetGridDataKomoditas,PIHPS backend JSON GET,1,13,34,Pasar Kramatjati,3,2022-03-01,2022-03-31,data/raw/pihps/raw_json/beras_kualitas_medium_i/2022-03-01_2022-03-31.json,1cdbdd14d0ba15a010c16f406cfe805f91b7e70cf66a48b2012e068b6f9504b5,200,23,2026-09-29T12:00:02Z
Beras Kualitas Medium I,com_3,PIHPS Bank Indonesia,https://www.bi.go.id/hargapangan/WebSite/TabelHarga/GetGridDataKomoditas,PIHPS backend JSON GET,1,13,34,Pasar Kramatjati,3,2022-04-01,2022-04-30,data/raw/pihps/raw_json/beras_kualitas_medium_i/2022-04-01_2022-04-30.json,0f21d7c4e790f51b7983ec74aae02222596b3aa87ec95ae61e9b78c9b1612afb,200,21,2026-09-29T12:00:03Z
Beras Kualitas Medium I,com_3,PIHPS Bank Indonesia,https://www.bi.go.id/hargapangan/WebSite/TabelHarga/GetGridDataKomoditas,PIHPS backend JSON GET,1,13,34,Pasar Kramatjati,3,2022-05-01,2022-05-31,data/raw/pihps/raw_json/beras_kualitas_medium_i/2022-05-01_2022-05-31.json,25949081096b1a94d1aad5f8f7e8c0b3978abd7c59f243063d493769ff720316,200,22,2026-09-29T12:00:04Z
Beras Kualitas Medium I,com_3,PIHPS Bank Indonesia,https://www.bi.go.id/hargapangan/WebSite/TabelHarga/GetGridDataKomoditas,PIHPS backend JSON GET,1,13,34,Pasar Kramatjati,3,2022-06-01,2022-06-30,data/raw/pihps/raw_json/beras_kualitas_medium_i/2022-06-01_2022-06-30.json,1c286cb6aa0900a5b3be3542a17b99123c65c35e5ffafdce98a179dba207402c,200,22,2026-09-29T12:00:05Z
Beras Kualitas Medium I,com_3,PIHPS Bank Indonesia,https://www.bi.go.id/hargapangan/WebSite/TabelHarga/GetGridDataKomoditas,PIHPS backend JSON GET,1,13,34,Pasar Kramatjati,3,2022-07-01,2022-07-31,data/raw/pihps/raw_json/beras_kualitas_medium_i/2022-07-01_2022-07-31.json,33bfc1cb920d042b2bb2cd904b173bc46cc0a5691c31a5d5fecf7fe9bccbd328,200,21,2026-09-29T12:00:07Z
Beras Kualitas Medium I,com_3,PIHPS Bank Indonesia,https://www.bi.go.id/hargapangan/WebSite/TabelHarga/GetGridDataKomoditas,PIHPS backend JSON GET,1,13,34,Pasar Kramatjati,3,2022-08-01,2022-08-31,data/raw/pihps/raw_json/beras_kualitas_medium_i/2022-08-01_2022-08-31.json,7962ff73a3576c980e30441056cee35f7919a588148dc8fb2a6cf9e0355f7d82,200,23,2026-09-29T12:00:08Z
Beras Kualitas Medium I,com_3,PIHPS Bank Indonesia,https://www.bi.go.id/hargapangan/WebSite/TabelHarga/GetGridDataKomoditas,PIHPS backend JSON GET,1,13,34,Pasar Kramatjati,3,2022-09-01,2022-09-30,data/raw/pihps/raw_json/beras_kualitas_medium_i/2022-09-01_2022-09-30.json,7c4677a4988a2a68319a10ac65f8445e49161be400133e4ad12e7cc79000c4bb,200,22,2026-09-29T12:00:09Z
Beras Kualitas Medium I,com_3,PIHPS Bank Indonesia,https://www.bi.go.id/hargapangan/WebSite/TabelHarga/GetGridDataKomoditas,PIHPS backend JSON GET,1,13,34,Pasar Kramatjati,3,2022-10-01,2022-10-31,data/raw/pihps/raw_json/beras_kualitas_medium_i/2022-10-01_2022-10-31.json,0e79c8e6e280a5367da1b8b71266326408a8bb0554a046845689611eda4284da,200,21,2026-09-29T12:00:10Z
Beras Kualitas Medium I,com_3,PIHPS Bank Indonesia,https://www.bi.go.id/hargapangan/WebSite/TabelHarga/GetGridDataKomoditas,PIHPS backend JSON GET,1,13,34,Pasar Kramatjati,3,2022-11-01,2022-11-30,data/raw/pihps/raw_json/beras_kualitas_medium_i/2022-11-01_2022-11-30.json,daceca42545756aacb55fd72a57655c5f8947f533e1550b39a287b7c54a92ade,200,22,2026-09-29T12:00:11Z
Beras Kualitas Medium I,com_3,PIHPS Bank Indonesia,https://www.bi.go.id/hargapangan/WebSite/TabelHarga/GetGridDataKomoditas,PIHPS backend JSON GET,1,13,34,Pasar Kramatjati,3,2022-12-01,2022-12-31,data/raw/pihps/raw_json/beras_kualitas_medium_i/2022-12-01_2022-12-31.json,fa82fbd29da3f573954b9e7d43cb1d1899344b216d1ab9105a12dc316f9c7d48,200,22,2026-09-29T12:00:12Z
Beras Kualitas Medium I,com_3,PIHPS Bank Indonesia,https://www.bi.go.id/hargapangan/WebSite/TabelHarga/GetGridDataKomoditas,PIHPS backend JSON GET,1,13,34,Pasar Kramatjati,3,2023-01-01,2023-01-31,data/raw/pihps/raw_json/beras_kualitas_medium_i/2023-01-01_2023-01-31.json,2174eb413224d297d7bd0f05ca865a740c65ba244ef40a54bf30626624a6887b,200,22,2026-09-29T12:00:13Z
Beras Kualitas Medium I,com_3,PIHPS Bank Indonesia,https://www.bi.go.id/hargapangan/WebSite/TabelHarga/GetGridDataKomoditas,PIHPS backend JSON GET,1,13,34,Pasar Kramatjati,3,2023-02-01,2023-02-28,data/raw/pihps/raw_json/beras_kualitas_medium_i/2023-02-01_2023-02-28.json,9afd301d4750e8d90a07339e9fb291598f911a3ad546c0e69dafe664fb250533,200,20,2026-09-29T12:00:14Z
Beras Kualitas Medium I,com_3,PIHPS Bank Indonesia,https://www.bi.go.id/hargapangan/WebSite/TabelHarga/GetGridDataKomoditas,PIHPS backend JSON GET,1,13,34,Pasar Kramatjati,3,2023-03-01,2023-03-31,data/raw/pihps/raw_json/beras_kualitas_medium_i/2023-03-01_2023-03-31.json,81d46fd9527fa9faf3931064a8203cabecc6e5b544cbc8225a8b73b0ba4f3cd3,200,23,2026-09-29T12:00:15Z
Beras Kualitas Medium I,com_3,PIHPS Bank Indonesia,https://www.bi.go.id/hargapangan/WebSite/TabelHarga/GetGridDataKomoditas,PIHPS backend JSON GET,1,13,34,Pasar Kramatjati,3,2023-04-01,2023-04-30,data/raw/pihps/raw_json/beras_kualitas_medium_i/2023-04-01_2023-04-30.json,33061067d37c42f0b758362867e131ccf4a3f755b53a832634f0f4cc93bb2a67,200,20,2026-09-29T12:00:16Z
Beras Kualitas Medium I,com_3,PIHPS Bank Indonesia,https://www.bi.go.id/hargapangan/WebSite/TabelHarga/GetGridDataKomoditas,PIHPS backend JSON GET,1,13,34,Pasar Kramatjati,3,2023-05-01,2023-05-31,data/raw/pihps/raw_json/beras_kualitas_medium_i/2023-05-01_2023-05-31.json,05f2b9adb554a718e24d61d8828a71461057989e891c68bdbefc3fce4e122aa1,200,23,2026-09-29T12:00:17Z
Beras Kualitas Medium I,com_3,PIHPS Bank Indonesia,https://www.bi.go.id/hargapangan/WebSite/TabelHarga/GetGridDataKomoditas,PIHPS backend JSON GET,1,13,34,Pasar Kramatjati,3,2023-06-01,2023-06-30,data/raw/pihps/raw_json/beras_kualitas_medium_i/2023-06-01_2023-06-30.json,91fa3337fa4b41e2fdce62f3f02acff9305cefa1fb04069600d67b94dd217a67,200,22,2026-09-29T12:00:18Z
Beras Kualitas Medium I,com_3,PIHPS Bank Indonesia,https://www.bi.go.id/hargapangan/WebSite/TabelHarga/GetGridDataKomoditas,PIHPS backend JSON GET,1,13,34,Pasar Kramatjati,3,2023-07-01,2023-07-31,data/raw/pihps/raw_json/beras_kualitas_medium_i/2023-07-01_2023-07-31.json,f5af20de55329c75792cbaa2cd2d96e1da9788f67340ad96c205c814c93fb959,200,21,2026-09-29T12:00:19Z
Beras Kualitas Medium I,com_3,PIHPS Bank Indonesia,https://www.bi.go.id/hargapangan/WebSite/TabelHarga/GetGridDataKomoditas,PIHPS backend JSON GET,1,13,34,Pasar Kramatjati,3,2023-08-01,2023-08-31,data/raw/pihps/raw_json/beras_kualitas_medium_i/2023-08-01_2023-08-31.json,ce9834a0184cff9f5d23bf642b33f69b5ac1ac7c6d21a96aba862d3082f0de45,200,23,2026-09-29T12:00:21Z
Beras Kualitas Medium I,com_3,PIHPS Bank Indonesia,https://www.bi.go.id/hargapangan/WebSite/TabelHarga/GetGridDataKomoditas,PIHPS backend JSON GET,1,13,34,Pasar Kramatjati,3,2023-09-01,2023-09-30,data/raw/pihps/raw_json/beras_kualitas_medium_i/2023-09-01_2023-09-30.json,fb387d56e47f31d23dd63790244c5d69db6df554dd0e7847aa4a3313a35b2a6a,200,21,2026-09-29T12:00:22Z
Beras Kualitas Medium I,com_3,PIHPS Bank Indonesia,https://www.bi.go.id/hargapangan/WebSite/TabelHarga/GetGridDataKomoditas,PIHPS backend JSON GET,1,13,34,Pasar Kramatjati,3,2023-10-01,2023-10-31,data/raw/pihps/raw_json/beras_kualitas_medium_i/2023-10-01_2023-10-31.json,2c3d3ddbc4213b95c8d54b51406da526357add2d01e6edbe97e961ecd8ccbc83,200,22,2026-09-29T12:00:23Z
Beras Kualitas Medium I,com_3,PIHPS Bank Indonesia,https://www.bi.go.id/hargapangan/WebSite/TabelHarga/GetGridDataKomoditas,PIHPS backend JSON GET,1,13,34,Pasar Kramatjati,3,2023-11-01,2023-11-30,data/raw/pihps/raw_json/beras_kualitas_medium_i/2023-11-01_2023-11-30.json,c88f7f5133ab78d892facc03c99cb2e2ecdcdcae42b9eff1ec7bef05b2d6f167,200,22,2026-09-29T12:00:24Z
Beras Kualitas Medium I,com_3,PIHPS Bank Indonesia,https://www.bi.go.id/hargapangan/WebSite/TabelHarga/GetGridDataKomoditas,PIHPS backend JSON GET,1,13,34,Pasar Kramatjati,3,2023-12-01,2023-12-31,data/raw/pihps/raw_json/beras_kualitas_medium_i/2023-12-01_2023-12-31.json,e950d5f2c81027f91a2e22d7f69e3e54a38c1295bb06f8d71522485287b27f6c,200,21,2026-09-29T12:00:25Z
Beras Kualitas Medium I,com_3,PIHPS Bank Indonesia,https://www.bi.go.id/hargapangan/WebSite/TabelHarga/GetGridDataKomoditas,PIHPS backend JSON GET,1,13,34,Pasar Kramatjati,3,2024-01-01,2024-01-31,data/raw/pihps/raw_json/beras_kualitas_medium_i/2024-01-01_2024-01-31.json,6affc519b5df72e2c6846f7cc1c1c52d2fc8054dd1f22bc155f524991016b919,200,23,2026-09-29T12:00:26Z
Beras Kualitas Medium I,com_3,PIHPS Bank Indonesia,https://www.bi.go.id/hargapangan/WebSite/TabelHarga/GetGridDataKomoditas,PIHPS backend JSON GET,1,13,34,Pasar Kramatjati,3,2024-02-01,2024-02-29,data/raw/pihps/raw_json/beras_kualitas_medium_i/2024-02-01_2024-02-29.json,d5b000bcfddc63f9f5157b3d51952d1d694989db7118add8ad9d5a00b6f44402,200,21,2026-09-29T12:00:27Z
Beras Kualitas Medium I,com_3,PIHPS Bank Indonesia,https://www.bi.go.id/hargapangan/WebSite/TabelHarga/GetGridDataKomoditas,PIHPS backend JSON GET,1,13,34,Pasar Kramatjati,3,2024-03-01,2024-03-31,data/raw/pihps/raw_json/beras_kualitas_medium_i/2024-03-01_2024-03-31.json,7f06ba09876c08c0871b142ffbadc41c430acba4fb9a21e552a0531d5e243fe3,200,21,2026-09-29T12:00:28Z
Beras Kualitas Medium I,com_3,PIHPS Bank Indonesia,https://www.bi.go.id/hargapangan/WebSite/TabelHarga/GetGridDataKomoditas,PIHPS backend JSON GET,1,13,34,Pasar Kramatjati,3,2024-04-01,2024-04-30,data/raw/pihps/raw_json/beras_kualitas_medium_i/2024-04-01_2024-04-30.json,2d521de7b37f604ed81749b7bc59ea945c5581ed06b4a387290a0c7bff3d5070,200,22,2026-09-29T12:00:29Z
Beras Kualitas Medium I,com_3,PIHPS Bank Indonesia,https://www.bi.go.id/hargapangan/WebSite/TabelHarga/GetGridDataKomoditas,PIHPS backend JSON GET,1,13,34,Pasar Kramatjati,3,2024-05-01,2024-05-31,data/raw/pihps/raw_json/beras_kualitas_medium_i/2024-05-01_2024-05-31.json,3627b1faf6eeeac6ce2ff5340a698069ce042302ab387cb82f433e25a7ec374d,200,23,2026-09-29T12:00:30Z
Beras Kualitas Medium I,com_3,PIHPS Bank Indonesia,https://www.bi.go.id/hargapangan/WebSite/TabelHarga/GetGridDataKomoditas,PIHPS backend JSON GET,1,13,34,Pasar Kramatjati,3,2024-06-01,2024-06-30,data/raw/pihps/raw_json/beras_kualitas_medium_i/2024-06-01_2024-06-30.json,04468771ad963d461c25cca71640204860e65efc807859e4fab5c6f09cbdb627,200,20,2026-09-29T12:00:31Z
Beras Kualitas Medium I,com_3,PIHPS Bank Indonesia,https://www.bi.go.id/hargapangan/WebSite/TabelHarga/GetGridDataKomoditas,PIHPS backend JSON GET,1,13,34,Pasar Kramatjati,3,2024-07-01,2024-07-31,data/raw/pihps/raw_json/beras_kualitas_medium_i/2024-07-01_2024-07-31.json,9e63b8d81dcc8260cec432264d87844e4ce2c731e46db93e40a2b99cbdbe75f1,200,23,2026-09-29T12:00:32Z
Beras Kualitas Medium I,com_3,PIHPS Bank Indonesia,https://www.bi.go.id/hargapangan/WebSite/TabelHarga/GetGridDataKomoditas,PIHPS backend JSON GET,1,13,34,Pasar Kramatjati,3,2024-08-01,2024-08-31,data/raw/pihps/raw_json/beras_kualitas_medium_i/2024-08-01_2024-08-31.json,e1f823f1decb9e571cf08cff0ca3d8920e79dfa41745188b71a9088930f0aa39,200,22,2026-09-29T12:00:33Z
Beras Kualitas Medium I,com_3,PIHPS Bank Indonesia,https://www.bi.go.id/hargapangan/WebSite/TabelHarga/GetGridDataKomoditas,PIHPS backend JSON GET,1,13,34,Pasar Kramatjati,3,2024-09-01,2024-09-30,data/raw/pihps/raw_json/beras_kualitas_medium_i/2024-09-01_2024-09-30.json,f18cedac3f005e6fe93803a4125c3e9212e60957871297d4b10ecd987642bf79,200,21,2026-09-29T12:00:35Z
Beras Kualitas Medium I,com_3,PIHPS Bank Indonesia,https://www.bi.go.id/hargapangan/WebSite/TabelHarga/GetGridDataKomoditas,PIHPS backend JSON GET,1,13,34,Pasar Kramatjati,3,2024-10-01,2024-10-31,data/raw/pihps/raw_json/beras_kualitas_medium_i/2024-10-01_2024-10-31.json,a3da535cfecd2718b7f85a907462afa0d87b020966b7e8d8894d3b4ad446ad04,200,23,2026-09-29T12:00:36Z
Beras Kualitas Medium I,com_3,PIHPS Bank Indonesia,https://www.bi.go.id/hargapangan/WebSite/TabelHarga/GetGridDataKomoditas,PIHPS backend JSON GET,1,13,34,Pasar Kramatjati,3,2024-11-01,2024-11-30,data/raw/pihps/raw_json/beras_kualitas_medium_i/2024-11-01_2024-11-30.json,56caef5c1dfae1827922f96a0beb7611b5dd2077b43f43d800d1071fc0e22e5c,200,21,2026-09-29T12:00:37Z
Beras Kualitas Medium I,com_3,PIHPS Bank Indonesia,https://www.bi.go.id/hargapangan/WebSite/TabelHarga/GetGridDataKomoditas,PIHPS backend JSON GET,1,13,34,Pasar Kramatjati,3,2024-12-01,2024-12-31,data/raw/pihps/raw_json/beras_kualitas_medium_i/2024-12-01_2024-12-31.json,880f82cd64c5e6ff84e084a34670fb5cf43b7e6c13b213a7397c39dd21a5eb82,200,22,2026-09-29T12:00:39Z
Beras Kualitas Medium I,com_3,PIHPS Bank Indonesia,https://www.bi.go.id/hargapangan/WebSite/TabelHarga/GetGridDataKomoditas,PIHPS backend JSON GET,1,13,34,Pasar Kramatjati,3,2025-01-01,2025-01-31,data/raw/pihps/raw_json/beras_kualitas_medium_i/2025-01-01_2025-01-31.json,df681067dacdc0f9a0b542e03c2c1c7ee482f7bd99309a54256017c68581c4bf,200,23,2026-09-29T12:00:40Z
Beras Kualitas Medium I,com_3,PIHPS Bank Indonesia,https://www.bi.go.id/hargapangan/WebSite/TabelHarga/GetGridDataKomoditas,PIHPS backend JSON GET,1,13,34,Pasar Kramatjati,3,2025-02-01,2025-02-28,data/raw/pihps/raw_json/beras_kualitas_medium_i/2025-02-01_2025-02-28.json,70f3e07c10b6fa08fbdd1d7dbb4c9c02d5fd9d2b59453815b61fb5a21d247dfe,200,20,2026-09-29T12:00:41Z
Beras Kualitas Medium I,com_3,PIHPS Bank Indonesia,https://www.bi.go.id/hargapangan/WebSite/TabelHarga/GetGridDataKomoditas,PIHPS backend JSON GET,1,13,34,Pasar Kramatjati,3,2025-03-01,2025-03-31,data/raw/pihps/raw_json/beras_kualitas_medium_i/2025-03-01_2025-03-31.json,7d6d092896ead541b14687a03e957f2c9964c72a5abceb998139e808dded5310,200,21,2026-09-29T12:00:42Z
Beras Kualitas Medium I,com_3,PIHPS Bank Indonesia,https://www.bi.go.id/hargapangan/WebSite/TabelHarga/GetGridDataKomoditas,PIHPS backend JSON GET,1,13,34,Pasar Kramatjati,3,2025-04-01,2025-04-30,data/raw/pihps/raw_json/beras_kualitas_medium_i/2025-04-01_2025-04-30.json,4881f0df1c8063511babb8aa386d9540afacef2fede973218233ad51e4fc5d3f,200,22,2026-09-29T12:00:43Z
Beras Kualitas Medium I,com_3,PIHPS Bank Indonesia,https://www.bi.go.id/hargapangan/WebSite/TabelHarga/GetGridDataKomoditas,PIHPS backend JSON GET,1,13,34,Pasar Kramatjati,3,2025-05-01,2025-05-31,data/raw/pihps/raw_json/beras_kualitas_medium_i/2025-05-01_2025-05-31.json,5a2af1efef7f4ce87d8cb4f8e53f2a8a4c6492c42ff2effb822523caa00591f6,200,22,2026-09-29T12:00:44Z
Beras Kualitas Medium I,com_3,PIHPS Bank Indonesia,https://www.bi.go.id/hargapangan/WebSite/TabelHarga/GetGridDataKomoditas,PIHPS backend JSON GET,1,13,34,Pasar Kramatjati,3,2025-06-01,2025-06-30,data/raw/pihps/raw_json/beras_kualitas_medium_i/2025-06-01_2025-06-30.json,099a9ef14bc1a9304b81bcdd95ad19168da4c586425c631172ac9ec64315ab56,200,21,2026-09-29T12:00:45Z
Beras Kualitas Medium I,com_3,PIHPS Bank Indonesia,https://www.bi.go.id/hargapangan/WebSite/TabelHarga/GetGridDataKomoditas,PIHPS backend JSON GET,1,13,34,Pasar Kramatjati,3,2025-07-01,2025-07-31,data/raw/pihps/raw_json/beras_kualitas_medium_i/2025-07-01_2025-07-31.json,a9c01aff3d8242a46299c68482aeee5d43b4560dd133b82010c24ae34a2d3d1d,200,23,2026-09-29T12:00:46Z
Beras Kualitas Medium I,com_3,PIHPS Bank Indonesia,https://www.bi.go.id/hargapangan/WebSite/TabelHarga/GetGridDataKomoditas,PIHPS backend JSON GET,1,13,34,Pasar Kramatjati,3,2025-08-01,2025-08-31,data/raw/pihps/raw_json/beras_kualitas_medium_i/2025-08-01_2025-08-31.json,d4d2c69732f59e0b0ecdb81b2347331ed953e5091f6a0648b4fb88c1a17c9bf6,200,21,2026-09-29T12:00:47Z
Beras Kualitas Medium I,com_3,PIHPS Bank Indonesia,https://www.bi.go.id/hargapangan/WebSite/TabelHarga/GetGridDataKomoditas,PIHPS backend JSON GET,1,13,34,Pasar Kramatjati,3,2025-09-01,2025-09-30,data/raw/pihps/raw_json/beras_kualitas_medium_i/2025-09-01_2025-09-30.json,9909cc46e812ccc274d7e7d7283180884494016cc46000a77dfe73fa4393423f,200,22,2026-09-29T12:00:48Z
Beras Kualitas Medium I,com_3,PIHPS Bank Indonesia,https://www.bi.go.id/hargapangan/WebSite/TabelHarga/GetGridDataKomoditas,PIHPS backend JSON GET,1,13,34,Pasar Kramatjati,3,2025-10-01,2025-10-31,data/raw/pihps/raw_json/beras_kualitas_medium_i/2025-10-01_2025-10-31.json,914d7e31cf6699ffc6f74e1f81cfe1e030a75045a405146ca40a36c2715dcaf4,200,23,2026-09-29T12:00:49Z
Beras Kualitas Medium I,com_3,PIHPS Bank Indonesia,https://www.bi.go.id/hargapangan/WebSite/TabelHarga/GetGridDataKomoditas,PIHPS backend JSON GET,1,13,34,Pasar Kramatjati,3,2025-11-01,2025-11-30,data/raw/pihps/raw_json/beras_kualitas_medium_i/2025-11-01_2025-11-30.json,e7cefda1087d99a3af11cc0d51c7ab28c7ad06535b90fa835b2465cd4049d412,200,20,2026-09-29T12:00:51Z
Beras Kualitas Medium I,com_3,PIHPS Bank Indonesia,https://www.bi.go.id/hargapangan/WebSite/TabelHarga/GetGridDataKomoditas,PIHPS backend JSON GET,1,13,34,Pasar Kramatjati,3,2025-12-01,2025-12-31,data/raw/pihps/raw_json/beras_kualitas_medium_i/2025-12-01_2025-12-31.json,7ae114eea5eb3230c2359c0d8cf4f805737e4177b735a06e2f081e780c6f09a1,200,23,2026-09-29T12:00:52Z
Beras Kualitas Medium I,com_3,PIHPS Bank Indonesia,https://www.bi.go.id/hargapangan/WebSite/TabelHarga/GetGridDataKomoditas,PIHPS backend JSON GET,1,13,34,Pasar Kramatjati,3,2026-01-01,2026-01-31,data/raw/pihps/raw_json/beras_kualitas_medium_i/2026-01-01_2026-01-31.json,eea727c400cc712fbe9991c504f0888a26c6571d8d61e5c30b83869493857f59,200,22,2026-09-29T12:00:53Z
Beras Kualitas Medium I,com_3,PIHPS Bank Indonesia,https://www.bi.go.id/hargapangan/WebSite/TabelHarga/GetGridDataKomoditas,PIHPS backend JSON GET,1,13,34,Pasar Kramatjati,3,2026-02-01,2026-02-28,data/raw/pihps/raw_json/beras_kualitas_medium_i/2026-02-01_2026-02-28.json,5f3ca16208f826d9c9d5579c0b6965f0458b0ac0e00f702e9598cead52e4ee92,200,20,2026-09-29T12:00:54Z
Beras Kualitas Medium I,com_3,PIHPS Bank Indonesia,https://www.bi.go.id/hargapangan/WebSite/TabelHarga/GetGridDataKomoditas,PIHPS backend JSON GET,1,13,34,Pasar Kramatjati,3,2026-03-01,2026-03-31,data/raw/pihps/raw_json/beras_kualitas_medium_i/2026-03-01_2026-03-31.json,93f633dd55fe3cb443fd0a4cb388de20006d27a313b9212d3b7d7b0e5ebdf381,200,22,2026-09-29T12:00:56Z
Beras Kualitas Medium I,com_3,PIHPS Bank Indonesia,https://www.bi.go.id/hargapangan/WebSite/TabelHarga/GetGridDataKomoditas,PIHPS backend JSON GET,1,13,34,Pasar Kramatjati,3,2026-04-01,2026-04-30,data/raw/pihps/raw_json/beras_kualitas_medium_i/2026-04-01_2026-04-30.json,1c0bf15188bfa812089aaba46230f7f671a42499eb4596069562411f7e17e92e,200,22,2026-09-29T12:00:58Z
Beras Kualitas Medium I,com_3,PIHPS Bank Indonesia,https://www.bi.go.id/hargapangan/WebSite/TabelHarga/GetGridDataKomoditas,PIHPS backend JSON GET,1,13,34,Pasar Kramatjati,3,2026-05-01,2026-05-31,data/raw/pihps/raw_json/beras_kualitas_medium_i/2026-05-01_2026-05-31.json,01b91b792b523ae72b2a4d94c818e3bbb7f0e78fca0905865cf3b4e18e5d02f8,200,21,2026-09-29T12:01:00Z
Beras Kualitas Medium I,com_3,PIHPS Bank Indonesia,https://www.bi.go.id/hargapangan/WebSite/TabelHarga/GetGridDataKomoditas,PIHPS backend JSON GET,1,13,34,Pasar Kramatjati,3,2026-06-01,2026-06-30,data/raw/pihps/raw_json/beras_kualitas_medium_i/2026-06-01_2026-06-30.json,c84f26ad84fa5d71f5fdb9eb0a57ca0da73ae7257cd9c401039b85137820e0a2,200,22,2026-09-29T12:01:02Z
Beras Kualitas Medium I,com_3,PIHPS Bank Indonesia,https://www.bi.go.id/hargapangan/WebSite/TabelHarga/GetGridDataKomoditas,PIHPS backend JSON GET,1,13,34,Pasar Kramatjati,3,2026-07-01,2026-07-31,data/raw/pihps/raw_json/beras_kualitas_medium_i/2026-07-01_2026-07-31.json,a2b975fcd0ff943c1061f76cf79e6f5aa4480dbfa428089aeb29cd98cb59e125,200,23,2026-09-29T12:01:04Z
Beras Kualitas Medium I,com_3,PIHPS Bank Indonesia,https://www.bi.go.id/hargapangan/WebSite/TabelHarga/GetGridDataKomoditas,PIHPS backend JSON GET,1,13,34,Pasar Kramatjati,3,2026-08-01,2026-08-31,data/raw/pihps/raw_json/beras_kualitas_medium_i/2026-08-01_2026-08-31.json,dcb854d596b2b6f66584e1573348d04a764a760617d0445d701c8a953b6ed416,200,21,2026-09-29T12:01:06Z
Beras Kualitas Medium I,com_3,PIHPS Bank Indonesia,https://www.bi.go.id/hargapangan/WebSite/TabelHarga/GetGridDataKomoditas,PIHPS backend JSON GET,1,13,34,Pasar Kramatjati,3,2026-09-01,2026-09-29,data/raw/pihps/raw_json/beras_kualitas_medium_i/2026-09-01_2026-09-29.json,9ab7facf58533fd06868faa538784cc76acef5ebf0d1db0e02e7659361cc4c4f,200,21,2026-09-29T12:01:08Z
Beras Kualitas Medium II,com_4,PIHPS Bank Indonesia,https://www.bi.go.id/hargapangan/WebSite/TabelHarga/GetGridDataKomoditas,PIHPS backend JSON GET,1,13,34,Pasar Kramatjati,3,2022-01-01,2022-01-31,data/raw/pihps/raw_json/beras_kualitas_medium_ii/2022-01-01_2022-01-31.json,3322fcd77b7f43a5be0631464a7484da3f402c63415f51271ac2da1d9adb4cf0,200,21,2026-09-29T12:01:09Z
Beras Kualitas Medium II,com_4,PIHPS Bank Indonesia,https://www.bi.go.id/hargapangan/WebSite/TabelHarga/GetGridDataKomoditas,PIHPS backend JSON GET,1,13,34,Pasar Kramatjati,3,2022-02-01,2022-02-28,data/raw/pihps/raw_json/beras_kualitas_medium_ii/2022-02-01_2022-02-28.json,959bb54c50bd3077da9248a242e7793e5d5b23354da5cb7824541d10511a4d45,200,20,2026-09-29T12:01:10Z
Beras Kualitas Medium II,com_4,PIHPS Bank Indonesia,https://www.bi.go.id/hargapangan/WebSite/TabelHarga/GetGridDataKomoditas,PIHPS backend JSON GET,1,13,34,Pasar Kramatjati,3,2022-03-01,2022-03-31,data/raw/pihps/raw_json/beras_kualitas_medium_ii/2022-03-01_2022-03-31.json,dca8910241c2d49a09925258dfa75346334365d6fa578e4a144d6351f8e12912,200,23,2026-09-29T12:01:12Z
Beras Kualitas Medium II,com_4,PIHPS Bank Indonesia,https://www.bi.go.id/hargapangan/WebSite/TabelHarga/GetGridDataKomoditas,PIHPS backend JSON GET,1,13,34,Pasar Kramatjati,3,2022-04-01,2022-04-30,data/raw/pihps/raw_json/beras_kualitas_medium_ii/2022-04-01_2022-04-30.json,fe6575e85aff5d992a30b67e9cd76ac2f5c67dff9efe50615353da56eb60e667,200,21,2026-09-29T12:01:13Z
Beras Kualitas Medium II,com_4,PIHPS Bank Indonesia,https://www.bi.go.id/hargapangan/WebSite/TabelHarga/GetGridDataKomoditas,PIHPS backend JSON GET,1,13,34,Pasar Kramatjati,3,2022-05-01,2022-05-31,data/raw/pihps/raw_json/beras_kualitas_medium_ii/2022-05-01_2022-05-31.json,08225a6a8a841769783bab46545574fbcd4abbb2fc28b2c12a4013435257e086,200,22,2026-09-29T12:01:14Z
Beras Kualitas Medium II,com_4,PIHPS Bank Indonesia,https://www.bi.go.id/hargapangan/WebSite/TabelHarga/GetGridDataKomoditas,PIHPS backend JSON GET,1,13,34,Pasar Kramatjati,3,2022-06-01,2022-06-30,data/raw/pihps/raw_json/beras_kualitas_medium_ii/2022-06-01_2022-06-30.json,4e7aa263e3bf2b2811de31bb67f541a2508ce0c2093507da0f58014680c60acc,200,22,2026-09-29T12:01:15Z
Beras Kualitas Medium II,com_4,PIHPS Bank Indonesia,https://www.bi.go.id/hargapangan/WebSite/TabelHarga/GetGridDataKomoditas,PIHPS backend JSON GET,1,13,34,Pasar Kramatjati,3,2022-07-01,2022-07-31,data/raw/pihps/raw_json/beras_kualitas_medium_ii/2022-07-01_2022-07-31.json,9090ce037cf0ff0a3cfca48518ab549eaf0d7a3ade1d95a9ce885dda6e2721e3,200,21,2026-09-29T12:01:16Z
Beras Kualitas Medium II,com_4,PIHPS Bank Indonesia,https://www.bi.go.id/hargapangan/WebSite/TabelHarga/GetGridDataKomoditas,PIHPS backend JSON GET,1,13,34,Pasar Kramatjati,3,2022-08-01,2022-08-31,data/raw/pihps/raw_json/beras_kualitas_medium_ii/2022-08-01_2022-08-31.json,471c220cf38fa87037908ed3b82e7a533222be7bef199a7a3fe970952a7ebdc0,200,23,2026-09-29T12:01:17Z
Beras Kualitas Medium II,com_4,PIHPS Bank Indonesia,https://www.bi.go.id/hargapangan/WebSite/TabelHarga/GetGridDataKomoditas,PIHPS backend JSON GET,1,13,34,Pasar Kramatjati,3,2022-09-01,2022-09-30,data/raw/pihps/raw_json/beras_kualitas_medium_ii/2022-09-01_2022-09-30.json,443589b66b0a7e6d3924db9b0f5c9f16873a8c1d5e8420b460d80e22d0efac74,200,22,2026-09-29T12:01:18Z
Beras Kualitas Medium II,com_4,PIHPS Bank Indonesia,https://www.bi.go.id/hargapangan/WebSite/TabelHarga/GetGridDataKomoditas,PIHPS backend JSON GET,1,13,34,Pasar Kramatjati,3,2022-10-01,2022-10-31,data/raw/pihps/raw_json/beras_kualitas_medium_ii/2022-10-01_2022-10-31.json,1874bcf1beb78439d4c889ffc6df5822e80a48403ebe02cc1d8e4fd6d1c1792f,200,21,2026-09-29T12:01:19Z
Beras Kualitas Medium II,com_4,PIHPS Bank Indonesia,https://www.bi.go.id/hargapangan/WebSite/TabelHarga/GetGridDataKomoditas,PIHPS backend JSON GET,1,13,34,Pasar Kramatjati,3,2022-11-01,2022-11-30,data/raw/pihps/raw_json/beras_kualitas_medium_ii/2022-11-01_2022-11-30.json,c681e4e12a49cf5e3fa625f63fed53bbe2fb1005a9219017b51e5d68a7ae58de,200,22,2026-09-29T12:01:20Z
Beras Kualitas Medium II,com_4,PIHPS Bank Indonesia,https://www.bi.go.id/hargapangan/WebSite/TabelHarga/GetGridDataKomoditas,PIHPS backend JSON GET,1,13,34,Pasar Kramatjati,3,2022-12-01,2022-12-31,data/raw/pihps/raw_json/beras_kualitas_medium_ii/2022-12-01_2022-12-31.json,fffe805c4b32be75c72334d5ca48317ca4f98f69f0a838925527e8c37eaf7e34,200,22,2026-09-29T12:01:21Z
Beras Kualitas Medium II,com_4,PIHPS Bank Indonesia,https://www.bi.go.id/hargapangan/WebSite/TabelHarga/GetGridDataKomoditas,PIHPS backend JSON GET,1,13,34,Pasar Kramatjati,3,2023-01-01,2023-01-31,data/raw/pihps/raw_json/beras_kualitas_medium_ii/2023-01-01_2023-01-31.json,99b1b65b8a66dc2b94ec3cf7b373efcb06fda501b76ef95a4082bac00148485b,200,22,2026-09-29T12:01:22Z
Beras Kualitas Medium II,com_4,PIHPS Bank Indonesia,https://www.bi.go.id/hargapangan/WebSite/TabelHarga/GetGridDataKomoditas,PIHPS backend JSON GET,1,13,34,Pasar Kramatjati,3,2023-02-01,2023-02-28,data/raw/pihps/raw_json/beras_kualitas_medium_ii/2023-02-01_2023-02-28.json,c6aaad6c590e0bc5cc1dbf58fef933378cfe19ff8f548442d11f109b819768da,200,20,2026-09-29T12:01:23Z
Beras Kualitas Medium II,com_4,PIHPS Bank Indonesia,https://www.bi.go.id/hargapangan/WebSite/TabelHarga/GetGridDataKomoditas,PIHPS backend JSON GET,1,13,34,Pasar Kramatjati,3,2023-03-01,2023-03-31,data/raw/pihps/raw_json/beras_kualitas_medium_ii/2023-03-01_2023-03-31.json,54b6e955d4e851316345306015091245392195d12f3be8565cbd242ee387aaef,200,23,2026-09-29T12:01:24Z
Beras Kualitas Medium II,com_4,PIHPS Bank Indonesia,https://www.bi.go.id/hargapangan/WebSite/TabelHarga/GetGridDataKomoditas,PIHPS backend JSON GET,1,13,34,Pasar Kramatjati,3,2023-04-01,2023-04-30,data/raw/pihps/raw_json/beras_kualitas_medium_ii/2023-04-01_2023-04-30.json,1eca4f0d9f185fc9c4372eb14812ce124ae15663692b1c067dc84dd9e179b1f2,200,20,2026-09-29T12:01:25Z
Beras Kualitas Medium II,com_4,PIHPS Bank Indonesia,https://www.bi.go.id/hargapangan/WebSite/TabelHarga/GetGridDataKomoditas,PIHPS backend JSON GET,1,13,34,Pasar Kramatjati,3,2023-05-01,2023-05-31,data/raw/pihps/raw_json/beras_kualitas_medium_ii/2023-05-01_2023-05-31.json,b70e4a00c1ca15499e9e73385d357b7900fa95467c1ffe48a7c8de7b5984ff34,200,23,2026-09-29T12:01:27Z
Beras Kualitas Medium II,com_4,PIHPS Bank Indonesia,https://www.bi.go.id/hargapangan/WebSite/TabelHarga/GetGridDataKomoditas,PIHPS backend JSON GET,1,13,34,Pasar Kramatjati,3,2023-06-01,2023-06-30,data/raw/pihps/raw_json/beras_kualitas_medium_ii/2023-06-01_2023-06-30.json,118257755aa22132c3c9ee943e9808f113657aa1208736dc30e1c36c77ce4c68,200,22,2026-09-29T12:01:28Z
Beras Kualitas Medium II,com_4,PIHPS Bank Indonesia,https://www.bi.go.id/hargapangan/WebSite/TabelHarga/GetGridDataKomoditas,PIHPS backend JSON GET,1,13,34,Pasar Kramatjati,3,2023-07-01,2023-07-31,data/raw/pihps/raw_json/beras_kualitas_medium_ii/2023-07-01_2023-07-31.json,3df88a0c80dcac398fc6918176c58df0bea2ab12955e9176b5bb00c2d55ddd82,200,21,2026-09-29T12:01:29Z
Beras Kualitas Medium II,com_4,PIHPS Bank Indonesia,https://www.bi.go.id/hargapangan/WebSite/TabelHarga/GetGridDataKomoditas,PIHPS backend JSON GET,1,13,34,Pasar Kramatjati,3,2023-08-01,2023-08-31,data/raw/pihps/raw_json/beras_kualitas_medium_ii/2023-08-01_2023-08-31.json,4955596b8fd876b4e3c86e0ad84f479f77047d53b21b5530fcb2d321e6209e30,200,23,2026-09-29T12:01:30Z
Beras Kualitas Medium II,com_4,PIHPS Bank Indonesia,https://www.bi.go.id/hargapangan/WebSite/TabelHarga/GetGridDataKomoditas,PIHPS backend JSON GET,1,13,34,Pasar Kramatjati,3,2023-09-01,2023-09-30,data/raw/pihps/raw_json/beras_kualitas_medium_ii/2023-09-01_2023-09-30.json,a3ab93e46455f5783b54fa2c70d51f98d98b49ea2e1cb569ba4294f526f989f3,200,21,2026-09-29T12:01:31Z
Beras Kualitas Medium II,com_4,PIHPS Bank Indonesia,https://www.bi.go.id/hargapangan/WebSite/TabelHarga/GetGridDataKomoditas,PIHPS backend JSON GET,1,13,34,Pasar Kramatjati,3,2023-10-01,2023-10-31,data/raw/pihps/raw_json/beras_kualitas_medium_ii/2023-10-01_2023-10-31.json,b6ed4b87ce76b5e528f07ac7582b6597f237a0c0d87a576f3a19e9418a9a99dd,200,22,2026-09-29T12:01:32Z
Beras Kualitas Medium II,com_4,PIHPS Bank Indonesia,https://www.bi.go.id/hargapangan/WebSite/TabelHarga/GetGridDataKomoditas,PIHPS backend JSON GET,1,13,34,Pasar Kramatjati,3,2023-11-01,2023-11-30,data/raw/pihps/raw_json/beras_kualitas_medium_ii/2023-11-01_2023-11-30.json,7240e7e5cd862f3abf80d693ab538ed8be41bab7a796989a94813c447cf98402,200,22,2026-09-29T12:01:33Z
Beras Kualitas Medium II,com_4,PIHPS Bank Indonesia,https://www.bi.go.id/hargapangan/WebSite/TabelHarga/GetGridDataKomoditas,PIHPS backend JSON GET,1,13,34,Pasar Kramatjati,3,2023-12-01,2023-12-31,data/raw/pihps/raw_json/beras_kualitas_medium_ii/2023-12-01_2023-12-31.json,3bb274d345c7aa1b882b217d781e9666bdc6b4a0c1d4fc1f44d486f1a7d4de44,200,21,2026-09-29T12:01:34Z
Beras Kualitas Medium II,com_4,PIHPS Bank Indonesia,https://www.bi.go.id/hargapangan/WebSite/TabelHarga/GetGridDataKomoditas,PIHPS backend JSON GET,1,13,34,Pasar Kramatjati,3,2024-01-01,2024-01-31,data/raw/pihps/raw_json/beras_kualitas_medium_ii/2024-01-01_2024-01-31.json,dfb9ffd2202844545503fe01bb6cad1786108e96e2306d0b156924f12b292a5c,200,23,2026-09-29T12:01:35Z
Beras Kualitas Medium II,com_4,PIHPS Bank Indonesia,https://www.bi.go.id/hargapangan/WebSite/TabelHarga/GetGridDataKomoditas,PIHPS backend JSON GET,1,13,34,Pasar Kramatjati,3,2024-02-01,2024-02-29,data/raw/pihps/raw_json/beras_kualitas_medium_ii/2024-02-01_2024-02-29.json,54184894ad4473787ffd5ce22ed9dad5c19d532f5d17942ac353779fe6d25b08,200,21,2026-09-29T12:01:36Z
Beras Kualitas Medium II,com_4,PIHPS Bank Indonesia,https://www.bi.go.id/hargapangan/WebSite/TabelHarga/GetGridDataKomoditas,PIHPS backend JSON GET,1,13,34,Pasar Kramatjati,3,2024-03-01,2024-03-31,data/raw/pihps/raw_json/beras_kualitas_medium_ii/2024-03-01_2024-03-31.json,b5f5461ec79968afe8fde0f60cfe05c14bc4ba52f12fc1abf1297bf1e1969821,200,21,2026-09-29T12:01:37Z
Beras Kualitas Medium II,com_4,PIHPS Bank Indonesia,https://www.bi.go.id/hargapangan/WebSite/TabelHarga/GetGridDataKomoditas,PIHPS backend JSON GET,1,13,34,Pasar Kramatjati,3,2024-04-01,2024-04-30,data/raw/pihps/raw_json/beras_kualitas_medium_ii/2024-04-01_2024-04-30.json,0be488dd0dc348e85038b3b35cab1cd9d109d6e3efc194a6c208b95ae62f17bb,200,22,2026-09-29T12:01:38Z
Beras Kualitas Medium II,com_4,PIHPS Bank Indonesia,https://www.bi.go.id/hargapangan/WebSite/TabelHarga/GetGridDataKomoditas,PIHPS backend JSON GET,1,13,34,Pasar Kramatjati,3,2024-05-01,2024-05-31,data/raw/pihps/raw_json/beras_kualitas_medium_ii/2024-05-01_2024-05-31.json,a7a351c65db6e2e5e94162af101240fc41a33b135adbc07a08b901f88eeca072,200,23,2026-09-29T12:01:40Z
Beras Kualitas Medium II,com_4,PIHPS Bank Indonesia,https://www.bi.go.id/hargapangan/WebSite/TabelHarga/GetGridDataKomoditas,PIHPS backend JSON GET,1,13,34,Pasar Kramatjati,3,2024-06-01,2024-06-30,data/raw/pihps/raw_json/beras_kualitas_medium_ii/2024-06-01_2024-06-30.json,d5ede042be3acfa2d2c775e43e60ae843869cbbe99aabd776eb3c397801385bd,200,20,2026-09-29T12:01:41Z
Beras Kualitas Medium II,com_4,PIHPS Bank Indonesia,https://www.bi.go.id/hargapangan/WebSite/TabelHarga/GetGridDataKomoditas,PIHPS backend JSON GET,1,13,34,Pasar Kramatjati,3,2024-07-01,2024-07-31,data/raw/pihps/raw_json/beras_kualitas_medium_ii/2024-07-01_2024-07-31.json,2185bfef8884c2ebfe787d14722bedbb83dea58e0909e5387fab995561a37c55,200,23,2026-09-29T12:01:42Z
Beras Kualitas Medium II,com_4,PIHPS Bank Indonesia,https://www.bi.go.id/hargapangan/WebSite/TabelHarga/GetGridDataKomoditas,PIHPS backend JSON GET,1,13,34,Pasar Kramatjati,3,2024-08-01,2024-08-31,data/raw/pihps/raw_json/beras_kualitas_medium_ii/2024-08-01_2024-08-31.json,5cf32adb4e3cb963b59ec7d8b56daedb2f8f50c745b45f36c4befa0346486000,200,22,2026-09-29T12:01:43Z
Beras Kualitas Medium II,com_4,PIHPS Bank Indonesia,https://www.bi.go.id/hargapangan/WebSite/TabelHarga/GetGridDataKomoditas,PIHPS backend JSON GET,1,13,34,Pasar Kramatjati,3,2024-09-01,2024-09-30,data/raw/pihps/raw_json/beras_kualitas_medium_ii/2024-09-01_2024-09-30.json,3b153295d4b9cf424388f4f314cae8cf0cc574f3d78c27af44ecb0ef4f8f2f55,200,21,2026-09-29T12:01:44Z
Beras Kualitas Medium II,com_4,PIHPS Bank Indonesia,https://www.bi.go.id/hargapangan/WebSite/TabelHarga/GetGridDataKomoditas,PIHPS backend JSON GET,1,13,34,Pasar Kramatjati,3,2024-10-01,2024-10-31,data/raw/pihps/raw_json/beras_kualitas_medium_ii/2024-10-01_2024-10-31.json,4cc826a9070dc94bbf6a24606f9bf560fe5d50b2bab6808cee6a33764cbfad6b,200,23,2026-09-29T12:01:45Z
Beras Kualitas Medium II,com_4,PIHPS Bank Indonesia,https://www.bi.go.id/hargapangan/WebSite/TabelHarga/GetGridDataKomoditas,PIHPS backend JSON GET,1,13,34,Pasar Kramatjati,3,2024-11-01,2024-11-30,data/raw/pihps/raw_json/beras_kualitas_medium_ii/2024-11-01_2024-11-30.json,9fa660bbb32fc3efd3e11543b02f2f4d223016fdda51f99767e09fa6ded72da2,200,21,2026-09-29T12:01:46Z
Beras Kualitas Medium II,com_4,PIHPS Bank Indonesia,https://www.bi.go.id/hargapangan/WebSite/TabelHarga/GetGridDataKomoditas,PIHPS backend JSON GET,1,13,34,Pasar Kramatjati,3,2024-12-01,2024-12-31,data/raw/pihps/raw_json/beras_kualitas_medium_ii/2024-12-01_2024-12-31.json,318f32d9c93f326cc456d9fabae0941e0927d6edd5161361cb513aeaaecb92f6,200,22,2026-09-29T12:01:47Z
Beras Kualitas Medium II,com_4,PIHPS Bank Indonesia,https://www.bi.go.id/hargapangan/WebSite/TabelHarga/GetGridDataKomoditas,PIHPS backend JSON GET,1,13,34,Pasar Kramatjati,3,2025-01-01,2025-01-31,data/raw/pihps/raw_json/beras_kualitas_medium_ii/2025-01-01_2025-01-31.json,c3744f6a5f15230863c04a0b2ca43997b35da9148df53820376e3738e9e7fef8,200,23,2026-09-29T12:01:49Z
Beras Kualitas Medium II,com_4,PIHPS Bank Indonesia,https://www.bi.go.id/hargapangan/WebSite/TabelHarga/GetGridDataKomoditas,PIHPS backend JSON GET,1,13,34,Pasar Kramatjati,3,2025-02-01,2025-02-28,data/raw/pihps/raw_json/beras_kualitas_medium_ii/2025-02-01_2025-02-28.json,983533073c407a13cfa247a1f64d3d44a6e9754194a46336023dbe604bd40f4b,200,20,2026-09-29T12:01:50Z
Beras Kualitas Medium II,com_4,PIHPS Bank Indonesia,https://www.bi.go.id/hargapangan/WebSite/TabelHarga/GetGridDataKomoditas,PIHPS backend JSON GET,1,13,34,Pasar Kramatjati,3,2025-03-01,2025-03-31,data/raw/pihps/raw_json/beras_kualitas_medium_ii/2025-03-01_2025-03-31.json,c222dd6b758cfb8a578e777e975568f7ac05f9aa65a3af05eff07ca567ed9dd7,200,21,2026-09-29T12:01:51Z
Beras Kualitas Medium II,com_4,PIHPS Bank Indonesia,https://www.bi.go.id/hargapangan/WebSite/TabelHarga/GetGridDataKomoditas,PIHPS backend JSON GET,1,13,34,Pasar Kramatjati,3,2025-04-01,2025-04-30,data/raw/pihps/raw_json/beras_kualitas_medium_ii/2025-04-01_2025-04-30.json,7294068f45e7bc95b5af54f6144445211450b28f36e333cfe3383ffc9f62fcc5,200,22,2026-09-29T12:01:52Z
Beras Kualitas Medium II,com_4,PIHPS Bank Indonesia,https://www.bi.go.id/hargapangan/WebSite/TabelHarga/GetGridDataKomoditas,PIHPS backend JSON GET,1,13,34,Pasar Kramatjati,3,2025-05-01,2025-05-31,data/raw/pihps/raw_json/beras_kualitas_medium_ii/2025-05-01_2025-05-31.json,9338ab7e4b5944f69bb0ecc13125cace774e447660263d86980545e53ba26e77,200,22,2026-09-29T12:01:53Z
Beras Kualitas Medium II,com_4,PIHPS Bank Indonesia,https://www.bi.go.id/hargapangan/WebSite/TabelHarga/GetGridDataKomoditas,PIHPS backend JSON GET,1,13,34,Pasar Kramatjati,3,2025-06-01,2025-06-30,data/raw/pihps/raw_json/beras_kualitas_medium_ii/2025-06-01_2025-06-30.json,247a7af773a004f54299db76674f446e365e671140f8ca8e87ec357edbf3235f,200,21,2026-09-29T12:01:54Z
Beras Kualitas Medium II,com_4,PIHPS Bank Indonesia,https://www.bi.go.id/hargapangan/WebSite/TabelHarga/GetGridDataKomoditas,PIHPS backend JSON GET,1,13,34,Pasar Kramatjati,3,2025-07-01,2025-07-31,data/raw/pihps/raw_json/beras_kualitas_medium_ii/2025-07-01_2025-07-31.json,82526ea3ebaa60df169247e8f084e8ff21d4649dc2a5e19c5e8649854fc51532,200,23,2026-09-29T12:01:55Z
Beras Kualitas Medium II,com_4,PIHPS Bank Indonesia,https://www.bi.go.id/hargapangan/WebSite/TabelHarga/GetGridDataKomoditas,PIHPS backend JSON GET,1,13,34,Pasar Kramatjati,3,2025-08-01,2025-08-31,data/raw/pihps/raw_json/beras_kualitas_medium_ii/2025-08-01_2025-08-31.json,e8cb690108089760f523aa3b08245c3e444d59d27f9a4dd6d8dc8182565e30cb,200,21,2026-09-29T12:01:56Z
Beras Kualitas Medium II,com_4,PIHPS Bank Indonesia,https://www.bi.go.id/hargapangan/WebSite/TabelHarga/GetGridDataKomoditas,PIHPS backend JSON GET,1,13,34,Pasar Kramatjati,3,2025-09-01,2025-09-30,data/raw/pihps/raw_json/beras_kualitas_medium_ii/2025-09-01_2025-09-30.json,4c088d111fcc8e40d29db48642267f7ce01e81fa33421e3d3796a4030441fd7f,200,22,2026-09-29T12:01:57Z
Beras Kualitas Medium II,com_4,PIHPS Bank Indonesia,https://www.bi.go.id/hargapangan/WebSite/TabelHarga/GetGridDataKomoditas,PIHPS backend JSON GET,1,13,34,Pasar Kramatjati,3,2025-10-01,2025-10-31,data/raw/pihps/raw_json/beras_kualitas_medium_ii/2025-10-01_2025-10-31.json,1aebb94ddf966b38b22ac7c54b9235c8558fca1e7a2aa0010b0e79496373b5b3,200,23,2026-09-29T12:01:58Z
Beras Kualitas Medium II,com_4,PIHPS Bank Indonesia,https://www.bi.go.id/hargapangan/WebSite/TabelHarga/GetGridDataKomoditas,PIHPS backend JSON GET,1,13,34,Pasar Kramatjati,3,2025-11-01,2025-11-30,data/raw/pihps/raw_json/beras_kualitas_medium_ii/2025-11-01_2025-11-30.json,5f71fd98b2406f2a89c03fd46b04578c1daab33f45dedb8b52af53398ebd4429,200,20,2026-09-29T12:02:00Z
Beras Kualitas Medium II,com_4,PIHPS Bank Indonesia,https://www.bi.go.id/hargapangan/WebSite/TabelHarga/GetGridDataKomoditas,PIHPS backend JSON GET,1,13,34,Pasar Kramatjati,3,2025-12-01,2025-12-31,data/raw/pihps/raw_json/beras_kualitas_medium_ii/2025-12-01_2025-12-31.json,83c16da3af64d0226d231cb4b00fbf8fda7986dd1b7ca6702b1984c2e4384f00,200,23,2026-09-29T12:02:01Z
Beras Kualitas Medium II,com_4,PIHPS Bank Indonesia,https://www.bi.go.id/hargapangan/WebSite/TabelHarga/GetGridDataKomoditas,PIHPS backend JSON GET,1,13,34,Pasar Kramatjati,3,2026-01-01,2026-01-31,data/raw/pihps/raw_json/beras_kualitas_medium_ii/2026-01-01_2026-01-31.json,af614790e5b3368423d180635784a6abce19c2feb2b114fb366492212d9c4300,200,22,2026-09-29T12:02:02Z
Beras Kualitas Medium II,com_4,PIHPS Bank Indonesia,https://www.bi.go.id/hargapangan/WebSite/TabelHarga/GetGridDataKomoditas,PIHPS backend JSON GET,1,13,34,Pasar Kramatjati,3,2026-02-01,2026-02-28,data/raw/pihps/raw_json/beras_kualitas_medium_ii/2026-02-01_2026-02-28.json,e373b2b6cc9f3f223413a21a564a793f5a0435144e2a84bad62ce0c3afa19b3c,200,20,2026-09-29T12:02:03Z
Beras Kualitas Medium II,com_4,PIHPS Bank Indonesia,https://www.bi.go.id/hargapangan/WebSite/TabelHarga/GetGridDataKomoditas,PIHPS backend JSON GET,1,13,34,Pasar Kramatjati,3,2026-03-01,2026-03-31,data/raw/pihps/raw_json/beras_kualitas_medium_ii/2026-03-01_2026-03-31.json,c314dbe583a5f022b36aa4f013929b507c1c88a70f07474f77fee9d03f1ccc31,200,22,2026-09-29T12:02:05Z
Beras Kualitas Medium II,com_4,PIHPS Bank Indonesia,https://www.bi.go.id/hargapangan/WebSite/TabelHarga/GetGridDataKomoditas,PIHPS backend JSON GET,1,13,34,Pasar Kramatjati,3,2026-04-01,2026-04-30,data/raw/pihps/raw_json/beras_kualitas_medium_ii/2026-04-01_2026-04-30.json,71116847c04644d2decd55375080ef7448b48b743885a4af381b850114e70f47,200,22,2026-09-29T12:02:08Z
Beras Kualitas Medium II,com_4,PIHPS Bank Indonesia,https://www.bi.go.id/hargapangan/WebSite/TabelHarga/GetGridDataKomoditas,PIHPS backend JSON GET,1,13,34,Pasar Kramatjati,3,2026-05-01,2026-05-31,data/raw/pihps/raw_json/beras_kualitas_medium_ii/2026-05-01_2026-05-31.json,72295784fb0f72411f377b194eb24046ebd79c5228e17a5825ad3e086780ddba,200,21,2026-09-29T12:02:10Z
Beras Kualitas Medium II,com_4,PIHPS Bank Indonesia,https://www.bi.go.id/hargapangan/WebSite/TabelHarga/GetGridDataKomoditas,PIHPS backend JSON GET,1,13,34,Pasar Kramatjati,3,2026-06-01,2026-06-30,data/raw/pihps/raw_json/beras_kualitas_medium_ii/2026-06-01_2026-06-30.json,b88416a46876d524025922e3cea1b3d8d530fcf783114575382e1316614faca1,200,22,2026-09-29T12:02:12Z
Beras Kualitas Medium II,com_4,PIHPS Bank Indonesia,https://www.bi.go.id/hargapangan/WebSite/TabelHarga/GetGridDataKomoditas,PIHPS backend JSON GET,1,13,34,Pasar Kramatjati,3,2026-07-01,2026-07-31,data/raw/pihps/raw_json/beras_kualitas_medium_ii/2026-07-01_2026-07-31.json,e2e7098e9150c709efd79b3ffb342b21f24e539c88cf6ab4bd77c59c3935ffd4,200,23,2026-09-29T12:02:14Z
Beras Kualitas Medium II,com_4,PIHPS Bank Indonesia,https://www.bi.go.id/hargapangan/WebSite/TabelHarga/GetGridDataKomoditas,PIHPS backend JSON GET,1,13,34,Pasar Kramatjati,3,2026-08-01,2026-08-31,data/raw/pihps/raw_json/beras_kualitas_medium_ii/2026-08-01_2026-08-31.json,877f446e61b4c619053f795d88e449015fea8c048671be96aef785c5a409b3ae,200,21,2026-09-29T12:02:16Z
Beras Kualitas Medium II,com_4,PIHPS Bank Indonesia,https://www.bi.go.id/hargapangan/WebSite/TabelHarga/GetGridDataKomoditas,PIHPS backend JSON GET,1,13,34,Pasar Kramatjati,3,2026-09-01,2026-09-29,data/raw/pihps/raw_json/beras_kualitas_medium_ii/2026-09-01_2026-09-29.json,122c2494e8f327518ada62be32c36f5f645a87569a242f33dec285d19333f74d,200,21,2026-09-29T12:02:18Z
Beras Kualitas Super I,com_5,PIHPS Bank Indonesia,https://www.bi.go.id/hargapangan/WebSite/TabelHarga/GetGridDataKomoditas,PIHPS backend JSON GET,1,13,34,Pasar Kramatjati,3,2022-01-01,2022-01-31,data/raw/pihps/raw_json/beras_kualitas_super_i/2022-01-01_2022-01-31.json,3dd539b2984ee1d47431e3cd6bb1eb16bc216eff0c2f010ce5d332946b05e20a,200,21,2026-09-29T12:02:20Z
Beras Kualitas Super I,com_5,PIHPS Bank Indonesia,https://www.bi.go.id/hargapangan/WebSite/TabelHarga/GetGridDataKomoditas,PIHPS backend JSON GET,1,13,34,Pasar Kramatjati,3,2022-02-01,2022-02-28,data/raw/pihps/raw_json/beras_kualitas_super_i/2022-02-01_2022-02-28.json,4f8e5e965c73881654ba48379beb7432cfac2e0d7a72ff79913e93e8dfbd2082,200,20,2026-09-29T12:02:21Z
Beras Kualitas Super I,com_5,PIHPS Bank Indonesia,https://www.bi.go.id/hargapangan/WebSite/TabelHarga/GetGridDataKomoditas,PIHPS backend JSON GET,1,13,34,Pasar Kramatjati,3,2022-03-01,2022-03-31,data/raw/pihps/raw_json/beras_kualitas_super_i/2022-03-01_2022-03-31.json,6499ebdd243ac6256ff75e99ffefa36241e508a7fa2dcfbc97e9779ef5847cad,200,23,2026-09-29T12:02:22Z
Beras Kualitas Super I,com_5,PIHPS Bank Indonesia,https://www.bi.go.id/hargapangan/WebSite/TabelHarga/GetGridDataKomoditas,PIHPS backend JSON GET,1,13,34,Pasar Kramatjati,3,2022-04-01,2022-04-30,data/raw/pihps/raw_json/beras_kualitas_super_i/2022-04-01_2022-04-30.json,ff1c678c8807f03d8dad2562f8ee6d10e14af32bfac4d158f8cab59d7b4ac0c4,200,21,2026-09-29T12:02:23Z
Beras Kualitas Super I,com_5,PIHPS Bank Indonesia,https://www.bi.go.id/hargapangan/WebSite/TabelHarga/GetGridDataKomoditas,PIHPS backend JSON GET,1,13,34,Pasar Kramatjati,3,2022-05-01,2022-05-31,data/raw/pihps/raw_json/beras_kualitas_super_i/2022-05-01_2022-05-31.json,8199155c98a7d92c7b15af8e20f02b6e834dd0e6d1da6e65651f089d3e4c00a2,200,22,2026-09-29T12:02:24Z
Beras Kualitas Super I,com_5,PIHPS Bank Indonesia,https://www.bi.go.id/hargapangan/WebSite/TabelHarga/GetGridDataKomoditas,PIHPS backend JSON GET,1,13,34,Pasar Kramatjati,3,2022-06-01,2022-06-30,data/raw/pihps/raw_json/beras_kualitas_super_i/2022-06-01_2022-06-30.json,a103d21cf9467d72e47941bd061c68fc8a270f46d56a7959bbfa873085df57c1,200,22,2026-09-29T12:02:25Z
Beras Kualitas Super I,com_5,PIHPS Bank Indonesia,https://www.bi.go.id/hargapangan/WebSite/TabelHarga/GetGridDataKomoditas,PIHPS backend JSON GET,1,13,34,Pasar Kramatjati,3,2022-07-01,2022-07-31,data/raw/pihps/raw_json/beras_kualitas_super_i/2022-07-01_2022-07-31.json,2cc876ec19d1ef7ac1e4728c8ba5f8d47396331fd887248026a1d18b15e94a82,200,21,2026-09-29T12:02:26Z
Beras Kualitas Super I,com_5,PIHPS Bank Indonesia,https://www.bi.go.id/hargapangan/WebSite/TabelHarga/GetGridDataKomoditas,PIHPS backend JSON GET,1,13,34,Pasar Kramatjati,3,2022-08-01,2022-08-31,data/raw/pihps/raw_json/beras_kualitas_super_i/2022-08-01_2022-08-31.json,afc07d3a342a09e9039de5037967bc8993f686c3d662f3a43d9f80eea4f3af7c,200,23,2026-09-29T12:02:27Z
Beras Kualitas Super I,com_5,PIHPS Bank Indonesia,https://www.bi.go.id/hargapangan/WebSite/TabelHarga/GetGridDataKomoditas,PIHPS backend JSON GET,1,13,34,Pasar Kramatjati,3,2022-09-01,2022-09-30,data/raw/pihps/raw_json/beras_kualitas_super_i/2022-09-01_2022-09-30.json,aaf5b9610aa9a608a7ecf344371b411a61ffee88f7272852410ae0a3e8913900,200,22,2026-09-29T12:02:28Z
Beras Kualitas Super I,com_5,PIHPS Bank Indonesia,https://www.bi.go.id/hargapangan/WebSite/TabelHarga/GetGridDataKomoditas,PIHPS backend JSON GET,1,13,34,Pasar Kramatjati,3,2022-10-01,2022-10-31,data/raw/pihps/raw_json/beras_kualitas_super_i/2022-10-01_2022-10-31.json,7468809c293d7cfb03a21cad6f3180de4125aee9337c4446fbb9a38fe6003016,200,21,2026-09-29T12:02:29Z
Beras Kualitas Super I,com_5,PIHPS Bank Indonesia,https://www.bi.go.id/hargapangan/WebSite/TabelHarga/GetGridDataKomoditas,PIHPS backend JSON GET,1,13,34,Pasar Kramatjati,3,2022-11-01,2022-11-30,data/raw/pihps/raw_json/beras_kualitas_super_i/2022-11-01_2022-11-30.json,d0a45accb31d56d2a1741cf3b3762902e01206588c7a69471f8850809f18d2fe,200,22,2026-09-29T12:02:31Z
Beras Kualitas Super I,com_5,PIHPS Bank Indonesia,https://www.bi.go.id/hargapangan/WebSite/TabelHarga/GetGridDataKomoditas,PIHPS backend JSON GET,1,13,34,Pasar Kramatjati,3,2022-12-01,2022-12-31,data/raw/pihps/raw_json/beras_kualitas_super_i/2022-12-01_2022-12-31.json,f8e40311569f72957e0f84d5f870dba8944fecfc27675254dad131fa9f7b6703,200,22,2026-09-29T12:02:32Z
Beras Kualitas Super I,com_5,PIHPS Bank Indonesia,https://www.bi.go.id/hargapangan/WebSite/TabelHarga/GetGridDataKomoditas,PIHPS backend JSON GET,1,13,34,Pasar Kramatjati,3,2023-01-01,2023-01-31,data/raw/pihps/raw_json/beras_kualitas_super_i/2023-01-01_2023-01-31.json,66f9246b52126b3f4d2db9e65f1da6a4c8665a5d312b87903475da5b87199cfd,200,22,2026-09-29T12:02:33Z
Beras Kualitas Super I,com_5,PIHPS Bank Indonesia,https://www.bi.go.id/hargapangan/WebSite/TabelHarga/GetGridDataKomoditas,PIHPS backend JSON GET,1,13,34,Pasar Kramatjati,3,2023-02-01,2023-02-28,data/raw/pihps/raw_json/beras_kualitas_super_i/2023-02-01_2023-02-28.json,5e5e8138806abe57500c34f63f97265ca8d1a16550fe5319d53442e1d307e3e2,200,20,2026-09-29T12:02:34Z
Beras Kualitas Super I,com_5,PIHPS Bank Indonesia,https://www.bi.go.id/hargapangan/WebSite/TabelHarga/GetGridDataKomoditas,PIHPS backend JSON GET,1,13,34,Pasar Kramatjati,3,2023-03-01,2023-03-31,data/raw/pihps/raw_json/beras_kualitas_super_i/2023-03-01_2023-03-31.json,e7399086338ba6d01d31ec9219659ec3a2a8bcaa0bc4612bec0f8908488d90d6,200,23,2026-09-29T12:02:35Z
Beras Kualitas Super I,com_5,PIHPS Bank Indonesia,https://www.bi.go.id/hargapangan/WebSite/TabelHarga/GetGridDataKomoditas,PIHPS backend JSON GET,1,13,34,Pasar Kramatjati,3,2023-04-01,2023-04-30,data/raw/pihps/raw_json/beras_kualitas_super_i/2023-04-01_2023-04-30.json,a71bab1cff35d2a1e42e8e2212e6dc800a0959a80e48fe246d31f68b41a924c8,200,20,2026-09-29T12:02:36Z
Beras Kualitas Super I,com_5,PIHPS Bank Indonesia,https://www.bi.go.id/hargapangan/WebSite/TabelHarga/GetGridDataKomoditas,PIHPS backend JSON GET,1,13,34,Pasar Kramatjati,3,2023-05-01,2023-05-31,data/raw/pihps/raw_json/beras_kualitas_super_i/2023-05-01_2023-05-31.json,4b062d4e4e6ed50337d0b43bb9e7a66314a3f571d674e927052d1bd8fd2d6626,200,23,2026-09-29T12:02:37Z
Beras Kualitas Super I,com_5,PIHPS Bank Indonesia,https://www.bi.go.id/hargapangan/WebSite/TabelHarga/GetGridDataKomoditas,PIHPS backend JSON GET,1,13,34,Pasar Kramatjati,3,2023-06-01,2023-06-30,data/raw/pihps/raw_json/beras_kualitas_super_i/2023-06-01_2023-06-30.json,cb30a2d7b80dcd1ba1d35f37feb8078c7eebac0e14a0cfa4b2a2591b200eb463,200,22,2026-09-29T12:02:38Z
Beras Kualitas Super I,com_5,PIHPS Bank Indonesia,https://www.bi.go.id/hargapangan/WebSite/TabelHarga/GetGridDataKomoditas,PIHPS backend JSON GET,1,13,34,Pasar Kramatjati,3,2023-07-01,2023-07-31,data/raw/pihps/raw_json/beras_kualitas_super_i/2023-07-01_2023-07-31.json,14bc71d7ec8df72fd4f34498e69a5bdd4c64fbf0e7dbbd19a1bb8fbe719ecba3,200,21,2026-09-29T12:02:39Z
Beras Kualitas Super I,com_5,PIHPS Bank Indonesia,https://www.bi.go.id/hargapangan/WebSite/TabelHarga/GetGridDataKomoditas,PIHPS backend JSON GET,1,13,34,Pasar Kramatjati,3,2023-08-01,2023-08-31,data/raw/pihps/raw_json/beras_kualitas_super_i/2023-08-01_2023-08-31.json,993da5d4a4564678c9c2c5eca083a139d6aee9a8cc19134b74a7e4e265b9658f,200,23,2026-09-29T12:02:40Z
Beras Kualitas Super I,com_5,PIHPS Bank Indonesia,https://www.bi.go.id/hargapangan/WebSite/TabelHarga/GetGridDataKomoditas,PIHPS backend JSON GET,1,13,34,Pasar Kramatjati,3,2023-09-01,2023-09-30,data/raw/pihps/raw_json/beras_kualitas_super_i/2023-09-01_2023-09-30.json,4523072ea9c814944548a9fc7b2f8b0671bb3749c4af5e773d05f43d868a72db,200,21,2026-09-29T12:02:41Z
Beras Kualitas Super I,com_5,PIHPS Bank Indonesia,https://www.bi.go.id/hargapangan/WebSite/TabelHarga/GetGridDataKomoditas,PIHPS backend JSON GET,1,13,34,Pasar Kramatjati,3,2023-10-01,2023-10-31,data/raw/pihps/raw_json/beras_kualitas_super_i/2023-10-01_2023-10-31.json,d5ea2ab9bd5f5d92edeeb5bac050a3b6cf118c615419fc744ee8edbffd1833f6,200,22,2026-09-29T12:02:42Z
Beras Kualitas Super I,com_5,PIHPS Bank Indonesia,https://www.bi.go.id/hargapangan/WebSite/TabelHarga/GetGridDataKomoditas,PIHPS backend JSON GET,1,13,34,Pasar Kramatjati,3,2023-11-01,2023-11-30,data/raw/pihps/raw_json/beras_kualitas_super_i/2023-11-01_2023-11-30.json,d83a118f5ed482e315cbe3a6d808e9f04a27b36d7a7c9fff91f085ac1f89608f,200,22,2026-09-29T12:02:43Z
Beras Kualitas Super I,com_5,PIHPS Bank Indonesia,https://www.bi.go.id/hargapangan/WebSite/TabelHarga/GetGridDataKomoditas,PIHPS backend JSON GET,1,13,34,Pasar Kramatjati,3,2023-12-01,2023-12-31,data/raw/pihps/raw_json/beras_kualitas_super_i/2023-12-01_2023-12-31.json,0c36c8a853af865a28d195c0e098ff583a5f2fde02d71c0b711791953f7f7509,200,21,2026-09-29T12:02:45Z
Beras Kualitas Super I,com_5,PIHPS Bank Indonesia,https://www.bi.go.id/hargapangan/WebSite/TabelHarga/GetGridDataKomoditas,PIHPS backend JSON GET,1,13,34,Pasar Kramatjati,3,2024-01-01,2024-01-31,data/raw/pihps/raw_json/beras_kualitas_super_i/2024-01-01_2024-01-31.json,bd23e4544babe06002ebf2a3d58a89c16f123f34d2fcb4e653f1ecb91dd2c9c8,200,23,2026-09-29T12:02:46Z
Beras Kualitas Super I,com_5,PIHPS Bank Indonesia,https://www.bi.go.id/hargapangan/WebSite/TabelHarga/GetGridDataKomoditas,PIHPS backend JSON GET,1,13,34,Pasar Kramatjati,3,2024-02-01,2024-02-29,data/raw/pihps/raw_json/beras_kualitas_super_i/2024-02-01_2024-02-29.json,6e6129d6c7143d360f83c5f8b6daa870b5b51a8efd9eef919f55e72d96e1c156,200,21,2026-09-29T12:02:47Z
Beras Kualitas Super I,com_5,PIHPS Bank Indonesia,https://www.bi.go.id/hargapangan/WebSite/TabelHarga/GetGridDataKomoditas,PIHPS backend JSON GET,1,13,34,Pasar Kramatjati,3,2024-03-01,2024-03-31,data/raw/pihps/raw_json/beras_kualitas_super_i/2024-03-01_2024-03-31.json,642869875f935791b8909421009467c052f7ef669158d756092d556b013a64b3,200,21,2026-09-29T12:02:48Z
Beras Kualitas Super I,com_5,PIHPS Bank Indonesia,https://www.bi.go.id/hargapangan/WebSite/TabelHarga/GetGridDataKomoditas,PIHPS backend JSON GET,1,13,34,Pasar Kramatjati,3,2024-04-01,2024-04-30,data/raw/pihps/raw_json/beras_kualitas_super_i/2024-04-01_2024-04-30.json,e5cd59426f8a5f4304de2d8c58b5b7bb551f4ffd04b284ce9e0540282fba6667,200,22,2026-09-29T12:02:49Z
Beras Kualitas Super I,com_5,PIHPS Bank Indonesia,https://www.bi.go.id/hargapangan/WebSite/TabelHarga/GetGridDataKomoditas,PIHPS backend JSON GET,1,13,34,Pasar Kramatjati,3,2024-05-01,2024-05-31,data/raw/pihps/raw_json/beras_kualitas_super_i/2024-05-01_2024-05-31.json,fe4b00d87edb11ba75d0492743fdf450800351c68210115d358247dd1e0dbbe3,200,23,2026-09-29T12:02:50Z
Beras Kualitas Super I,com_5,PIHPS Bank Indonesia,https://www.bi.go.id/hargapangan/WebSite/TabelHarga/GetGridDataKomoditas,PIHPS backend JSON GET,1,13,34,Pasar Kramatjati,3,2024-06-01,2024-06-30,data/raw/pihps/raw_json/beras_kualitas_super_i/2024-06-01_2024-06-30.json,661521c92160480779530ec6567ec64d01b14ea3166905360da77b91736021b0,200,20,2026-09-29T12:02:51Z
Beras Kualitas Super I,com_5,PIHPS Bank Indonesia,https://www.bi.go.id/hargapangan/WebSite/TabelHarga/GetGridDataKomoditas,PIHPS backend JSON GET,1,13,34,Pasar Kramatjati,3,2024-07-01,2024-07-31,data/raw/pihps/raw_json/beras_kualitas_super_i/2024-07-01_2024-07-31.json,52c81b20906a74400afbbfe005e1e9fb075bd4eaf1407b57aa6df55fd8ee1c34,200,23,2026-09-29T12:02:52Z
Beras Kualitas Super I,com_5,PIHPS Bank Indonesia,https://www.bi.go.id/hargapangan/WebSite/TabelHarga/GetGridDataKomoditas,PIHPS backend JSON GET,1,13,34,Pasar Kramatjati,3,2024-08-01,2024-08-31,data/raw/pihps/raw_json/beras_kualitas_super_i/2024-08-01_2024-08-31.json,4f04cd5ac46c8db6f6db2d82f1b949f8a35e680074c0875a357959d4f17f20e8,200,22,2026-09-29T12:02:53Z
Beras Kualitas Super I,com_5,PIHPS Bank Indonesia,https://www.bi.go.id/hargapangan/WebSite/TabelHarga/GetGridDataKomoditas,PIHPS backend JSON GET,1,13,34,Pasar Kramatjati,3,2024-09-01,2024-09-30,data/raw/pihps/raw_json/beras_kualitas_super_i/2024-09-01_2024-09-30.json,7ef1eb1deaab823429dde0f3c993fed3ba5a70887ec643a3456572f6d22bb29c,200,21,2026-09-29T12:02:54Z
Beras Kualitas Super I,com_5,PIHPS Bank Indonesia,https://www.bi.go.id/hargapangan/WebSite/TabelHarga/GetGridDataKomoditas,PIHPS backend JSON GET,1,13,34,Pasar Kramatjati,3,2024-10-01,2024-10-31,data/raw/pihps/raw_json/beras_kualitas_super_i/2024-10-01_2024-10-31.json,1bdfa7388a79fccada209c52a9bbffb278022eb36202e1e0dfadfd4713aa850f,200,23,2026-09-29T12:02:55Z
Beras Kualitas Super I,com_5,PIHPS Bank Indonesia,https://www.bi.go.id/hargapangan/WebSite/TabelHarga/GetGridDataKomoditas,PIHPS backend JSON GET,1,13,34,Pasar Kramatjati,3,2024-11-01,2024-11-30,data/raw/pihps/raw_json/beras_kualitas_super_i/2024-11-01_2024-11-30.json,a4c192a1b3935e0a37b6ba42a49cd12676c97e639627500d7aa9b0d38ae86972,200,21,2026-09-29T12:02:56Z
Beras Kualitas Super I,com_5,PIHPS Bank Indonesia,https://www.bi.go.id/hargapangan/WebSite/TabelHarga/GetGridDataKomoditas,PIHPS backend JSON GET,1,13,34,Pasar Kramatjati,3,2024-12-01,2024-12-31,data/raw/pihps/raw_json/beras_kualitas_super_i/2024-12-01_2024-12-31.json,bf2f716bfe039bb0d56e428d4ee011cbabcd13e85fcc7a41c444482622218712,200,22,2026-09-29T12:02:58Z
Beras Kualitas Super I,com_5,PIHPS Bank Indonesia,https://www.bi.go.id/hargapangan/WebSite/TabelHarga/GetGridDataKomoditas,PIHPS backend JSON GET,1,13,34,Pasar Kramatjati,3,2025-01-01,2025-01-31,data/raw/pihps/raw_json/beras_kualitas_super_i/2025-01-01_2025-01-31.json,a3780d3e5a93bbd4e897c6016fb78b32d6e6d43aef2edd1e47135a5af4be83d0,200,23,2026-09-29T12:02:59Z
Beras Kualitas Super I,com_5,PIHPS Bank Indonesia,https://www.bi.go.id/hargapangan/WebSite/TabelHarga/GetGridDataKomoditas,PIHPS backend JSON GET,1,13,34,Pasar Kramatjati,3,2025-02-01,2025-02-28,data/raw/pihps/raw_json/beras_kualitas_super_i/2025-02-01_2025-02-28.json,00846886ab597c4f2c847d2762b15955d76383f3be643068796725c97760adaa,200,20,2026-09-29T12:03:00Z
Beras Kualitas Super I,com_5,PIHPS Bank Indonesia,https://www.bi.go.id/hargapangan/WebSite/TabelHarga/GetGridDataKomoditas,PIHPS backend JSON GET,1,13,34,Pasar Kramatjati,3,2025-03-01,2025-03-31,data/raw/pihps/raw_json/beras_kualitas_super_i/2025-03-01_2025-03-31.json,c6bc0e77865887b87cf532e0da7fa5550a55cd43db137f4cad758aaffe6943be,200,21,2026-09-29T12:03:01Z
Beras Kualitas Super I,com_5,PIHPS Bank Indonesia,https://www.bi.go.id/hargapangan/WebSite/TabelHarga/GetGridDataKomoditas,PIHPS backend JSON GET,1,13,34,Pasar Kramatjati,3,2025-04-01,2025-04-30,data/raw/pihps/raw_json/beras_kualitas_super_i/2025-04-01_2025-04-30.json,410cb4351fb322a4f8816c92bb8ef1f6742f96dc2562a623633458e226968e88,200,22,2026-09-29T12:03:02Z
Beras Kualitas Super I,com_5,PIHPS Bank Indonesia,https://www.bi.go.id/hargapangan/WebSite/TabelHarga/GetGridDataKomoditas,PIHPS backend JSON GET,1,13,34,Pasar Kramatjati,3,2025-05-01,2025-05-31,data/raw/pihps/raw_json/beras_kualitas_super_i/2025-05-01_2025-05-31.json,1bd3c8ff8d12221f7c26424161f93a8ed0c7fb5af777811e296ae6745b6bf105,200,22,2026-09-29T12:03:03Z
Beras Kualitas Super I,com_5,PIHPS Bank Indonesia,https://www.bi.go.id/hargapangan/WebSite/TabelHarga/GetGridDataKomoditas,PIHPS backend JSON GET,1,13,34,Pasar Kramatjati,3,2025-06-01,2025-06-30,data/raw/pihps/raw_json/beras_kualitas_super_i/2025-06-01_2025-06-30.json,0ebae9993189d446656907d9858711f184ca9b23184db3e81ea4cafad338b044,200,21,2026-09-29T12:03:04Z
Beras Kualitas Super I,com_5,PIHPS Bank Indonesia,https://www.bi.go.id/hargapangan/WebSite/TabelHarga/GetGridDataKomoditas,PIHPS backend JSON GET,1,13,34,Pasar Kramatjati,3,2025-07-01,2025-07-31,data/raw/pihps/raw_json/beras_kualitas_super_i/2025-07-01_2025-07-31.json,02a8ce457b1ac87dab9a2cfc8284db8c375bba02aab27f20b32fc3b941a3e58c,200,23,2026-09-29T12:03:05Z
Beras Kualitas Super I,com_5,PIHPS Bank Indonesia,https://www.bi.go.id/hargapangan/WebSite/TabelHarga/GetGridDataKomoditas,PIHPS backend JSON GET,1,13,34,Pasar Kramatjati,3,2025-08-01,2025-08-31,data/raw/pihps/raw_json/beras_kualitas_super_i/2025-08-01_2025-08-31.json,288b183cf9f0b3dbb51ee8ddcf4ac12cfe7dc8d015b0a91dbb3456829fdfd534,200,21,2026-09-29T12:03:06Z
Beras Kualitas Super I,com_5,PIHPS Bank Indonesia,https://www.bi.go.id/hargapangan/WebSite/TabelHarga/GetGridDataKomoditas,PIHPS backend JSON GET,1,13,34,Pasar Kramatjati,3,2025-09-01,2025-09-30,data/raw/pihps/raw_json/beras_kualitas_super_i/2025-09-01_2025-09-30.json,f3c65626a7b8fb843e2cd1344e9527898326e5e4cc7c57ed1fa1e3c7a9ed9536,200,22,2026-09-29T12:03:07Z
Beras Kualitas Super I,com_5,PIHPS Bank Indonesia,https://www.bi.go.id/hargapangan/WebSite/TabelHarga/GetGridDataKomoditas,PIHPS backend JSON GET,1,13,34,Pasar Kramatjati,3,2025-10-01,2025-10-31,data/raw/pihps/raw_json/beras_kualitas_super_i/2025-10-01_2025-10-31.json,cfc7bb637efde4824ea02097647ec624ca2e92d04261f1b8d5dd5390f09d1cbe,200,23,2026-09-29T12:03:09Z
Beras Kualitas Super I,com_5,PIHPS Bank Indonesia,https://www.bi.go.id/hargapangan/WebSite/TabelHarga/GetGridDataKomoditas,PIHPS backend JSON GET,1,13,34,Pasar Kramatjati,3,2025-11-01,2025-11-30,data/raw/pihps/raw_json/beras_kualitas_super_i/2025-11-01_2025-11-30.json,100cf268350ef35f454d94f67bb764fa313a6da6461f9064dd7ea6730036488f,200,20,2026-09-29T12:03:10Z
Beras Kualitas Super I,com_5,PIHPS Bank Indonesia,https://www.bi.go.id/hargapangan/WebSite/TabelHarga/GetGridDataKomoditas,PIHPS backend JSON GET,1,13,34,Pasar Kramatjati,3,2025-12-01,2025-12-31,data/raw/pihps/raw_json/beras_kualitas_super_i/2025-12-01_2025-12-31.json,4cd4b02cdc0df64bf84df084ff3e3c602bb7a566453a1751010d658fc0b21f49,200,23,2026-09-29T12:03:11Z
Beras Kualitas Super I,com_5,PIHPS Bank Indonesia,https://www.bi.go.id/hargapangan/WebSite/TabelHarga/GetGridDataKomoditas,PIHPS backend JSON GET,1,13,34,Pasar Kramatjati,3,2026-01-01,2026-01-31,data/raw/pihps/raw_json/beras_kualitas_super_i/2026-01-01_2026-01-31.json,04c57823b0f1220467dd2ab60aa08dc71b2c6ba5e9bc7d2b0253a233b5c84596,200,22,2026-09-29T12:03:12Z
Beras Kualitas Super I,com_5,PIHPS Bank Indonesia,https://www.bi.go.id/hargapangan/WebSite/TabelHarga/GetGridDataKomoditas,PIHPS backend JSON GET,1,13,34,Pasar Kramatjati,3,2026-02-01,2026-02-28,data/raw/pihps/raw_json/beras_kualitas_super_i/2026-02-01_2026-02-28.json,43696efe3c10184bce5243f55a9f07907b565c02266517f2b0526aed426b5071,200,20,2026-09-29T12:03:13Z
Beras Kualitas Super I,com_5,PIHPS Bank Indonesia,https://www.bi.go.id/hargapangan/WebSite/TabelHarga/GetGridDataKomoditas,PIHPS backend JSON GET,1,13,34,Pasar Kramatjati,3,2026-03-01,2026-03-31,data/raw/pihps/raw_json/beras_kualitas_super_i/2026-03-01_2026-03-31.json,20047daa78dc6c37ef96a3e083c94d186af72206304f4fdda71866022f3ee29f,200,22,2026-09-29T12:03:15Z
Beras Kualitas Super I,com_5,PIHPS Bank Indonesia,https://www.bi.go.id/hargapangan/WebSite/TabelHarga/GetGridDataKomoditas,PIHPS backend JSON GET,1,13,34,Pasar Kramatjati,3,2026-04-01,2026-04-30,data/raw/pihps/raw_json/beras_kualitas_super_i/2026-04-01_2026-04-30.json,041ab1456dbea8bcda1523d2d5823edfb2530fed8233871815af2ceb68c7a4df,200,22,2026-09-29T12:03:17Z
Beras Kualitas Super I,com_5,PIHPS Bank Indonesia,https://www.bi.go.id/hargapangan/WebSite/TabelHarga/GetGridDataKomoditas,PIHPS backend JSON GET,1,13,34,Pasar Kramatjati,3,2026-05-01,2026-05-31,data/raw/pihps/raw_json/beras_kualitas_super_i/2026-05-01_2026-05-31.json,e79ae7b5b8b4d0545d38b13c5811244b07844fbe52b48354a040a67886b1e0b7,200,21,2026-09-29T12:03:19Z
Beras Kualitas Super I,com_5,PIHPS Bank Indonesia,https://www.bi.go.id/hargapangan/WebSite/TabelHarga/GetGridDataKomoditas,PIHPS backend JSON GET,1,13,34,Pasar Kramatjati,3,2026-06-01,2026-06-30,data/raw/pihps/raw_json/beras_kualitas_super_i/2026-06-01_2026-06-30.json,6f11637caac3a35bed682d625e1158362b2b9a67e6362b81d8b70cdfce42e488,200,22,2026-09-29T12:03:21Z
Beras Kualitas Super I,com_5,PIHPS Bank Indonesia,https://www.bi.go.id/hargapangan/WebSite/TabelHarga/GetGridDataKomoditas,PIHPS backend JSON GET,1,13,34,Pasar Kramatjati,3,2026-07-01,2026-07-31,data/raw/pihps/raw_json/beras_kualitas_super_i/2026-07-01_2026-07-31.json,2e8e87c8a406b11f91d3653a6c883dbde6cec7a3b8da2308550c40b4a334bce6,200,23,2026-09-29T12:03:24Z
Beras Kualitas Super I,com_5,PIHPS Bank Indonesia,https://www.bi.go.id/hargapangan/WebSite/TabelHarga/GetGridDataKomoditas,PIHPS backend JSON GET,1,13,34,Pasar Kramatjati,3,2026-08-01,2026-08-31,data/raw/pihps/raw_json/beras_kualitas_super_i/2026-08-01_2026-08-31.json,8dfbc6730d820f2f76456dd18a6f7e9ec77c7d388ee2883c2629000b7baa5a77,200,21,2026-09-29T12:03:26Z
Beras Kualitas Super I,com_5,PIHPS Bank Indonesia,https://www.bi.go.id/hargapangan/WebSite/TabelHarga/GetGridDataKomoditas,PIHPS backend JSON GET,1,13,34,Pasar Kramatjati,3,2026-09-01,2026-09-29,data/raw/pihps/raw_json/beras_kualitas_super_i/2026-09-01_2026-09-29.json,516d764b47fb67dcd396d0ff182c7811fe235fe87516b86d9ca820e105f9f9a4,200,21,2026-09-29T12:03:28Z
Beras Kualitas Super II,com_6,PIHPS Bank Indonesia,https://www.bi.go.id/hargapangan/WebSite/TabelHarga/GetGridDataKomoditas,PIHPS backend JSON GET,1,13,34,Pasar Kramatjati,3,2022-01-01,2022-01-31,data/raw/pihps/raw_json/beras_kualitas_super_ii/2022-01-01_2022-01-31.json,c12ae9177e2b47381f7767116d3063be912a86dd02813dec912a4fb1247bf619,200,21,2026-09-29T12:03:29Z
Beras Kualitas Super II,com_6,PIHPS Bank Indonesia,https://www.bi.go.id/hargapangan/WebSite/TabelHarga/GetGridDataKomoditas,PIHPS backend JSON GET,1,13,34,Pasar Kramatjati,3,2022-02-01,2022-02-28,data/raw/pihps/raw_json/beras_kualitas_super_ii/2022-02-01_2022-02-28.json,c49171ca0cf25ad3fd0b2f99cc746dcf902396699a4eec8810419c681165e266,200,20,2026-09-29T12:03:30Z
Beras Kualitas Super II,com_6,PIHPS Bank Indonesia,https://www.bi.go.id/hargapangan/WebSite/TabelHarga/GetGridDataKomoditas,PIHPS backend JSON GET,1,13,34,Pasar Kramatjati,3,2022-03-01,2022-03-31,data/raw/pihps/raw_json/beras_kualitas_super_ii/2022-03-01_2022-03-31.json,f3a53c456e498054820f1a5c5ddcb36f0225562faa0063b7d477075b6b67dac4,200,23,2026-09-29T12:03:31Z
Beras Kualitas Super II,com_6,PIHPS Bank Indonesia,https://www.bi.go.id/hargapangan/WebSite/TabelHarga/GetGridDataKomoditas,PIHPS backend JSON GET,1,13,34,Pasar Kramatjati,3,2022-04-01,2022-04-30,data/raw/pihps/raw_json/beras_kualitas_super_ii/2022-04-01_2022-04-30.json,f558e07f074854ca66bfc0dc979917c2fb1b0e636bf76468c6735bbe82e4c57e,200,21,2026-09-29T12:03:32Z
Beras Kualitas Super II,com_6,PIHPS Bank Indonesia,https://www.bi.go.id/hargapangan/WebSite/TabelHarga/GetGridDataKomoditas,PIHPS backend JSON GET,1,13,34,Pasar Kramatjati,3,2022-05-01,2022-05-31,data/raw/pihps/raw_json/beras_kualitas_super_ii/2022-05-01_2022-05-31.json,7b840c4125d256d1050c75b121606d37e52d1d781a895fb667f3709543573e01,200,22,2026-09-29T12:03:33Z
Beras Kualitas Super II,com_6,PIHPS Bank Indonesia,https://www.bi.go.id/hargapangan/WebSite/TabelHarga/GetGridDataKomoditas,PIHPS backend JSON GET,1,13,34,Pasar Kramatjati,3,2022-06-01,2022-06-30,data/raw/pihps/raw_json/beras_kualitas_super_ii/2022-06-01_2022-06-30.json,216a829bb9937b0b1ba421781b86e0b79c2c110687e067fbc4206a57f4edefae,200,22,2026-09-29T12:03:34Z
Beras Kualitas Super II,com_6,PIHPS Bank Indonesia,https://www.bi.go.id/hargapangan/WebSite/TabelHarga/GetGridDataKomoditas,PIHPS backend JSON GET,1,13,34,Pasar Kramatjati,3,2022-07-01,2022-07-31,data/raw/pihps/raw_json/beras_kualitas_super_ii/2022-07-01_2022-07-31.json,dec814381630ef8c3c9c954d0d55982222638fd727d184331edf96642ef56e96,200,21,2026-09-29T12:03:35Z
Beras Kualitas Super II,com_6,PIHPS Bank Indonesia,https://www.bi.go.id/hargapangan/WebSite/TabelHarga/GetGridDataKomoditas,PIHPS backend JSON GET,1,13,34,Pasar Kramatjati,3,2022-08-01,2022-08-31,data/raw/pihps/raw_json/beras_kualitas_super_ii/2022-08-01_2022-08-31.json,1d6d85c756029d8f6650a75ffc567c83760ea55c6bd17a804440b200c057cee2,200,23,2026-09-29T12:03:37Z
Beras Kualitas Super II,com_6,PIHPS Bank Indonesia,https://www.bi.go.id/hargapangan/WebSite/TabelHarga/GetGridDataKomoditas,PIHPS backend JSON GET,1,13,34,Pasar Kramatjati,3,2022-09-01,2022-09-30,data/raw/pihps/raw_json/beras_kualitas_super_ii/2022-09-01_2022-09-30.json,0a1eceee724a8cfd1d76266206b80a1296f44be4706af455ed9bb186047c3525,200,22,2026-09-29T12:03:38Z
Beras Kualitas Super II,com_6,PIHPS Bank Indonesia,https://www.bi.go.id/hargapangan/WebSite/TabelHarga/GetGridDataKomoditas,PIHPS backend JSON GET,1,13,34,Pasar Kramatjati,3,2022-10-01,2022-10-31,data/raw/pihps/raw_json/beras_kualitas_super_ii/2022-10-01_2022-10-31.json,c2250a082bd9ea3fedc572694efef687a8e6a4e82d87adeaf1943fe8357d852f,200,21,2026-09-29T12:03:39Z
Beras Kualitas Super II,com_6,PIHPS Bank Indonesia,https://www.bi.go.id/hargapangan/WebSite/TabelHarga/GetGridDataKomoditas,PIHPS backend JSON GET,1,13,34,Pasar Kramatjati,3,2022-11-01,2022-11-30,data/raw/pihps/raw_json/beras_kualitas_super_ii/2022-11-01_2022-11-30.json,40801af44e400a0a7f141ce7a35238bf897fbe6f5c2c01d36269d8897e681ba1,200,22,2026-09-29T12:03:40Z
Beras Kualitas Super II,com_6,PIHPS Bank Indonesia,https://www.bi.go.id/hargapangan/WebSite/TabelHarga/GetGridDataKomoditas,PIHPS backend JSON GET,1,13,34,Pasar Kramatjati,3,2022-12-01,2022-12-31,data/raw/pihps/raw_json/beras_kualitas_super_ii/2022-12-01_2022-12-31.json,1daa25696a6c9db5fb8cd94fbe54c179a74764f8d0c085b7f852fdb40a6b58f2,200,22,2026-09-29T12:03:41Z
Beras Kualitas Super II,com_6,PIHPS Bank Indonesia,https://www.bi.go.id/hargapangan/WebSite/TabelHarga/GetGridDataKomoditas,PIHPS backend JSON GET,1,13,34,Pasar Kramatjati,3,2023-01-01,2023-01-31,data/raw/pihps/raw_json/beras_kualitas_super_ii/2023-01-01_2023-01-31.json,d1d33d10a1d1a244b5cb6231665663427fd3ce729b37290f7fdc2d6f6aef3318,200,22,2026-09-29T12:03:42Z
Beras Kualitas Super II,com_6,PIHPS Bank Indonesia,https://www.bi.go.id/hargapangan/WebSite/TabelHarga/GetGridDataKomoditas,PIHPS backend JSON GET,1,13,34,Pasar Kramatjati,3,2023-02-01,2023-02-28,data/raw/pihps/raw_json/beras_kualitas_super_ii/2023-02-01_2023-02-28.json,1f6a47de8325b3213b58a8cf08e817c456fff26083d798126cbfc6e391eb0928,200,20,2026-09-29T12:03:43Z
Beras Kualitas Super II,com_6,PIHPS Bank Indonesia,https://www.bi.go.id/hargapangan/WebSite/TabelHarga/GetGridDataKomoditas,PIHPS backend JSON GET,1,13,34,Pasar Kramatjati,3,2023-03-01,2023-03-31,data/raw/pihps/raw_json/beras_kualitas_super_ii/2023-03-01_2023-03-31.json,5fd53dc5ccafda406f271eb0b5ed63d73e63eab93eb2f6eaaedbf9641bf82b12,200,23,2026-09-29T12:03:44Z
Beras Kualitas Super II,com_6,PIHPS Bank Indonesia,https://www.bi.go.id/hargapangan/WebSite/TabelHarga/GetGridDataKomoditas,PIHPS backend JSON GET,1,13,34,Pasar Kramatjati,3,2023-04-01,2023-04-30,data/raw/pihps/raw_json/beras_kualitas_super_ii/2023-04-01_2023-04-30.json,d5e0a9c90842b9d4aa63dd24e82428865d3c737aaec2467f11faf2938d4ed60b,200,20,2026-09-29T12:03:45Z
Beras Kualitas Super II,com_6,PIHPS Bank Indonesia,https://www.bi.go.id/hargapangan/WebSite/TabelHarga/GetGridDataKomoditas,PIHPS backend JSON GET,1,13,34,Pasar Kramatjati,3,2023-05-01,2023-05-31,data/raw/pihps/raw_json/beras_kualitas_super_ii/2023-05-01_2023-05-31.json,52a26bb373153b738cd927025f79403cf1d250c99a11a1733677138d1bf84b95,200,23,2026-09-29T12:03:46Z
Beras Kualitas Super II,com_6,PIHPS Bank Indonesia,https://www.bi.go.id/hargapangan/WebSite/TabelHarga/GetGridDataKomoditas,PIHPS backend JSON GET,1,13,34,Pasar Kramatjati,3,2023-06-01,2023-06-30,data/raw/pihps/raw_json/beras_kualitas_super_ii/2023-06-01_2023-06-30.json,93c15a37c5c569193b667694c74b2d24a6c12267375ca4d8acc83704760c69d7,200,22,2026-09-29T12:03:47Z
Beras Kualitas Super II,com_6,PIHPS Bank Indonesia,https://www.bi.go.id/hargapangan/WebSite/TabelHarga/GetGridDataKomoditas,PIHPS backend JSON GET,1,13,34,Pasar Kramatjati,3,2023-07-01,2023-07-31,data/raw/pihps/raw_json/beras_kualitas_super_ii/2023-07-01_2023-07-31.json,ebbb0df25f0428a64d06a4a7bf39dc699cfbc175489b50b86efeb52a35fb98c1,200,21,2026-09-29T12:03:48Z
Beras Kualitas Super II,com_6,PIHPS Bank Indonesia,https://www.bi.go.id/hargapangan/WebSite/TabelHarga/GetGridDataKomoditas,PIHPS backend JSON GET,1,13,34,Pasar Kramatjati,3,2023-08-01,2023-08-31,data/raw/pihps/raw_json/beras_kualitas_super_ii/2023-08-01_2023-08-31.json,54d63fd95d2f3245f7f2879e466cc4cb948bc137d308566e3087a08ffdcdaa33,200,23,2026-09-29T12:03:49Z
Beras Kualitas Super II,com_6,PIHPS Bank Indonesia,https://www.bi.go.id/hargapangan/WebSite/TabelHarga/GetGridDataKomoditas,PIHPS backend JSON GET,1,13,34,Pasar Kramatjati,3,2023-09-01,2023-09-30,data/raw/pihps/raw_json/beras_kualitas_super_ii/2023-09-01_2023-09-30.json,4895f9d94d4fdc63e249490df49fee769e5f902eba20ed48d6187bcb92388471,200,21,2026-09-29T12:03:50Z
Beras Kualitas Super II,com_6,PIHPS Bank Indonesia,https://www.bi.go.id/hargapangan/WebSite/TabelHarga/GetGridDataKomoditas,PIHPS backend JSON GET,1,13,34,Pasar Kramatjati,3,2023-10-01,2023-10-31,data/raw/pihps/raw_json/beras_kualitas_super_ii/2023-10-01_2023-10-31.json,bb7cfc1f40e52f195993b478f115e837f5fe237f701e972ddc533f661532e1a2,200,22,2026-09-29T12:03:51Z
Beras Kualitas Super II,com_6,PIHPS Bank Indonesia,https://www.bi.go.id/hargapangan/WebSite/TabelHarga/GetGridDataKomoditas,PIHPS backend JSON GET,1,13,34,Pasar Kramatjati,3,2023-11-01,2023-11-30,data/raw/pihps/raw_json/beras_kualitas_super_ii/2023-11-01_2023-11-30.json,e23577674086ae156616a7cfdd820bc830a9a9e73ef83720f0f0854f8cec5f79,200,22,2026-09-29T12:03:53Z
Beras Kualitas Super II,com_6,PIHPS Bank Indonesia,https://www.bi.go.id/hargapangan/WebSite/TabelHarga/GetGridDataKomoditas,PIHPS backend JSON GET,1,13,34,Pasar Kramatjati,3,2023-12-01,2023-12-31,data/raw/pihps/raw_json/beras_kualitas_super_ii/2023-12-01_2023-12-31.json,55f0560972dcc81ebaa973614ec3a6b830990de8d065e439a48e6db674088db7,200,21,2026-09-29T12:03:54Z
Beras Kualitas Super II,com_6,PIHPS Bank Indonesia,https://www.bi.go.id/hargapangan/WebSite/TabelHarga/GetGridDataKomoditas,PIHPS backend JSON GET,1,13,34,Pasar Kramatjati,3,2024-01-01,2024-01-31,data/raw/pihps/raw_json/beras_kualitas_super_ii/2024-01-01_2024-01-31.json,bf4d355d0bbf4fcf4d6b2b37374d2da3f7ea67033f72282f9d45df455e11f6de,200,23,2026-09-29T12:03:55Z
Beras Kualitas Super II,com_6,PIHPS Bank Indonesia,https://www.bi.go.id/hargapangan/WebSite/TabelHarga/GetGridDataKomoditas,PIHPS backend JSON GET,1,13,34,Pasar Kramatjati,3,2024-02-01,2024-02-29,data/raw/pihps/raw_json/beras_kualitas_super_ii/2024-02-01_2024-02-29.json,fd71bd81014404739fd8ab4ec8819ecd1ea0008ab9c406af3f9110db66e7449e,200,21,2026-09-29T12:03:56Z
Beras Kualitas Super II,com_6,PIHPS Bank Indonesia,https://www.bi.go.id/hargapangan/WebSite/TabelHarga/GetGridDataKomoditas,PIHPS backend JSON GET,1,13,34,Pasar Kramatjati,3,2024-03-01,2024-03-31,data/raw/pihps/raw_json/beras_kualitas_super_ii/2024-03-01_2024-03-31.json,cb8466efd987fe7921698999aca62fdc993048108df27777476c05615ba17bba,200,21,2026-09-29T12:03:57Z
Beras Kualitas Super II,com_6,PIHPS Bank Indonesia,https://www.bi.go.id/hargapangan/WebSite/TabelHarga/GetGridDataKomoditas,PIHPS backend JSON GET,1,13,34,Pasar Kramatjati,3,2024-04-01,2024-04-30,data/raw/pihps/raw_json/beras_kualitas_super_ii/2024-04-01_2024-04-30.json,f63200c9d5d76dd707ac9909c3bc1c97127e65a9e4a4bf64b35810c93c58c833,200,22,2026-09-29T12:03:58Z
Beras Kualitas Super II,com_6,PIHPS Bank Indonesia,https://www.bi.go.id/hargapangan/WebSite/TabelHarga/GetGridDataKomoditas,PIHPS backend JSON GET,1,13,34,Pasar Kramatjati,3,2024-05-01,2024-05-31,data/raw/pihps/raw_json/beras_kualitas_super_ii/2024-05-01_2024-05-31.json,cbeaaf8e1a02743737622c14f5ede48c76a3c0254682a308cc7294ee5ce033cf,200,23,2026-09-29T12:03:59Z
Beras Kualitas Super II,com_6,PIHPS Bank Indonesia,https://www.bi.go.id/hargapangan/WebSite/TabelHarga/GetGridDataKomoditas,PIHPS backend JSON GET,1,13,34,Pasar Kramatjati,3,2024-06-01,2024-06-30,data/raw/pihps/raw_json/beras_kualitas_super_ii/2024-06-01_2024-06-30.json,e4e93303cf206d06f4ca05f60de21c456291b3e57978a388a76052eea7fb0e8e,200,20,2026-09-29T12:04:00Z
Beras Kualitas Super II,com_6,PIHPS Bank Indonesia,https://www.bi.go.id/hargapangan/WebSite/TabelHarga/GetGridDataKomoditas,PIHPS backend JSON GET,1,13,34,Pasar Kramatjati,3,2024-07-01,2024-07-31,data/raw/pihps/raw_json/beras_kualitas_super_ii/2024-07-01_2024-07-31.json,5463afa4f352d673c2282f53ad655a8b26c8b20e482e587351f4d3df6e37c7cd,200,23,2026-09-29T12:04:01Z
Beras Kualitas Super II,com_6,PIHPS Bank Indonesia,https://www.bi.go.id/hargapangan/WebSite/TabelHarga/GetGridDataKomoditas,PIHPS backend JSON GET,1,13,34,Pasar Kramatjati,3,2024-08-01,2024-08-31,data/raw/pihps/raw_json/beras_kualitas_super_ii/2024-08-01_2024-08-31.json,d6eff1fb4e066b2f4fbdb75c353d9d83f4f3157d20da12da02925af4077fbf51,200,22,2026-09-29T12:04:02Z
Beras Kualitas Super II,com_6,PIHPS Bank Indonesia,https://www.bi.go.id/hargapangan/WebSite/TabelHarga/GetGridDataKomoditas,PIHPS backend JSON GET,1,13,34,Pasar Kramatjati,3,2024-09-01,2024-09-30,data/raw/pihps/raw_json/beras_kualitas_super_ii/2024-09-01_2024-09-30.json,6f753998bf9020c733a845f1c28aaf713a2112346b2fac47a1fa3581d385ce82,200,21,2026-09-29T12:04:03Z
Beras Kualitas Super II,com_6,PIHPS Bank Indonesia,https://www.bi.go.id/hargapangan/WebSite/TabelHarga/GetGridDataKomoditas,PIHPS backend JSON GET,1,13,34,Pasar Kramatjati,3,2024-10-01,2024-10-31,data/raw/pihps/raw_json/beras_kualitas_super_ii/2024-10-01_2024-10-31.json,b3ca77371a60a9c8ee89451c74693e8fa95b799aad974bddc0d5afd1fa9ad5a7,200,23,2026-09-29T12:04:05Z
Beras Kualitas Super II,com_6,PIHPS Bank Indonesia,https://www.bi.go.id/hargapangan/WebSite/TabelHarga/GetGridDataKomoditas,PIHPS backend JSON GET,1,13,34,Pasar Kramatjati,3,2024-11-01,2024-11-30,data/raw/pihps/raw_json/beras_kualitas_super_ii/2024-11-01_2024-11-30.json,01aa90f810af3837f86d02704469c7d4cf33b90316c8bb435ccf6955a2940a82,200,21,2026-09-29T12:04:06Z
Beras Kualitas Super II,com_6,PIHPS Bank Indonesia,https://www.bi.go.id/hargapangan/WebSite/TabelHarga/GetGridDataKomoditas,PIHPS backend JSON GET,1,13,34,Pasar Kramatjati,3,2024-12-01,2024-12-31,data/raw/pihps/raw_json/beras_kualitas_super_ii/2024-12-01_2024-12-31.json,fff6cf7882f6fe3a82d80766a6975709677bd3bef04cb859f8fca08705cf5329,200,22,2026-09-29T12:04:07Z
Beras Kualitas Super II,com_6,PIHPS Bank Indonesia,https://www.bi.go.id/hargapangan/WebSite/TabelHarga/GetGridDataKomoditas,PIHPS backend JSON GET,1,13,34,Pasar Kramatjati,3,2025-01-01,2025-01-31,data/raw/pihps/raw_json/beras_kualitas_super_ii/2025-01-01_2025-01-31.json,2816c7150ae2326f0063c6c7d42d0fbc8ff42c9e6fc4766809b0018bd764b220,200,23,2026-09-29T12:04:08Z
Beras Kualitas Super II,com_6,PIHPS Bank Indonesia,https://www.bi.go.id/hargapangan/WebSite/TabelHarga/GetGridDataKomoditas,PIHPS backend JSON GET,1,13,34,Pasar Kramatjati,3,2025-02-01,2025-02-28,data/raw/pihps/raw_json/beras_kualitas_super_ii/2025-02-01_2025-02-28.json,89dcfe52cd5c8ca730914a417772241a89a92ed37782a5e8679fa34d60c485e8,200,20,2026-09-29T12:04:09Z
Beras Kualitas Super II,com_6,PIHPS Bank Indonesia,https://www.bi.go.id/hargapangan/WebSite/TabelHarga/GetGridDataKomoditas,PIHPS backend JSON GET,1,13,34,Pasar Kramatjati,3,2025-03-01,2025-03-31,data/raw/pihps/raw_json/beras_kualitas_super_ii/2025-03-01_2025-03-31.json,11c6e23dc521f3f40bd69dc660e135ee7a6a7515027a685c424c6c4f389915be,200,21,2026-09-29T12:04:10Z
Beras Kualitas Super II,com_6,PIHPS Bank Indonesia,https://www.bi.go.id/hargapangan/WebSite/TabelHarga/GetGridDataKomoditas,PIHPS backend JSON GET,1,13,34,Pasar Kramatjati,3,2025-04-01,2025-04-30,data/raw/pihps/raw_json/beras_kualitas_super_ii/2025-04-01_2025-04-30.json,12c8055b2cf47d608c6cd7415546bf46e23f03943be2de9e7e9d7ba6dbb8f977,200,22,2026-09-29T12:04:11Z
Beras Kualitas Super II,com_6,PIHPS Bank Indonesia,https://www.bi.go.id/hargapangan/WebSite/TabelHarga/GetGridDataKomoditas,PIHPS backend JSON GET,1,13,34,Pasar Kramatjati,3,2025-05-01,2025-05-31,data/raw/pihps/raw_json/beras_kualitas_super_ii/2025-05-01_2025-05-31.json,c4a20c0fba480ed3d2617aecf8fffe9c9a07c3625fe9947a911028dca1f14e6f,200,22,2026-09-29T12:04:12Z
Beras Kualitas Super II,com_6,PIHPS Bank Indonesia,https://www.bi.go.id/hargapangan/WebSite/TabelHarga/GetGridDataKomoditas,PIHPS backend JSON GET,1,13,34,Pasar Kramatjati,3,2025-06-01,2025-06-30,data/raw/pihps/raw_json/beras_kualitas_super_ii/2025-06-01_2025-06-30.json,7ff40681f8ec221211ae4aef450f284af708a88fc043d68b682456cb34c95f77,200,21,2026-09-29T12:04:13Z
Beras Kualitas Super II,com_6,PIHPS Bank Indonesia,https://www.bi.go.id/hargapangan/WebSite/TabelHarga/GetGridDataKomoditas,PIHPS backend JSON GET,1,13,34,Pasar Kramatjati,3,2025-07-01,2025-07-31,data/raw/pihps/raw_json/beras_kualitas_super_ii/2025-07-01_2025-07-31.json,0b510f36523d01c0398350bdd493a0a9d27198dd2095f647b55bf5e2eb6a62b8,200,23,2026-09-29T12:04:15Z
Beras Kualitas Super II,com_6,PIHPS Bank Indonesia,https://www.bi.go.id/hargapangan/WebSite/TabelHarga/GetGridDataKomoditas,PIHPS backend JSON GET,1,13,34,Pasar Kramatjati,3,2025-08-01,2025-08-31,data/raw/pihps/raw_json/beras_kualitas_super_ii/2025-08-01_2025-08-31.json,9dd12f0ec0f8ea5c59ba3c285fdd86beb58c91b844c082285483dd39988477b2,200,21,2026-09-29T12:04:16Z
Beras Kualitas Super II,com_6,PIHPS Bank Indonesia,https://www.bi.go.id/hargapangan/WebSite/TabelHarga/GetGridDataKomoditas,PIHPS backend JSON GET,1,13,34,Pasar Kramatjati,3,2025-09-01,2025-09-30,data/raw/pihps/raw_json/beras_kualitas_super_ii/2025-09-01_2025-09-30.json,c1afca48c01b96e2e6f41cd61eb8f4da4ed3e9732c98712ebd589fd265dbef78,200,22,2026-09-29T12:04:17Z
Beras Kualitas Super II,com_6,PIHPS Bank Indonesia,https://www.bi.go.id/hargapangan/WebSite/TabelHarga/GetGridDataKomoditas,PIHPS backend JSON GET,1,13,34,Pasar Kramatjati,3,2025-10-01,2025-10-31,data/raw/pihps/raw_json/beras_kualitas_super_ii/2025-10-01_2025-10-31.json,0d6d21c90d3a6541be26d6289802bce07a29e53a8f1be7914505eefcb5ba3af5,200,23,2026-09-29T12:04:18Z
Beras Kualitas Super II,com_6,PIHPS Bank Indonesia,https://www.bi.go.id/hargapangan/WebSite/TabelHarga/GetGridDataKomoditas,PIHPS backend JSON GET,1,13,34,Pasar Kramatjati,3,2025-11-01,2025-11-30,data/raw/pihps/raw_json/beras_kualitas_super_ii/2025-11-01_2025-11-30.json,267910bb9f464311263216cf836db7e98cbeceb32a4a948eaf07d047fd2e960f,200,20,2026-09-29T12:04:19Z
Beras Kualitas Super II,com_6,PIHPS Bank Indonesia,https://www.bi.go.id/hargapangan/WebSite/TabelHarga/GetGridDataKomoditas,PIHPS backend JSON GET,1,13,34,Pasar Kramatjati,3,2025-12-01,2025-12-31,data/raw/pihps/raw_json/beras_kualitas_super_ii/2025-12-01_2025-12-31.json,e747012d80b5c8995c8b9a160babe009ceb82fa0ff36680235621b3e8cc21ee4,200,23,2026-09-29T12:04:20Z
Beras Kualitas Super II,com_6,PIHPS Bank Indonesia,https://www.bi.go.id/hargapangan/WebSite/TabelHarga/GetGridDataKomoditas,PIHPS backend JSON GET,1,13,34,Pasar Kramatjati,3,2026-01-01,2026-01-31,data/raw/pihps/raw_json/beras_kualitas_super_ii/2026-01-01_2026-01-31.json,31eb51effbaa963ce740ecf843a71b042e8b1ebbfc0e29a977eec8ff7bf860bb,200,22,2026-09-29T12:04:21Z
Beras Kualitas Super II,com_6,PIHPS Bank Indonesia,https://www.bi.go.id/hargapangan/WebSite/TabelHarga/GetGridDataKomoditas,PIHPS backend JSON GET,1,13,34,Pasar Kramatjati,3,2026-02-01,2026-02-28,data/raw/pihps/raw_json/beras_kualitas_super_ii/2026-02-01_2026-02-28.json,a7a4f51a3f79d88bc3d6c6e7e6ac522e94f6a93aa290dea0ad021e326a166a70,200,20,2026-09-29T12:04:23Z
Beras Kualitas Super II,com_6,PIHPS Bank Indonesia,https://www.bi.go.id/hargapangan/WebSite/TabelHarga/GetGridDataKomoditas,PIHPS backend JSON GET,1,13,34,Pasar Kramatjati,3,2026-03-01,2026-03-31,data/raw/pihps/raw_json/beras_kualitas_super_ii/2026-03-01_2026-03-31.json,9412a9708bb54dcc5f40c24599645c175ac9993118355be46855024673e1e8e7,200,22,2026-09-29T12:04:25Z
Beras Kualitas Super II,com_6,PIHPS Bank Indonesia,https://www.bi.go.id/hargapangan/WebSite/TabelHarga/GetGridDataKomoditas,PIHPS backend JSON GET,1,13,34,Pasar Kramatjati,3,2026-04-01,2026-04-30,data/raw/pihps/raw_json/beras_kualitas_super_ii/2026-04-01_2026-04-30.json,7636fc1e754c5d3263c81a04d1b8d637357baca2b0030fb7f4cdfe568b5fd8d8,200,22,2026-09-29T12:04:27Z
Beras Kualitas Super II,com_6,PIHPS Bank Indonesia,https://www.bi.go.id/hargapangan/WebSite/TabelHarga/GetGridDataKomoditas,PIHPS backend JSON GET,1,13,34,Pasar Kramatjati,3,2026-05-01,2026-05-31,data/raw/pihps/raw_json/beras_kualitas_super_ii/2026-05-01_2026-05-31.json,f33e5420a02c45c4fdff29d4d9b7fe2337f4897dfb41e3abd19b583ccbad703f,200,21,2026-09-29T12:04:29Z
Beras Kualitas Super II,com_6,PIHPS Bank Indonesia,https://www.bi.go.id/hargapangan/WebSite/TabelHarga/GetGridDataKomoditas,PIHPS backend JSON GET,1,13,34,Pasar Kramatjati,3,2026-06-01,2026-06-30,data/raw/pihps/raw_json/beras_kualitas_super_ii/2026-06-01_2026-06-30.json,841749c41f585890c6de749551f8363d237907ffc971c312a24fa89225ee40f7,200,22,2026-09-29T12:04:31Z
Beras Kualitas Super II,com_6,PIHPS Bank Indonesia,https://www.bi.go.id/hargapangan/WebSite/TabelHarga/GetGridDataKomoditas,PIHPS backend JSON GET,1,13,34,Pasar Kramatjati,3,2026-07-01,2026-07-31,data/raw/pihps/raw_json/beras_kualitas_super_ii/2026-07-01_2026-07-31.json,01862ba55aa8a7399d580dead0add2b8b7e902329bc3db9db140009b0dea5f3a,200,23,2026-09-29T12:04:33Z
Beras Kualitas Super II,com_6,PIHPS Bank Indonesia,https://www.bi.go.id/hargapangan/WebSite/TabelHarga/GetGridDataKomoditas,PIHPS backend JSON GET,1,13,34,Pasar Kramatjati,3,2026-08-01,2026-08-31,data/raw/pihps/raw_json/beras_kualitas_super_ii/2026-08-01_2026-08-31.json,34df164915d30a4469377a8b667aa5cc188103e5c2d72ce35e9802dd86963b7c,200,21,2026-09-29T12:04:35Z
Beras Kualitas Super II,com_6,PIHPS Bank Indonesia,https://www.bi.go.id/hargapangan/WebSite/TabelHarga/GetGridDataKomoditas,PIHPS backend JSON GET,1,13,34,Pasar Kramatjati,3,2026-09-01,2026-09-29,data/raw/pihps/raw_json/beras_kualitas_super_ii/2026-09-01_2026-09-29.json,48ecae53d0ef12c78a633bd4cec8ce5623bcae929b92a3179ccf5a9ef3819617,200,21,2026-09-29T12:04:37Z
Bawang Merah Ukuran Sedang,com_11,PIHPS Bank Indonesia,https://www.bi.go.id/hargapangan/WebSite/TabelHarga/GetGridDataKomoditas,PIHPS backend JSON GET,1,13,34,Pasar Kramatjati,3,2022-01-01,2022-01-31,data/raw/pihps/raw_json/bawang_merah_ukuran_sedang/2022-01-01_2022-01-31.json,e032f0eb1f12eb1480e8085ef20037b9de9fccb70fba24640572a4bc2912f057,200,21,2026-09-29T12:04:38Z
Bawang Merah Ukuran Sedang,com_11,PIHPS Bank Indonesia,https://www.bi.go.id/hargapangan/WebSite/TabelHarga/GetGridDataKomoditas,PIHPS backend JSON GET,1,13,34,Pasar Kramatjati,3,2022-02-01,2022-02-28,data/raw/pihps/raw_json/bawang_merah_ukuran_sedang/2022-02-01_2022-02-28.json,badac79779cff08db8430633cec57c988d6997fb0576a956d291210fde0fc068,200,20,2026-09-29T12:04:39Z
Bawang Merah Ukuran Sedang,com_11,PIHPS Bank Indonesia,https://www.bi.go.id/hargapangan/WebSite/TabelHarga/GetGridDataKomoditas,PIHPS backend JSON GET,1,13,34,Pasar Kramatjati,3,2022-03-01,2022-03-31,data/raw/pihps/raw_json/bawang_merah_ukuran_sedang/2022-03-01_2022-03-31.json,19d8d5cc7c283fc6966a9c9e1b1af15177dd5d1237947eb231dd9cd408ad69c2,200,23,2026-09-29T12:04:41Z
Bawang Merah Ukuran Sedang,com_11,PIHPS Bank Indonesia,https://www.bi.go.id/hargapangan/WebSite/TabelHarga/GetGridDataKomoditas,PIHPS backend JSON GET,1,13,34,Pasar Kramatjati,3,2022-04-01,2022-04-30,data/raw/pihps/raw_json/bawang_merah_ukuran_sedang/2022-04-01_2022-04-30.json,aea50446aa72ebe14bc64654ec503b4245d678efb71d45b95bf75dd611c01e15,200,21,2026-09-29T12:04:42Z
Bawang Merah Ukuran Sedang,com_11,PIHPS Bank Indonesia,https://www.bi.go.id/hargapangan/WebSite/TabelHarga/GetGridDataKomoditas,PIHPS backend JSON GET,1,13,34,Pasar Kramatjati,3,2022-05-01,2022-05-31,data/raw/pihps/raw_json/bawang_merah_ukuran_sedang/2022-05-01_2022-05-31.json,419defd2334aee9e048dddf7b464a361f55422efc9b5dc74808f2308e47d9f8f,200,22,2026-09-29T12:04:43Z
Bawang Merah Ukuran Sedang,com_11,PIHPS Bank Indonesia,https://www.bi.go.id/hargapangan/WebSite/TabelHarga/GetGridDataKomoditas,PIHPS backend JSON GET,1,13,34,Pasar Kramatjati,3,2022-06-01,2022-06-30,data/raw/pihps/raw_json/bawang_merah_ukuran_sedang/2022-06-01_2022-06-30.json,5d4ff2e13284d1b8b0ff63e09cd9d4ab2aeda8dedaf4ca573c8ec2294cfa7ff2,200,22,2026-09-29T12:04:44Z
Bawang Merah Ukuran Sedang,com_11,PIHPS Bank Indonesia,https://www.bi.go.id/hargapangan/WebSite/TabelHarga/GetGridDataKomoditas,PIHPS backend JSON GET,1,13,34,Pasar Kramatjati,3,2022-07-01,2022-07-31,data/raw/pihps/raw_json/bawang_merah_ukuran_sedang/2022-07-01_2022-07-31.json,3ee967e3a61175024cd349552ebc7b8e8612c441b8780a9ac95327e59e7e88ec,200,21,2026-09-29T12:04:45Z
Bawang Merah Ukuran Sedang,com_11,PIHPS Bank Indonesia,https://www.bi.go.id/hargapangan/WebSite/TabelHarga/GetGridDataKomoditas,PIHPS backend JSON GET,1,13,34,Pasar Kramatjati,3,2022-08-01,2022-08-31,data/raw/pihps/raw_json/bawang_merah_ukuran_sedang/2022-08-01_2022-08-31.json,205a771e539f1afce46316fb6deb9affd2bf743d8af58d32205e11f8748f625b,200,23,2026-09-29T12:04:46Z
Bawang Merah Ukuran Sedang,com_11,PIHPS Bank Indonesia,https://www.bi.go.id/hargapangan/WebSite/TabelHarga/GetGridDataKomoditas,PIHPS backend JSON GET,1,13,34,Pasar Kramatjati,3,2022-09-01,2022-09-30,data/raw/pihps/raw_json/bawang_merah_ukuran_sedang/2022-09-01_2022-09-30.json,09403bdc631181e0aad1cc0a3d8754af793de38f71e47b609d933f18dc9579cf,200,22,2026-09-29T12:04:47Z
Bawang Merah Ukuran Sedang,com_11,PIHPS Bank Indonesia,https://www.bi.go.id/hargapangan/WebSite/TabelHarga/GetGridDataKomoditas,PIHPS backend JSON GET,1,13,34,Pasar Kramatjati,3,2022-10-01,2022-10-31,data/raw/pihps/raw_json/bawang_merah_ukuran_sedang/2022-10-01_2022-10-31.json,ebfcd37fd5564c18d75e8f9143c6c1785a3d0a6e3df891b086b2e3a4d496ba29,200,21,2026-09-29T12:04:48Z
Bawang Merah Ukuran Sedang,com_11,PIHPS Bank Indonesia,https://www.bi.go.id/hargapangan/WebSite/TabelHarga/GetGridDataKomoditas,PIHPS backend JSON GET,1,13,34,Pasar Kramatjati,3,2022-11-01,2022-11-30,data/raw/pihps/raw_json/bawang_merah_ukuran_sedang/2022-11-01_2022-11-30.json,7576fb3fb1f20d583437726b7e7febffff7d6ba87c989f2c5994d951d621d01c,200,22,2026-09-29T12:04:49Z
Bawang Merah Ukuran Sedang,com_11,PIHPS Bank Indonesia,https://www.bi.go.id/hargapangan/WebSite/TabelHarga/GetGridDataKomoditas,PIHPS backend JSON GET,1,13,34,Pasar Kramatjati,3,2022-12-01,2022-12-31,data/raw/pihps/raw_json/bawang_merah_ukuran_sedang/2022-12-01_2022-12-31.json,6c09ad5a4cdc56c2bce476f1cf2e8404a39f73022cde8b6e5b549b1e638157f0,200,22,2026-09-29T12:04:51Z
Bawang Merah Ukuran Sedang,com_11,PIHPS Bank Indonesia,https://www.bi.go.id/hargapangan/WebSite/TabelHarga/GetGridDataKomoditas,PIHPS backend JSON GET,1,13,34,Pasar Kramatjati,3,2023-01-01,2023-01-31,data/raw/pihps/raw_json/bawang_merah_ukuran_sedang/2023-01-01_2023-01-31.json,783ffaf1b2fa1e95978b961ce33056a3e52e2d921445dbd60389730b6cf63c80,200,22,2026-09-29T12:04:52Z
Bawang Merah Ukuran Sedang,com_11,PIHPS Bank Indonesia,https://www.bi.go.id/hargapangan/WebSite/TabelHarga/GetGridDataKomoditas,PIHPS backend JSON GET,1,13,34,Pasar Kramatjati,3,2023-02-01,2023-02-28,data/raw/pihps/raw_json/bawang_merah_ukuran_sedang/2023-02-01_2023-02-28.json,0c8ec6d5e520e193eb02bb5861a6d362428e3d6b0cdc74deee744a460b1e3aad,200,20,2026-09-29T12:04:53Z
Bawang Merah Ukuran Sedang,com_11,PIHPS Bank Indonesia,https://www.bi.go.id/hargapangan/WebSite/TabelHarga/GetGridDataKomoditas,PIHPS backend JSON GET,1,13,34,Pasar Kramatjati,3,2023-03-01,2023-03-31,data/raw/pihps/raw_json/bawang_merah_ukuran_sedang/2023-03-01_2023-03-31.json,00b65e8a09aebb7cb97ad3de160a576877836150c0318d54216176bdb452d0fa,200,23,2026-09-29T12:04:54Z
Bawang Merah Ukuran Sedang,com_11,PIHPS Bank Indonesia,https://www.bi.go.id/hargapangan/WebSite/TabelHarga/GetGridDataKomoditas,PIHPS backend JSON GET,1,13,34,Pasar Kramatjati,3,2023-04-01,2023-04-30,data/raw/pihps/raw_json/bawang_merah_ukuran_sedang/2023-04-01_2023-04-30.json,2d8a27cb7c696eabe1a6f2fe05783f01cc23fa21e1c96a3412478be9ed31055c,200,20,2026-09-29T12:04:55Z
Bawang Merah Ukuran Sedang,com_11,PIHPS Bank Indonesia,https://www.bi.go.id/hargapangan/WebSite/TabelHarga/GetGridDataKomoditas,PIHPS backend JSON GET,1,13,34,Pasar Kramatjati,3,2023-05-01,2023-05-31,data/raw/pihps/raw_json/bawang_merah_ukuran_sedang/2023-05-01_2023-05-31.json,1da3211570f39dc6a8442123012d01d7eca9f2957fccb756e353cfd11842df9a,200,23,2026-09-29T12:04:56Z
Bawang Merah Ukuran Sedang,com_11,PIHPS Bank Indonesia,https://www.bi.go.id/hargapangan/WebSite/TabelHarga/GetGridDataKomoditas,PIHPS backend JSON GET,1,13,34,Pasar Kramatjati,3,2023-06-01,2023-06-30,data/raw/pihps/raw_json/bawang_merah_ukuran_sedang/2023-06-01_2023-06-30.json,064ea09bc2a48864eb25c7584a70bd3e88eb83f52444870e6bd1bcfc35ab8438,200,22,2026-09-29T12:04:57Z
Bawang Merah Ukuran Sedang,com_11,PIHPS Bank Indonesia,https://www.bi.go.id/hargapangan/WebSite/TabelHarga/GetGridDataKomoditas,PIHPS backend JSON GET,1,13,34,Pasar Kramatjati,3,2023-07-01,2023-07-31,data/raw/pihps/raw_json/bawang_merah_ukuran_sedang/2023-07-01_2023-07-31.json,11176b59283958ee5bfa263d80c26f76393ce06bde85b9fce525454e5305ab77,200,21,2026-09-29T12:04:58Z
Bawang Merah Ukuran Sedang,com_11,PIHPS Bank Indonesia,https://www.bi.go.id/hargapangan/WebSite/TabelHarga/GetGridDataKomoditas,PIHPS backend JSON GET,1,13,34,Pasar Kramatjati,3,2023-08-01,2023-08-31,data/raw/pihps/raw_json/bawang_merah_ukuran_sedang/2023-08-01_2023-08-31.json,9ca418ca13b2f685e70ef10ad3c59a71617d427d0c58956f975059e3b49ec4e9,200,23,2026-09-29T12:05:00Z
Bawang Merah Ukuran Sedang,com_11,PIHPS Bank Indonesia,https://www.bi.go.id/hargapangan/WebSite/TabelHarga/GetGridDataKomoditas,PIHPS backend JSON GET,1,13,34,Pasar Kramatjati,3,2023-09-01,2023-09-30,data/raw/pihps/raw_json/bawang_merah_ukuran_sedang/2023-09-01_2023-09-30.json,9512a4b37300acc86327a16418ec5e7df30c4c139291a93a9661848c904c43ec,200,21,2026-09-29T12:05:01Z
Bawang Merah Ukuran Sedang,com_11,PIHPS Bank Indonesia,https://www.bi.go.id/hargapangan/WebSite/TabelHarga/GetGridDataKomoditas,PIHPS backend JSON GET,1,13,34,Pasar Kramatjati,3,2023-10-01,2023-10-31,data/raw/pihps/raw_json/bawang_merah_ukuran_sedang/2023-10-01_2023-10-31.json,a4e7e0f28ce2089da1cd1771f5f7ac386bbddc1a991441d5972d3a8e912d4c34,200,22,2026-09-29T12:05:02Z
Bawang Merah Ukuran Sedang,com_11,PIHPS Bank Indonesia,https://www.bi.go.id/hargapangan/WebSite/TabelHarga/GetGridDataKomoditas,PIHPS backend JSON GET,1,13,34,Pasar Kramatjati,3,2023-11-01,2023-11-30,data/raw/pihps/raw_json/bawang_merah_ukuran_sedang/2023-11-01_2023-11-30.json,a61795a0b07cb88db9991e54bdce2db1646fa60bfe834b55b3f4185310f9ca7d,200,22,2026-09-29T12:05:03Z
Bawang Merah Ukuran Sedang,com_11,PIHPS Bank Indonesia,https://www.bi.go.id/hargapangan/WebSite/TabelHarga/GetGridDataKomoditas,PIHPS backend JSON GET,1,13,34,Pasar Kramatjati,3,2023-12-01,2023-12-31,data/raw/pihps/raw_json/bawang_merah_ukuran_sedang/2023-12-01_2023-12-31.json,05b41e57c3549ef91595dd698e8da27e5988efdebff61cb6b78db65050038491,200,21,2026-09-29T12:05:04Z
Bawang Merah Ukuran Sedang,com_11,PIHPS Bank Indonesia,https://www.bi.go.id/hargapangan/WebSite/TabelHarga/GetGridDataKomoditas,PIHPS backend JSON GET,1,13,34,Pasar Kramatjati,3,2024-01-01,2024-01-31,data/raw/pihps/raw_json/bawang_merah_ukuran_sedang/2024-01-01_2024-01-31.json,a5e91b7906b28cadc54eb73c4fb811303ea8a05b746e5215f7723e8119ad3b84,200,23,2026-09-29T12:05:05Z
Bawang Merah Ukuran Sedang,com_11,PIHPS Bank Indonesia,https://www.bi.go.id/hargapangan/WebSite/TabelHarga/GetGridDataKomoditas,PIHPS backend JSON GET,1,13,34,Pasar Kramatjati,3,2024-02-01,2024-02-29,data/raw/pihps/raw_json/bawang_merah_ukuran_sedang/2024-02-01_2024-02-29.json,6ead847c45a1f91e0832d108b3be558db1c10d95d164bc5d505e69a52fa60722,200,21,2026-09-29T12:05:06Z
Bawang Merah Ukuran Sedang,com_11,PIHPS Bank Indonesia,https://www.bi.go.id/hargapangan/WebSite/TabelHarga/GetGridDataKomoditas,PIHPS backend JSON GET,1,13,34,Pasar Kramatjati,3,2024-03-01,2024-03-31,data/raw/pihps/raw_json/bawang_merah_ukuran_sedang/2024-03-01_2024-03-31.json,f7e9d5de0e299d0821ccb1d4ac5a9f8ca454b746bcd055342ff5289e44e98503,200,21,2026-09-29T12:05:07Z
Bawang Merah Ukuran Sedang,com_11,PIHPS Bank Indonesia,https://www.bi.go.id/hargapangan/WebSite/TabelHarga/GetGridDataKomoditas,PIHPS backend JSON GET,1,13,34,Pasar Kramatjati,3,2024-04-01,2024-04-30,data/raw/pihps/raw_json/bawang_merah_ukuran_sedang/2024-04-01_2024-04-30.json,18bda21fa7a9184f054de1a569cd83d8cbb660c3620ca7befd5129b081a48005,200,22,2026-09-29T12:05:08Z
Bawang Merah Ukuran Sedang,com_11,PIHPS Bank Indonesia,https://www.bi.go.id/hargapangan/WebSite/TabelHarga/GetGridDataKomoditas,PIHPS backend JSON GET,1,13,34,Pasar Kramatjati,3,2024-05-01,2024-05-31,data/raw/pihps/raw_json/bawang_merah_ukuran_sedang/2024-05-01_2024-05-31.json,e1c0154e5c8edf7f4544b1d6a8977628987a229eb03bbc6df120bfb0a5032374,200,23,2026-09-29T12:05:10Z
Bawang Merah Ukuran Sedang,com_11,PIHPS Bank Indonesia,https://www.bi.go.id/hargapangan/WebSite/TabelHarga/GetGridDataKomoditas,PIHPS backend JSON GET,1,13,34,Pasar Kramatjati,3,2024-06-01,2024-06-30,data/raw/pihps/raw_json/bawang_merah_ukuran_sedang/2024-06-01_2024-06-30.json,ac0a5435fce3854344e3af19754c23d6d082abaedf1667b84798fa420534fda8,200,20,2026-09-29T12:05:11Z
Bawang Merah Ukuran Sedang,com_11,PIHPS Bank Indonesia,https://www.bi.go.id/hargapangan/WebSite/TabelHarga/GetGridDataKomoditas,PIHPS backend JSON GET,1,13,34,Pasar Kramatjati,3,2024-07-01,2024-07-31,data/raw/pihps/raw_json/bawang_merah_ukuran_sedang/2024-07-01_2024-07-31.json,59b2d2d59ef469c461bb42243a546382febdbf1d5eac023bf3727d74d668bf97,200,23,2026-09-29T12:05:12Z
Bawang Merah Ukuran Sedang,com_11,PIHPS Bank Indonesia,https://www.bi.go.id/hargapangan/WebSite/TabelHarga/GetGridDataKomoditas,PIHPS backend JSON GET,1,13,34,Pasar Kramatjati,3,2024-08-01,2024-08-31,data/raw/pihps/raw_json/bawang_merah_ukuran_sedang/2024-08-01_2024-08-31.json,47945b4c0fc3a9a1789971233fe94c9656af09e37ecc80ce0737f683a589b632,200,22,2026-09-29T12:05:13Z
Bawang Merah Ukuran Sedang,com_11,PIHPS Bank Indonesia,https://www.bi.go.id/hargapangan/WebSite/TabelHarga/GetGridDataKomoditas,PIHPS backend JSON GET,1,13,34,Pasar Kramatjati,3,2024-09-01,2024-09-30,data/raw/pihps/raw_json/bawang_merah_ukuran_sedang/2024-09-01_2024-09-30.json,7da1841762ccb58c8003059fecce8f8c07a0c86cd85cb13e28ef4022ba8a0be6,200,21,2026-09-29T12:05:14Z
Bawang Merah Ukuran Sedang,com_11,PIHPS Bank Indonesia,https://www.bi.go.id/hargapangan/WebSite/TabelHarga/GetGridDataKomoditas,PIHPS backend JSON GET,1,13,34,Pasar Kramatjati,3,2024-10-01,2024-10-31,data/raw/pihps/raw_json/bawang_merah_ukuran_sedang/2024-10-01_2024-10-31.json,6f4b5efe483e7731cba03c78a51b245cda428cdd73b8b2c9642960582f25350f,200,23,2026-09-29T12:05:15Z
Bawang Merah Ukuran Sedang,com_11,PIHPS Bank Indonesia,https://www.bi.go.id/hargapangan/WebSite/TabelHarga/GetGridDataKomoditas,PIHPS backend JSON GET,1,13,34,Pasar Kramatjati,3,2024-11-01,2024-11-30,data/raw/pihps/raw_json/bawang_merah_ukuran_sedang/2024-11-01_2024-11-30.json,a1bfa38af6874abbc8b892b6b2cf46ef91aa3c4c14a896e1c1d263d86953b833,200,21,2026-09-29T12:05:16Z
Bawang Merah Ukuran Sedang,com_11,PIHPS Bank Indonesia,https://www.bi.go.id/hargapangan/WebSite/TabelHarga/GetGridDataKomoditas,PIHPS backend JSON GET,1,13,34,Pasar Kramatjati,3,2024-12-01,2024-12-31,data/raw/pihps/raw_json/bawang_merah_ukuran_sedang/2024-12-01_2024-12-31.json,1109624828373d922b2a63a7acddadd5148ad818669c850bcbbd365d5e404459,200,22,2026-09-29T12:05:17Z
Bawang Merah Ukuran Sedang,com_11,PIHPS Bank Indonesia,https://www.bi.go.id/hargapangan/WebSite/TabelHarga/GetGridDataKomoditas,PIHPS backend JSON GET,1,13,34,Pasar Kramatjati,3,2025-01-01,2025-01-31,data/raw/pihps/raw_json/bawang_merah_ukuran_sedang/2025-01-01_2025-01-31.json,e35c8a0829c116b2a1aff79010b01d11ed423dd0888b38495c90c93d53e95de8,200,23,2026-09-29T12:05:18Z
Bawang Merah Ukuran Sedang,com_11,PIHPS Bank Indonesia,https://www.bi.go.id/hargapangan/WebSite/TabelHarga/GetGridDataKomoditas,PIHPS backend JSON GET,1,13,34,Pasar Kramatjati,3,2025-02-01,2025-02-28,data/raw/pihps/raw_json/bawang_merah_ukuran_sedang/2025-02-01_2025-02-28.json,9e6848c1462d34f95ea3099eb8c2d85800c432c3ab4300a222e8c847ad5e942a,200,20,2026-09-29T12:05:20Z
Bawang Merah Ukuran Sedang,com_11,PIHPS Bank Indonesia,https://www.bi.go.id/hargapangan/WebSite/TabelHarga/GetGridDataKomoditas,PIHPS backend JSON GET,1,13,34,Pasar Kramatjati,3,2025-03-01,2025-03-31,data/raw/pihps/raw_json/bawang_merah_ukuran_sedang/2025-03-01_2025-03-31.json,c5bdbda2c9cf605512a48ab6168fe21f903375f60dd28b43c24ad6a48e488b3c,200,21,2026-09-29T12:05:21Z
Bawang Merah Ukuran Sedang,com_11,PIHPS Bank Indonesia,https://www.bi.go.id/hargapangan/WebSite/TabelHarga/GetGridDataKomoditas,PIHPS backend JSON GET,1,13,34,Pasar Kramatjati,3,2025-04-01,2025-04-30,data/raw/pihps/raw_json/bawang_merah_ukuran_sedang/2025-04-01_2025-04-30.json,2f4a1c0c7e699db5fa036ed0e46d3c673a5fa4c4a638c9a02ebeecbd93f5bea0,200,22,2026-09-29T12:05:22Z
Bawang Merah Ukuran Sedang,com_11,PIHPS Bank Indonesia,https://www.bi.go.id/hargapangan/WebSite/TabelHarga/GetGridDataKomoditas,PIHPS backend JSON GET,1,13,34,Pasar Kramatjati,3,2025-05-01,2025-05-31,data/raw/pihps/raw_json/bawang_merah_ukuran_sedang/2025-05-01_2025-05-31.json,14aec80d4553c8df5ddcd516dd181b6ea7b2b01527069065446d731975a0f139,200,22,2026-09-29T12:05:23Z
Bawang Merah Ukuran Sedang,com_11,PIHPS Bank Indonesia,https://www.bi.go.id/hargapangan/WebSite/TabelHarga/GetGridDataKomoditas,PIHPS backend JSON GET,1,13,34,Pasar Kramatjati,3,2025-06-01,2025-06-30,data/raw/pihps/raw_json/bawang_merah_ukuran_sedang/2025-06-01_2025-06-30.json,8e2c2ac597c67d2c2fdb40d8c62159067f42b9cde606905fdc49e0622a7fefd2,200,21,2026-09-29T12:05:24Z
Bawang Merah Ukuran Sedang,com_11,PIHPS Bank Indonesia,https://www.bi.go.id/hargapangan/WebSite/TabelHarga/GetGridDataKomoditas,PIHPS backend JSON GET,1,13,34,Pasar Kramatjati,3,2025-07-01,2025-07-31,data/raw/pihps/raw_json/bawang_merah_ukuran_sedang/2025-07-01_2025-07-31.json,5d19d932e9a41630105a03e531868e8b95d5c30a1bc35d36e6aa1bda0a982b9e,200,23,2026-09-29T12:05:25Z
Bawang Merah Ukuran Sedang,com_11,PIHPS Bank Indonesia,https://www.bi.go.id/hargapangan/WebSite/TabelHarga/GetGridDataKomoditas,PIHPS backend JSON GET,1,13,34,Pasar Kramatjati,3,2025-08-01,2025-08-31,data/raw/pihps/raw_json/bawang_merah_ukuran_sedang/2025-08-01_2025-08-31.json,d11ba38cfcd37e6908e9fa0d63fda85eb508ee4a017ed12fa8937f23c7e85dd2,200,21,2026-09-29T12:05:26Z
Bawang Merah Ukuran Sedang,com_11,PIHPS Bank Indonesia,https://www.bi.go.id/hargapangan/WebSite/TabelHarga/GetGridDataKomoditas,PIHPS backend JSON GET,1,13,34,Pasar Kramatjati,3,2025-09-01,2025-09-30,data/raw/pihps/raw_json/bawang_merah_ukuran_sedang/2025-09-01_2025-09-30.json,26edce8db02f77c19e41f671be883a320f1374cec39f4b0ad16f356ea7e3343a,200,22,2026-09-29T12:05:27Z
Bawang Merah Ukuran Sedang,com_11,PIHPS Bank Indonesia,https://www.bi.go.id/hargapangan/WebSite/TabelHarga/GetGridDataKomoditas,PIHPS backend JSON GET,1,13,34,Pasar Kramatjati,3,2025-10-01,2025-10-31,data/raw/pihps/raw_json/bawang_merah_ukuran_sedang/2025-10-01_2025-10-31.json,a0436e6fac00a5a342413e900f723755b094434cbd6e392962006d0ba47f85fb,200,23,2026-09-29T12:05:28Z
Bawang Merah Ukuran Sedang,com_11,PIHPS Bank Indonesia,https://www.bi.go.id/hargapangan/WebSite/TabelHarga/GetGridDataKomoditas,PIHPS backend JSON GET,1,13,34,Pasar Kramatjati,3,2025-11-01,2025-11-30,data/raw/pihps/raw_json/bawang_merah_ukuran_sedang/2025-11-01_2025-11-30.json,df8dcc9ebad58768d4c10992a2ba214387afc600ec173bb0da7fc7a6f9451cbc,200,20,2026-09-29T12:05:29Z
Bawang Merah Ukuran Sedang,com_11,PIHPS Bank Indonesia,https://www.bi.go.id/hargapangan/WebSite/TabelHarga/GetGridDataKomoditas,PIHPS backend JSON GET,1,13,34,Pasar Kramatjati,3,2025-12-01,2025-12-31,data/raw/pihps/raw_json/bawang_merah_ukuran_sedang/2025-12-01_2025-12-31.json,90aae1e17a7b6d94a7172a6170275932b4ed8efed2b6ac8cf9c89d618d4d395f,200,23,2026-09-29T12:05:30Z
Bawang Merah Ukuran Sedang,com_11,PIHPS Bank Indonesia,https://www.bi.go.id/hargapangan/WebSite/TabelHarga/GetGridDataKomoditas,PIHPS backend JSON GET,1,13,34,Pasar Kramatjati,3,2026-01-01,2026-01-31,data/raw/pihps/raw_json/bawang_merah_ukuran_sedang/2026-01-01_2026-01-31.json,8f5cfc7b56f9200ce209a22c9a3c1fb86899ee72b3d9cef0d601814dcaa8b856,200,22,2026-09-29T12:05:32Z
Bawang Merah Ukuran Sedang,com_11,PIHPS Bank Indonesia,https://www.bi.go.id/hargapangan/WebSite/TabelHarga/GetGridDataKomoditas,PIHPS backend JSON GET,1,13,34,Pasar Kramatjati,3,2026-02-01,2026-02-28,data/raw/pihps/raw_json/bawang_merah_ukuran_sedang/2026-02-01_2026-02-28.json,d6dd2e4898785319f2dd5de6ad7ae4bf86d0bac398bf67ef13eae674bdfe3e8c,200,20,2026-09-29T12:05:33Z
Bawang Merah Ukuran Sedang,com_11,PIHPS Bank Indonesia,https://www.bi.go.id/hargapangan/WebSite/TabelHarga/GetGridDataKomoditas,PIHPS backend JSON GET,1,13,34,Pasar Kramatjati,3,2026-03-01,2026-03-31,data/raw/pihps/raw_json/bawang_merah_ukuran_sedang/2026-03-01_2026-03-31.json,33897b38c800b8a91a52f37589dab4c7271f7a0b699836d322d0ec4b8e422e4f,200,22,2026-09-29T12:05:36Z
Bawang Merah Ukuran Sedang,com_11,PIHPS Bank Indonesia,https://www.bi.go.id/hargapangan/WebSite/TabelHarga/GetGridDataKomoditas,PIHPS backend JSON GET,1,13,34,Pasar Kramatjati,3,2026-04-01,2026-04-30,data/raw/pihps/raw_json/bawang_merah_ukuran_sedang/2026-04-01_2026-04-30.json,2eaeddc072ada79054720c3e7a3194e9efe37f583d3503d58c335acc2d1ae59c,200,22,2026-09-29T12:05:38Z
Bawang Merah Ukuran Sedang,com_11,PIHPS Bank Indonesia,https://www.bi.go.id/hargapangan/WebSite/TabelHarga/GetGridDataKomoditas,PIHPS backend JSON GET,1,13,34,Pasar Kramatjati,3,2026-05-01,2026-05-31,data/raw/pihps/raw_json/bawang_merah_ukuran_sedang/2026-05-01_2026-05-31.json,3e76bab56abf331d7df96d84aadd7cab651c5f19ccc414fd8540efed5c281fac,200,21,2026-09-29T12:05:40Z
Bawang Merah Ukuran Sedang,com_11,PIHPS Bank Indonesia,https://www.bi.go.id/hargapangan/WebSite/TabelHarga/GetGridDataKomoditas,PIHPS backend JSON GET,1,13,34,Pasar Kramatjati,3,2026-06-01,2026-06-30,data/raw/pihps/raw_json/bawang_merah_ukuran_sedang/2026-06-01_2026-06-30.json,4e052664ee1fec949c333c4a9ab05358f8db05b98bffa069b9703921e7838d09,200,22,2026-09-29T12:05:42Z
Bawang Merah Ukuran Sedang,com_11,PIHPS Bank Indonesia,https://www.bi.go.id/hargapangan/WebSite/TabelHarga/GetGridDataKomoditas,PIHPS backend JSON GET,1,13,34,Pasar Kramatjati,3,2026-07-01,2026-07-31,data/raw/pihps/raw_json/bawang_merah_ukuran_sedang/2026-07-01_2026-07-31.json,efed029490308e262b12117c9432d457bb4416b256b575e7c2b319bb1bcef2bf,200,23,2026-09-29T12:05:45Z
Bawang Merah Ukuran Sedang,com_11,PIHPS Bank Indonesia,https://www.bi.go.id/hargapangan/WebSite/TabelHarga/GetGridDataKomoditas,PIHPS backend JSON GET,1,13,34,Pasar Kramatjati,3,2026-08-01,2026-08-31,data/raw/pihps/raw_json/bawang_merah_ukuran_sedang/2026-08-01_2026-08-31.json,fe6267b80ef27dd6cd358477b9008582b21b109884c43d433e7a5348035aba0c,200,21,2026-09-29T12:05:47Z
Bawang Merah Ukuran Sedang,com_11,PIHPS Bank Indonesia,https://www.bi.go.id/hargapangan/WebSite/TabelHarga/GetGridDataKomoditas,PIHPS backend JSON GET,1,13,34,Pasar Kramatjati,3,2026-09-01,2026-09-29,data/raw/pihps/raw_json/bawang_merah_ukuran_sedang/2026-09-01_2026-09-29.json,d7e4cddbdd52a47a5d589d3714f9ea5db0bd78aefacf4fd8ee125d5b810d0e77,200,21,2026-09-29T12:05:49Z
Bawang Putih Ukuran Sedang,com_12,PIHPS Bank Indonesia,https://www.bi.go.id/hargapangan/WebSite/TabelHarga/GetGridDataKomoditas,PIHPS backend JSON GET,1,13,34,Pasar Kramatjati,3,2022-01-01,2022-01-31,data/raw/pihps/raw_json/bawang_putih_ukuran_sedang/2022-01-01_2022-01-31.json,63e41cf98ba902a6823b2889e9a489104985e18239d3f5310248d732a79847ab,200,21,2026-09-29T12:05:50Z
Bawang Putih Ukuran Sedang,com_12,PIHPS Bank Indonesia,https://www.bi.go.id/hargapangan/WebSite/TabelHarga/GetGridDataKomoditas,PIHPS backend JSON GET,1,13,34,Pasar Kramatjati,3,2022-02-01,2022-02-28,data/raw/pihps/raw_json/bawang_putih_ukuran_sedang/2022-02-01_2022-02-28.json,cfadef4349601641ec2280f719c1ee86d7a7d28512286b12e148adeb7f46c1f2,200,20,2026-09-29T12:05:51Z
Bawang Putih Ukuran Sedang,com_12,PIHPS Bank Indonesia,https://www.bi.go.id/hargapangan/WebSite/TabelHarga/GetGridDataKomoditas,PIHPS backend JSON GET,1,13,34,Pasar Kramatjati,3,2022-03-01,2022-03-31,data/raw/pihps/raw_json/bawang_putih_ukuran_sedang/2022-03-01_2022-03-31.json,a12da2f89c5fe01472fc1d8cc80eb81eab725469c2671f435459ff1f5f017f17,200,23,2026-09-29T12:05:53Z
Bawang Putih Ukuran Sedang,com_12,PIHPS Bank Indonesia,https://www.bi.go.id/hargapangan/WebSite/TabelHarga/GetGridDataKomoditas,PIHPS backend JSON GET,1,13,34,Pasar Kramatjati,3,2022-04-01,2022-04-30,data/raw/pihps/raw_json/bawang_putih_ukuran_sedang/2022-04-01_2022-04-30.json,bf0761f923fe3a86aec9b7f8d67ff92d43b7d2de7b99702baec6575ed9a75028,200,21,2026-09-29T12:05:54Z
Bawang Putih Ukuran Sedang,com_12,PIHPS Bank Indonesia,https://www.bi.go.id/hargapangan/WebSite/TabelHarga/GetGridDataKomoditas,PIHPS backend JSON GET,1,13,34,Pasar Kramatjati,3,2022-05-01,2022-05-31,data/raw/pihps/raw_json/bawang_putih_ukuran_sedang/2022-05-01_2022-05-31.json,7a6bafa47340843394bc0bdd60e51c9051da50b6f8122ad453006c710168dbfc,200,22,2026-09-29T12:05:55Z
Bawang Putih Ukuran Sedang,com_12,PIHPS Bank Indonesia,https://www.bi.go.id/hargapangan/WebSite/TabelHarga/GetGridDataKomoditas,PIHPS backend JSON GET,1,13,34,Pasar Kramatjati,3,2022-06-01,2022-06-30,data/raw/pihps/raw_json/bawang_putih_ukuran_sedang/2022-06-01_2022-06-30.json,3612ea4b1d89807e61bc708d0b56ad0f49e8bfea1e6f552be7532e179bbd13c1,200,22,2026-09-29T12:05:56Z
Bawang Putih Ukuran Sedang,com_12,PIHPS Bank Indonesia,https://www.bi.go.id/hargapangan/WebSite/TabelHarga/GetGridDataKomoditas,PIHPS backend JSON GET,1,13,34,Pasar Kramatjati,3,2022-07-01,2022-07-31,data/raw/pihps/raw_json/bawang_putih_ukuran_sedang/2022-07-01_2022-07-31.json,a450298e8d20ae7dd0839f49b1942441c657709cea9404d8bc5dbcd8632dccf0,200,21,2026-09-29T12:05:57Z
Bawang Putih Ukuran Sedang,com_12,PIHPS Bank Indonesia,https://www.bi.go.id/hargapangan/WebSite/TabelHarga/GetGridDataKomoditas,PIHPS backend JSON GET,1,13,34,Pasar Kramatjati,3,2022-08-01,2022-08-31,data/raw/pihps/raw_json/bawang_putih_ukuran_sedang/2022-08-01_2022-08-31.json,7152e18fb3e963c86b032f40d03f6f729698b00c9f0c945706d43e8934416c69,200,23,2026-09-29T12:05:58Z
Bawang Putih Ukuran Sedang,com_12,PIHPS Bank Indonesia,https://www.bi.go.id/hargapangan/WebSite/TabelHarga/GetGridDataKomoditas,PIHPS backend JSON GET,1,13,34,Pasar Kramatjati,3,2022-09-01,2022-09-30,data/raw/pihps/raw_json/bawang_putih_ukuran_sedang/2022-09-01_2022-09-30.json,c46933c92616e97c217fa4632a85c4b633d15e2a61b2fa3c1d1dc6061a9f80e8,200,22,2026-09-29T12:05:59Z
Bawang Putih Ukuran Sedang,com_12,PIHPS Bank Indonesia,https://www.bi.go.id/hargapangan/WebSite/TabelHarga/GetGridDataKomoditas,PIHPS backend JSON GET,1,13,34,Pasar Kramatjati,3,2022-10-01,2022-10-31,data/raw/pihps/raw_json/bawang_putih_ukuran_sedang/2022-10-01_2022-10-31.json,75bc6d77e6ff026c38a3a4c99f4830cb1cda3eecaa88b16ef9cc39711c97680a,200,21,2026-09-29T12:06:01Z
Bawang Putih Ukuran Sedang,com_12,PIHPS Bank Indonesia,https://www.bi.go.id/hargapangan/WebSite/TabelHarga/GetGridDataKomoditas,PIHPS backend JSON GET,1,13,34,Pasar Kramatjati,3,2022-11-01,2022-11-30,data/raw/pihps/raw_json/bawang_putih_ukuran_sedang/2022-11-01_2022-11-30.json,83aa18d9e72b1838ec49d312d503ef8a92c71cbc4e90518425129509f76e8582,200,22,2026-09-29T12:06:02Z
Bawang Putih Ukuran Sedang,com_12,PIHPS Bank Indonesia,https://www.bi.go.id/hargapangan/WebSite/TabelHarga/GetGridDataKomoditas,PIHPS backend JSON GET,1,13,34,Pasar Kramatjati,3,2022-12-01,2022-12-31,data/raw/pihps/raw_json/bawang_putih_ukuran_sedang/2022-12-01_2022-12-31.json,99814651de8b1dd505877bcc8e3a31b64ff36d7be6f0fa1b55d1194b6cd53d9f,200,22,2026-09-29T12:06:03Z
Bawang Putih Ukuran Sedang,com_12,PIHPS Bank Indonesia,https://www.bi.go.id/hargapangan/WebSite/TabelHarga/GetGridDataKomoditas,PIHPS backend JSON GET,1,13,34,Pasar Kramatjati,3,2023-01-01,2023-01-31,data/raw/pihps/raw_json/bawang_putih_ukuran_sedang/2023-01-01_2023-01-31.json,432ec897f03d9422193c646320e9ec971173d8cae9e4e702318f1b148b3ef50e,200,22,2026-09-29T12:06:05Z
Bawang Putih Ukuran Sedang,com_12,PIHPS Bank Indonesia,https://www.bi.go.id/hargapangan/WebSite/TabelHarga/GetGridDataKomoditas,PIHPS backend JSON GET,1,13,34,Pasar Kramatjati,3,2023-02-01,2023-02-28,data/raw/pihps/raw_json/bawang_putih_ukuran_sedang/2023-02-01_2023-02-28.json,774f1b86ae7efc7822e9e59070dd7d0b5fc14b15706fd7ca51794b5f32a05e12,200,20,2026-09-29T12:06:06Z
Bawang Putih Ukuran Sedang,com_12,PIHPS Bank Indonesia,https://www.bi.go.id/hargapangan/WebSite/TabelHarga/GetGridDataKomoditas,PIHPS backend JSON GET,1,13,34,Pasar Kramatjati,3,2023-03-01,2023-03-31,data/raw/pihps/raw_json/bawang_putih_ukuran_sedang/2023-03-01_2023-03-31.json,60fd6799e80c45e241f161b97891a61f9342f4c033a6a3e98591724c23813d7d,200,23,2026-09-29T12:06:07Z
Bawang Putih Ukuran Sedang,com_12,PIHPS Bank Indonesia,https://www.bi.go.id/hargapangan/WebSite/TabelHarga/GetGridDataKomoditas,PIHPS backend JSON GET,1,13,34,Pasar Kramatjati,3,2023-04-01,2023-04-30,data/raw/pihps/raw_json/bawang_putih_ukuran_sedang/2023-04-01_2023-04-30.json,b20a1fe9a6fe861bfeea55ff5f9275c2ff053cdc285f9c3f6111049287a26b41,200,20,2026-09-29T12:06:08Z
Bawang Putih Ukuran Sedang,com_12,PIHPS Bank Indonesia,https://www.bi.go.id/hargapangan/WebSite/TabelHarga/GetGridDataKomoditas,PIHPS backend JSON GET,1,13,34,Pasar Kramatjati,3,2023-05-01,2023-05-31,data/raw/pihps/raw_json/bawang_putih_ukuran_sedang/2023-05-01_2023-05-31.json,a6db47b830f3b6b6c218cf14d4c5b599bc2023601c0493d08744c835d49f8b38,200,23,2026-09-29T12:06:09Z
Bawang Putih Ukuran Sedang,com_12,PIHPS Bank Indonesia,https://www.bi.go.id/hargapangan/WebSite/TabelHarga/GetGridDataKomoditas,PIHPS backend JSON GET,1,13,34,Pasar Kramatjati,3,2023-06-01,2023-06-30,data/raw/pihps/raw_json/bawang_putih_ukuran_sedang/2023-06-01_2023-06-30.json,5269a0ce165bcc879f9ca45571de00df2fc2fede8337629052be16b45e5cc65f,200,22,2026-09-29T12:06:10Z
Bawang Putih Ukuran Sedang,com_12,PIHPS Bank Indonesia,https://www.bi.go.id/hargapangan/WebSite/TabelHarga/GetGridDataKomoditas,PIHPS backend JSON GET,1,13,34,Pasar Kramatjati,3,2023-07-01,2023-07-31,data/raw/pihps/raw_json/bawang_putih_ukuran_sedang/2023-07-01_2023-07-31.json,ec823079bd6ceaf3e2ab9c8ac7591000ade24ad9bba730a6238a9d601b86ecb6,200,21,2026-09-29T12:06:11Z
Bawang Putih Ukuran Sedang,com_12,PIHPS Bank Indonesia,https://www.bi.go.id/hargapangan/WebSite/TabelHarga/GetGridDataKomoditas,PIHPS backend JSON GET,1,13,34,Pasar Kramatjati,3,2023-08-01,2023-08-31,data/raw/pihps/raw_json/bawang_putih_ukuran_sedang/2023-08-01_2023-08-31.json,f378439168195e31d20b5b7af898c8232dbd1656e0084bd68a9fe5012f66b72c,200,23,2026-09-29T12:06:12Z
Bawang Putih Ukuran Sedang,com_12,PIHPS Bank Indonesia,https://www.bi.go.id/hargapangan/WebSite/TabelHarga/GetGridDataKomoditas,PIHPS backend JSON GET,1,13,34,Pasar Kramatjati,3,2023-09-01,2023-09-30,data/raw/pihps/raw_json/bawang_putih_ukuran_sedang/2023-09-01_2023-09-30.json,99112fb35bad92139e116b691d7012a488582b395c10e59ff468c4df544530c7,200,21,2026-09-29T12:06:13Z
Bawang Putih Ukuran Sedang,com_12,PIHPS Bank Indonesia,https://www.bi.go.id/hargapangan/WebSite/TabelHarga/GetGridDataKomoditas,PIHPS backend JSON GET,1,13,34,Pasar Kramatjati,3,2023-10-01,2023-10-31,data/raw/pihps/raw_json/bawang_putih_ukuran_sedang/2023-10-01_2023-10-31.json,1a5be47d1164bb30b00a416871b3423f5500533944d61f1181cf10ae133d0e3b,200,22,2026-09-29T12:06:14Z
Bawang Putih Ukuran Sedang,com_12,PIHPS Bank Indonesia,https://www.bi.go.id/hargapangan/WebSite/TabelHarga/GetGridDataKomoditas,PIHPS backend JSON GET,1,13,34,Pasar Kramatjati,3,2023-11-01,2023-11-30,data/raw/pihps/raw_json/bawang_putih_ukuran_sedang/2023-11-01_2023-11-30.json,f104450533dfb6641e5f5c5182fa1be91b4b02782b78330fa8b4a9a28f4ebaf7,200,22,2026-09-29T12:06:15Z
Bawang Putih Ukuran Sedang,com_12,PIHPS Bank Indonesia,https://www.bi.go.id/hargapangan/WebSite/TabelHarga/GetGridDataKomoditas,PIHPS backend JSON GET,1,13,34,Pasar Kramatjati,3,2023-12-01,2023-12-31,data/raw/pihps/raw_json/bawang_putih_ukuran_sedang/2023-12-01_2023-12-31.json,075600dd312cfaa859e98ac5c8b6de749e0b35c68aafe4eeab116696752303c4,200,21,2026-09-29T12:06:17Z
Bawang Putih Ukuran Sedang,com_12,PIHPS Bank Indonesia,https://www.bi.go.id/hargapangan/WebSite/TabelHarga/GetGridDataKomoditas,PIHPS backend JSON GET,1,13,34,Pasar Kramatjati,3,2024-01-01,2024-01-31,data/raw/pihps/raw_json/bawang_putih_ukuran_sedang/2024-01-01_2024-01-31.json,78338bf9b40202c8f8564ebd01a3396dc17ec5b08bf3cd195d9a4e283ab35488,200,23,2026-09-29T12:06:18Z
Bawang Putih Ukuran Sedang,com_12,PIHPS Bank Indonesia,https://www.bi.go.id/hargapangan/WebSite/TabelHarga/GetGridDataKomoditas,PIHPS backend JSON GET,1,13,34,Pasar Kramatjati,3,2024-02-01,2024-02-29,data/raw/pihps/raw_json/bawang_putih_ukuran_sedang/2024-02-01_2024-02-29.json,9ca2cb0a53dc54778e6845fa3b29b9bba247caa773cca26939457c5635bad9b0,200,21,2026-09-29T12:06:19Z
Bawang Putih Ukuran Sedang,com_12,PIHPS Bank Indonesia,https://www.bi.go.id/hargapangan/WebSite/TabelHarga/GetGridDataKomoditas,PIHPS backend JSON GET,1,13,34,Pasar Kramatjati,3,2024-03-01,2024-03-31,data/raw/pihps/raw_json/bawang_putih_ukuran_sedang/2024-03-01_2024-03-31.json,5097cb3bb13459c43ce626eca432d28c83007683b641803740c96d16c126907e,200,21,2026-09-29T12:06:20Z
Bawang Putih Ukuran Sedang,com_12,PIHPS Bank Indonesia,https://www.bi.go.id/hargapangan/WebSite/TabelHarga/GetGridDataKomoditas,PIHPS backend JSON GET,1,13,34,Pasar Kramatjati,3,2024-04-01,2024-04-30,data/raw/pihps/raw_json/bawang_putih_ukuran_sedang/2024-04-01_2024-04-30.json,d66de248352d1594a8f8dd41d2a502d2cba972b47263c5eae1fd56ce12f9922a,200,22,2026-09-29T12:06:21Z
Bawang Putih Ukuran Sedang,com_12,PIHPS Bank Indonesia,https://www.bi.go.id/hargapangan/WebSite/TabelHarga/GetGridDataKomoditas,PIHPS backend JSON GET,1,13,34,Pasar Kramatjati,3,2024-05-01,2024-05-31,data/raw/pihps/raw_json/bawang_putih_ukuran_sedang/2024-05-01_2024-05-31.json,551ad5ac60e60e372a08e0d146635cb628e0c8e84e40dc0fae90e946ee16952e,200,23,2026-09-29T12:06:22Z
Bawang Putih Ukuran Sedang,com_12,PIHPS Bank Indonesia,https://www.bi.go.id/hargapangan/WebSite/TabelHarga/GetGridDataKomoditas,PIHPS backend JSON GET,1,13,34,Pasar Kramatjati,3,2024-06-01,2024-06-30,data/raw/pihps/raw_json/bawang_putih_ukuran_sedang/2024-06-01_2024-06-30.json,089e97e20b69b7cb92c00bac3de1f32e6734d17438517fe76589287b155be258,200,20,2026-09-29T12:06:23Z
Bawang Putih Ukuran Sedang,com_12,PIHPS Bank Indonesia,https://www.bi.go.id/hargapangan/WebSite/TabelHarga/GetGridDataKomoditas,PIHPS backend JSON GET,1,13,34,Pasar Kramatjati,3,2024-07-01,2024-07-31,data/raw/pihps/raw_json/bawang_putih_ukuran_sedang/2024-07-01_2024-07-31.json,66e231ec2bcf7bdfc34269360248079d1aa3696b80aaa60ce6b380117ce90724,200,23,2026-09-29T12:06:24Z
Bawang Putih Ukuran Sedang,com_12,PIHPS Bank Indonesia,https://www.bi.go.id/hargapangan/WebSite/TabelHarga/GetGridDataKomoditas,PIHPS backend JSON GET,1,13,34,Pasar Kramatjati,3,2024-08-01,2024-08-31,data/raw/pihps/raw_json/bawang_putih_ukuran_sedang/2024-08-01_2024-08-31.json,b37ad8930b716298a580be11ddc8e03ac64eeb99def8c8eafe4576a028099a29,200,22,2026-09-29T12:06:25Z
Bawang Putih Ukuran Sedang,com_12,PIHPS Bank Indonesia,https://www.bi.go.id/hargapangan/WebSite/TabelHarga/GetGridDataKomoditas,PIHPS backend JSON GET,1,13,34,Pasar Kramatjati,3,2024-09-01,2024-09-30,data/raw/pihps/raw_json/bawang_putih_ukuran_sedang/2024-09-01_2024-09-30.json,6ab8cb4a2cae9715b188a206c21a408b54e2cb1ca9c8a21977cbe5ed5d1229f4,200,21,2026-09-29T12:06:26Z
Bawang Putih Ukuran Sedang,com_12,PIHPS Bank Indonesia,https://www.bi.go.id/hargapangan/WebSite/TabelHarga/GetGridDataKomoditas,PIHPS backend JSON GET,1,13,34,Pasar Kramatjati,3,2024-10-01,2024-10-31,data/raw/pihps/raw_json/bawang_putih_ukuran_sedang/2024-10-01_2024-10-31.json,d18269a446dcd2eb110faae43d362ef852d60e3229fab46a242ece0c172aea10,200,23,2026-09-29T12:06:27Z
Bawang Putih Ukuran Sedang,com_12,PIHPS Bank Indonesia,https://www.bi.go.id/hargapangan/WebSite/TabelHarga/GetGridDataKomoditas,PIHPS backend JSON GET,1,13,34,Pasar Kramatjati,3,2024-11-01,2024-11-30,data/raw/pihps/raw_json/bawang_putih_ukuran_sedang/2024-11-01_2024-11-30.json,54a8d093956a28041b0c3c923b53be40e3a76f89685a567594fdf748f309ec0a,200,21,2026-09-29T12:06:28Z
Bawang Putih Ukuran Sedang,com_12,PIHPS Bank Indonesia,https://www.bi.go.id/hargapangan/WebSite/TabelHarga/GetGridDataKomoditas,PIHPS backend JSON GET,1,13,34,Pasar Kramatjati,3,2024-12-01,2024-12-31,data/raw/pihps/raw_json/bawang_putih_ukuran_sedang/2024-12-01_2024-12-31.json,faddce6073bdb60967799a3fd07d4a17e8c306799a9e3e60bcd8731f3d5b0f93,200,22,2026-09-29T12:06:30Z
Bawang Putih Ukuran Sedang,com_12,PIHPS Bank Indonesia,https://www.bi.go.id/hargapangan/WebSite/TabelHarga/GetGridDataKomoditas,PIHPS backend JSON GET,1,13,34,Pasar Kramatjati,3,2025-01-01,2025-01-31,data/raw/pihps/raw_json/bawang_putih_ukuran_sedang/2025-01-01_2025-01-31.json,0b0e8af46197b7a30fa6b55a1f2f6d39bbd1c750dd9d63beece64e2ce5958646,200,23,2026-09-29T12:06:31Z
Bawang Putih Ukuran Sedang,com_12,PIHPS Bank Indonesia,https://www.bi.go.id/hargapangan/WebSite/TabelHarga/GetGridDataKomoditas,PIHPS backend JSON GET,1,13,34,Pasar Kramatjati,3,2025-02-01,2025-02-28,data/raw/pihps/raw_json/bawang_putih_ukuran_sedang/2025-02-01_2025-02-28.json,95d219e87192599c8c2026d8ac4f89c3c0507dae12c038f26788f850a345d006,200,20,2026-09-29T12:06:32Z
Bawang Putih Ukuran Sedang,com_12,PIHPS Bank Indonesia,https://www.bi.go.id/hargapangan/WebSite/TabelHarga/GetGridDataKomoditas,PIHPS backend JSON GET,1,13,34,Pasar Kramatjati,3,2025-03-01,2025-03-31,data/raw/pihps/raw_json/bawang_putih_ukuran_sedang/2025-03-01_2025-03-31.json,b39ca4aa1de2569084b227949022b4f7c8e285744f4189cba29ebe1fc29c348d,200,21,2026-09-29T12:06:33Z
Bawang Putih Ukuran Sedang,com_12,PIHPS Bank Indonesia,https://www.bi.go.id/hargapangan/WebSite/TabelHarga/GetGridDataKomoditas,PIHPS backend JSON GET,1,13,34,Pasar Kramatjati,3,2025-04-01,2025-04-30,data/raw/pihps/raw_json/bawang_putih_ukuran_sedang/2025-04-01_2025-04-30.json,e78cdeee3e55c658bade9b1fa07ebf4e0bb389597911e0456d64122ec60e86f3,200,22,2026-09-29T12:06:34Z
Bawang Putih Ukuran Sedang,com_12,PIHPS Bank Indonesia,https://www.bi.go.id/hargapangan/WebSite/TabelHarga/GetGridDataKomoditas,PIHPS backend JSON GET,1,13,34,Pasar Kramatjati,3,2025-05-01,2025-05-31,data/raw/pihps/raw_json/bawang_putih_ukuran_sedang/2025-05-01_2025-05-31.json,3944c6a4a93ec4bd12712959c6ff9878f5ebefc52bd949f59469ff7345cc4cbe,200,22,2026-09-29T12:06:35Z
Bawang Putih Ukuran Sedang,com_12,PIHPS Bank Indonesia,https://www.bi.go.id/hargapangan/WebSite/TabelHarga/GetGridDataKomoditas,PIHPS backend JSON GET,1,13,34,Pasar Kramatjati,3,2025-06-01,2025-06-30,data/raw/pihps/raw_json/bawang_putih_ukuran_sedang/2025-06-01_2025-06-30.json,4fd216dc0238b54deeceb68106614d7fa2eb7c070a86a3515d8e5109c705522b,200,21,2026-09-29T12:06:36Z
Bawang Putih Ukuran Sedang,com_12,PIHPS Bank Indonesia,https://www.bi.go.id/hargapangan/WebSite/TabelHarga/GetGridDataKomoditas,PIHPS backend JSON GET,1,13,34,Pasar Kramatjati,3,2025-07-01,2025-07-31,data/raw/pihps/raw_json/bawang_putih_ukuran_sedang/2025-07-01_2025-07-31.json,65e04d53a58747b8a7db10deadc03211cadcf8f762e9e5b2b2d58671d75e5c60,200,23,2026-09-29T12:06:37Z
Bawang Putih Ukuran Sedang,com_12,PIHPS Bank Indonesia,https://www.bi.go.id/hargapangan/WebSite/TabelHarga/GetGridDataKomoditas,PIHPS backend JSON GET,1,13,34,Pasar Kramatjati,3,2025-08-01,2025-08-31,data/raw/pihps/raw_json/bawang_putih_ukuran_sedang/2025-08-01_2025-08-31.json,5fdb859336eca2bed9968f9575aa42042d4d0fcd4e98cf697cd2fd36a0c37b89,200,21,2026-09-29T12:06:38Z
Bawang Putih Ukuran Sedang,com_12,PIHPS Bank Indonesia,https://www.bi.go.id/hargapangan/WebSite/TabelHarga/GetGridDataKomoditas,PIHPS backend JSON GET,1,13,34,Pasar Kramatjati,3,2025-09-01,2025-09-30,data/raw/pihps/raw_json/bawang_putih_ukuran_sedang/2025-09-01_2025-09-30.json,2893f24a3590e567ce432e179b912b84d595fa329ef9094b75bd2dccee6c9c29,200,22,2026-09-29T12:06:39Z
Bawang Putih Ukuran Sedang,com_12,PIHPS Bank Indonesia,https://www.bi.go.id/hargapangan/WebSite/TabelHarga/GetGridDataKomoditas,PIHPS backend JSON GET,1,13,34,Pasar Kramatjati,3,2025-10-01,2025-10-31,data/raw/pihps/raw_json/bawang_putih_ukuran_sedang/2025-10-01_2025-10-31.json,9b2f53c2d19d4302f2a91deccdd02ba5ec0419779931b7bcddc893d568378d98,200,23,2026-09-29T12:06:40Z
Bawang Putih Ukuran Sedang,com_12,PIHPS Bank Indonesia,https://www.bi.go.id/hargapangan/WebSite/TabelHarga/GetGridDataKomoditas,PIHPS backend JSON GET,1,13,34,Pasar Kramatjati,3,2025-11-01,2025-11-30,data/raw/pihps/raw_json/bawang_putih_ukuran_sedang/2025-11-01_2025-11-30.json,1eed102c2a5c2b1662f88c0ab2d13c2fc292e8b72776f5d1dc2e6e669644a713,200,20,2026-09-29T12:06:42Z
Bawang Putih Ukuran Sedang,com_12,PIHPS Bank Indonesia,https://www.bi.go.id/hargapangan/WebSite/TabelHarga/GetGridDataKomoditas,PIHPS backend JSON GET,1,13,34,Pasar Kramatjati,3,2025-12-01,2025-12-31,data/raw/pihps/raw_json/bawang_putih_ukuran_sedang/2025-12-01_2025-12-31.json,0d8928518a64ecda1bbb87bf1c8090f21dbd11832d15ee2c736b81b7654fd78c,200,23,2026-09-29T12:06:43Z
Bawang Putih Ukuran Sedang,com_12,PIHPS Bank Indonesia,https://www.bi.go.id/hargapangan/WebSite/TabelHarga/GetGridDataKomoditas,PIHPS backend JSON GET,1,13,34,Pasar Kramatjati,3,2026-01-01,2026-01-31,data/raw/pihps/raw_json/bawang_putih_ukuran_sedang/2026-01-01_2026-01-31.json,6a703bca1916d4fceccfbb96dc339de1c4ac2f7e6d380519e841852263884e77,200,22,2026-09-29T12:06:44Z
Bawang Putih Ukuran Sedang,com_12,PIHPS Bank Indonesia,https://www.bi.go.id/hargapangan/WebSite/TabelHarga/GetGridDataKomoditas,PIHPS backend JSON GET,1,13,34,Pasar Kramatjati,3,2026-02-01,2026-02-28,data/raw/pihps/raw_json/bawang_putih_ukuran_sedang/2026-02-01_2026-02-28.json,156754900286379667b55beb8512187f5780b46e51381d3aefd432c34fd46878,200,20,2026-09-29T12:06:45Z
Bawang Putih Ukuran Sedang,com_12,PIHPS Bank Indonesia,https://www.bi.go.id/hargapangan/WebSite/TabelHarga/GetGridDataKomoditas,PIHPS backend JSON GET,1,13,34,Pasar Kramatjati,3,2026-03-01,2026-03-31,data/raw/pihps/raw_json/bawang_putih_ukuran_sedang/2026-03-01_2026-03-31.json,c61e98252140b3b11fa0854d2464ca3634e5f304b085b71460771399834bc2c1,200,22,2026-09-29T12:06:47Z
Bawang Putih Ukuran Sedang,com_12,PIHPS Bank Indonesia,https://www.bi.go.id/hargapangan/WebSite/TabelHarga/GetGridDataKomoditas,PIHPS backend JSON GET,1,13,34,Pasar Kramatjati,3,2026-04-01,2026-04-30,data/raw/pihps/raw_json/bawang_putih_ukuran_sedang/2026-04-01_2026-04-30.json,d0b83997ac9253b30c4847ab039c5f3ca5d982813b784df7537b12e677f4e98f,200,22,2026-09-29T12:06:49Z
Bawang Putih Ukuran Sedang,com_12,PIHPS Bank Indonesia,https://www.bi.go.id/hargapangan/WebSite/TabelHarga/GetGridDataKomoditas,PIHPS backend JSON GET,1,13,34,Pasar Kramatjati,3,2026-05-01,2026-05-31,data/raw/pihps/raw_json/bawang_putih_ukuran_sedang/2026-05-01_2026-05-31.json,b035dbe5d678eb9ef368c53580debe5b7ef3174976d0382d3f7a1e81483f4d5b,200,21,2026-09-29T12:06:52Z
Bawang Putih Ukuran Sedang,com_12,PIHPS Bank Indonesia,https://www.bi.go.id/hargapangan/WebSite/TabelHarga/GetGridDataKomoditas,PIHPS backend JSON GET,1,13,34,Pasar Kramatjati,3,2026-06-01,2026-06-30,data/raw/pihps/raw_json/bawang_putih_ukuran_sedang/2026-06-01_2026-06-30.json,f0ea20449425851c9b2b473a14deb63412a100252ba57510e0218a5b41a8ce30,200,22,2026-09-29T12:06:54Z
Bawang Putih Ukuran Sedang,com_12,PIHPS Bank Indonesia,https://www.bi.go.id/hargapangan/WebSite/TabelHarga/GetGridDataKomoditas,PIHPS backend JSON GET,1,13,34,Pasar Kramatjati,3,2026-07-01,2026-07-31,data/raw/pihps/raw_json/bawang_putih_ukuran_sedang/2026-07-01_2026-07-31.json,7d54cdb8123fe227361868994cd922f924acd3dc30d6ac387e2bd6b0fd4b63c4,200,23,2026-09-29T12:06:56Z
Bawang Putih Ukuran Sedang,com_12,PIHPS Bank Indonesia,https://www.bi.go.id/hargapangan/WebSite/TabelHarga/GetGridDataKomoditas,PIHPS backend JSON GET,1,13,34,Pasar Kramatjati,3,2026-08-01,2026-08-31,data/raw/pihps/raw_json/bawang_putih_ukuran_sedang/2026-08-01_2026-08-31.json,e7df3c520fc62801a9ef0bf23def4b0f9fb4465e152dfade0f84008ecf117ad6,200,21,2026-09-29T12:06:58Z
Bawang Putih Ukuran Sedang,com_12,PIHPS Bank Indonesia,https://www.bi.go.id/hargapangan/WebSite/TabelHarga/GetGridDataKomoditas,PIHPS backend JSON GET,1,13,34,Pasar Kramatjati,3,2026-09-01,2026-09-29,data/raw/pihps/raw_json/bawang_putih_ukuran_sedang/2026-09-01_2026-09-29.json,baa27933560b85e4aa02cd8ce2eab21c50c3f7de561429b463ea40bc04c48545,200,21,2026-09-29T12:07:00Z
Cabai Merah Besar,com_13,PIHPS Bank Indonesia,https://www.bi.go.id/hargapangan/WebSite/TabelHarga/GetGridDataKomoditas,PIHPS backend JSON GET,1,13,34,Pasar Kramatjati,3,2022-01-01,2022-01-31,data/raw/pihps/raw_json/cabai_merah_besar/2022-01-01_2022-01-31.json,eff554c4f5ab89b7d0114ac49349e65884540c39f70ea5fd95996ee28397ecb8,200,21,2026-09-29T12:07:01Z
Cabai Merah Besar,com_13,PIHPS Bank Indonesia,https://www.bi.go.id/hargapangan/WebSite/TabelHarga/GetGridDataKomoditas,PIHPS backend JSON GET,1,13,34,Pasar Kramatjati,3,2022-02-01,2022-02-28,data/raw/pihps/raw_json/cabai_merah_besar/2022-02-01_2022-02-28.json,ec597a7a5b923b25fd1f445a20ea665f94bbfec6d93da121dae22cb754af42e3,200,20,2026-09-29T12:07:02Z
Cabai Merah Besar,com_13,PIHPS Bank Indonesia,https://www.bi.go.id/hargapangan/WebSite/TabelHarga/GetGridDataKomoditas,PIHPS backend JSON GET,1,13,34,Pasar Kramatjati,3,2022-03-01,2022-03-31,data/raw/pihps/raw_json/cabai_merah_besar/2022-03-01_2022-03-31.json,5d68527fd0c05fdbdf0b5739c00088726271590e9cd84cb86cb6feabcd480790,200,23,2026-09-29T12:07:03Z
Cabai Merah Besar,com_13,PIHPS Bank Indonesia,https://www.bi.go.id/hargapangan/WebSite/TabelHarga/GetGridDataKomoditas,PIHPS backend JSON GET,1,13,34,Pasar Kramatjati,3,2022-04-01,2022-04-30,data/raw/pihps/raw_json/cabai_merah_besar/2022-04-01_2022-04-30.json,ba0ee867eec6adbec8bfee9c1d0d9aab0c4035d9ad1838aafb7a84bcee1c14ed,200,21,2026-09-29T12:07:04Z
Cabai Merah Besar,com_13,PIHPS Bank Indonesia,https://www.bi.go.id/hargapangan/WebSite/TabelHarga/GetGridDataKomoditas,PIHPS backend JSON GET,1,13,34,Pasar Kramatjati,3,2022-05-01,2022-05-31,data/raw/pihps/raw_json/cabai_merah_besar/2022-05-01_2022-05-31.json,adac915aed606d487cec6ff8f6b93f30e7ba12eecb2b080fab0ccaafb61baaa3,200,22,2026-09-29T12:07:05Z
Cabai Merah Besar,com_13,PIHPS Bank Indonesia,https://www.bi.go.id/hargapangan/WebSite/TabelHarga/GetGridDataKomoditas,PIHPS backend JSON GET,1,13,34,Pasar Kramatjati,3,2022-06-01,2022-06-30,data/raw/pihps/raw_json/cabai_merah_besar/2022-06-01_2022-06-30.json,cb0f2600302b009d1d34824456d57a7775978086f6c3cfd9467b6fd0037d580e,200,22,2026-09-29T12:07:07Z
Cabai Merah Besar,com_13,PIHPS Bank Indonesia,https://www.bi.go.id/hargapangan/WebSite/TabelHarga/GetGridDataKomoditas,PIHPS backend JSON GET,1,13,34,Pasar Kramatjati,3,2022-07-01,2022-07-31,data/raw/pihps/raw_json/cabai_merah_besar/2022-07-01_2022-07-31.json,a816ebb0f9d0509beaac65e874f3467d36b6b663986601d2a123d57b161ed136,200,21,2026-09-29T12:07:08Z
Cabai Merah Besar,com_13,PIHPS Bank Indonesia,https://www.bi.go.id/hargapangan/WebSite/TabelHarga/GetGridDataKomoditas,PIHPS backend JSON GET,1,13,34,Pasar Kramatjati,3,2022-08-01,2022-08-31,data/raw/pihps/raw_json/cabai_merah_besar/2022-08-01_2022-08-31.json,1718154f6d2a0f36010e11920ca8533e58b9b692b2eeb4ad18b15316ce11cc30,200,23,2026-09-29T12:07:09Z
Cabai Merah Besar,com_13,PIHPS Bank Indonesia,https://www.bi.go.id/hargapangan/WebSite/TabelHarga/GetGridDataKomoditas,PIHPS backend JSON GET,1,13,34,Pasar Kramatjati,3,2022-09-01,2022-09-30,data/raw/pihps/raw_json/cabai_merah_besar/2022-09-01_2022-09-30.json,4c39d1ee28f3c2f4e880475962538e2b49332c2909e9b77802341e44b93780d4,200,22,2026-09-29T12:07:10Z
Cabai Merah Besar,com_13,PIHPS Bank Indonesia,https://www.bi.go.id/hargapangan/WebSite/TabelHarga/GetGridDataKomoditas,PIHPS backend JSON GET,1,13,34,Pasar Kramatjati,3,2022-10-01,2022-10-31,data/raw/pihps/raw_json/cabai_merah_besar/2022-10-01_2022-10-31.json,5fec357bbb816265dd74bfdfe5cbbe6e6d7c51aab832b7032b0e174f9979e43a,200,21,2026-09-29T12:07:11Z
Cabai Merah Besar,com_13,PIHPS Bank Indonesia,https://www.bi.go.id/hargapangan/WebSite/TabelHarga/GetGridDataKomoditas,PIHPS backend JSON GET,1,13,34,Pasar Kramatjati,3,2022-11-01,2022-11-30,data/raw/pihps/raw_json/cabai_merah_besar/2022-11-01_2022-11-30.json,64d5ff0e53af2b79b0ed24a9e48a5f672689f8f00bf7458d380114d87738bd1d,200,22,2026-09-29T12:07:12Z
Cabai Merah Besar,com_13,PIHPS Bank Indonesia,https://www.bi.go.id/hargapangan/WebSite/TabelHarga/GetGridDataKomoditas,PIHPS backend JSON GET,1,13,34,Pasar Kramatjati,3,2022-12-01,2022-12-31,data/raw/pihps/raw_json/cabai_merah_besar/2022-12-01_2022-12-31.json,3a70fe84a6de066901b460ece3b3f101a844d72d86b4adf20063be812ef112d9,200,22,2026-09-29T12:07:13Z
Cabai Merah Besar,com_13,PIHPS Bank Indonesia,https://www.bi.go.id/hargapangan/WebSite/TabelHarga/GetGridDataKomoditas,PIHPS backend JSON GET,1,13,34,Pasar Kramatjati,3,2023-01-01,2023-01-31,data/raw/pihps/raw_json/cabai_merah_besar/2023-01-01_2023-01-31.json,f1e0e8b30dd22b175ca54da134c8a00ad0093e3dc648541d8fef7a4d18517c12,200,22,2026-09-29T12:07:15Z
Cabai Merah Besar,com_13,PIHPS Bank Indonesia,https://www.bi.go.id/hargapangan/WebSite/TabelHarga/GetGridDataKomoditas,PIHPS backend JSON GET,1,13,34,Pasar Kramatjati,3,2023-02-01,2023-02-28,data/raw/pihps/raw_json/cabai_merah_besar/2023-02-01_2023-02-28.json,30e69cffe466780e58093675c733e19686b0e82c9e6d708c964a74e8916a8dd0,200,20,2026-09-29T12:07:16Z
Cabai Merah Besar,com_13,PIHPS Bank Indonesia,https://www.bi.go.id/hargapangan/WebSite/TabelHarga/GetGridDataKomoditas,PIHPS backend JSON GET,1,13,34,Pasar Kramatjati,3,2023-03-01,2023-03-31,data/raw/pihps/raw_json/cabai_merah_besar/2023-03-01_2023-03-31.json,f47a48e623631b83fc97c501680101b31444b145dcd07d7b588a6423e18d2b4e,200,23,2026-09-29T12:07:17Z
Cabai Merah Besar,com_13,PIHPS Bank Indonesia,https://www.bi.go.id/hargapangan/WebSite/TabelHarga/GetGridDataKomoditas,PIHPS backend JSON GET,1,13,34,Pasar Kramatjati,3,2023-04-01,2023-04-30,data/raw/pihps/raw_json/cabai_merah_besar/2023-04-01_2023-04-30.json,ba7e766e059f4756302501b4d262e69d475a240decf161fc29aceb6a899c39de,200,20,2026-09-29T12:07:18Z
Cabai Merah Besar,com_13,PIHPS Bank Indonesia,https://www.bi.go.id/hargapangan/WebSite/TabelHarga/GetGridDataKomoditas,PIHPS backend JSON GET,1,13,34,Pasar Kramatjati,3,2023-05-01,2023-05-31,data/raw/pihps/raw_json/cabai_merah_besar/2023-05-01_2023-05-31.json,e9139555fde9370257c8486ddad1de9ef88bb33e36794cdba12beae5ca59989c,200,23,2026-09-29T12:07:19Z
Cabai Merah Besar,com_13,PIHPS Bank Indonesia,https://www.bi.go.id/hargapangan/WebSite/TabelHarga/GetGridDataKomoditas,PIHPS backend JSON GET,1,13,34,Pasar Kramatjati,3,2023-06-01,2023-06-30,data/raw/pihps/raw_json/cabai_merah_besar/2023-06-01_2023-06-30.json,4fa7d99d6e8de8b7935ceee9a1750c19f5d8307e05248a453c168ceb3d8951db,200,22,2026-09-29T12:07:20Z
Cabai Merah Besar,com_13,PIHPS Bank Indonesia,https://www.bi.go.id/hargapangan/WebSite/TabelHarga/GetGridDataKomoditas,PIHPS backend JSON GET,1,13,34,Pasar Kramatjati,3,2023-07-01,2023-07-31,data/raw/pihps/raw_json/cabai_merah_besar/2023-07-01_2023-07-31.json,b3a64d246c53cc999be9bb803e390a6c516254d5013ec2b9e05516b389dcce58,200,21,2026-09-29T12:07:21Z
Cabai Merah Besar,com_13,PIHPS Bank Indonesia,https://www.bi.go.id/hargapangan/WebSite/TabelHarga/GetGridDataKomoditas,PIHPS backend JSON GET,1,13,34,Pasar Kramatjati,3,2023-08-01,2023-08-31,data/raw/pihps/raw_json/cabai_merah_besar/2023-08-01_2023-08-31.json,ee67191227cdbf5bf88d11bf165e228de568e65e7e01abb8cad252b4c8aca979,200,23,2026-09-29T12:07:22Z
Cabai Merah Besar,com_13,PIHPS Bank Indonesia,https://www.bi.go.id/hargapangan/WebSite/TabelHarga/GetGridDataKomoditas,PIHPS backend JSON GET,1,13,34,Pasar Kramatjati,3,2023-09-01,2023-09-30,data/raw/pihps/raw_json/cabai_merah_besar/2023-09-01_2023-09-30.json,99df2a42ac12b13d599ca1aedb71b8cf630c83028fdda952429f2fe8e82857e4,200,21,2026-09-29T12:07:23Z
Cabai Merah Besar,com_13,PIHPS Bank Indonesia,https://www.bi.go.id/hargapangan/WebSite/TabelHarga/GetGridDataKomoditas,PIHPS backend JSON GET,1,13,34,Pasar Kramatjati,3,2023-10-01,2023-10-31,data/raw/pihps/raw_json/cabai_merah_besar/2023-10-01_2023-10-31.json,36430cc0a8ec9ab386437b009f4b78d1bc29aae1f6853255d316ef4186bcc1f6,200,22,2026-09-29T12:07:24Z
Cabai Merah Besar,com_13,PIHPS Bank Indonesia,https://www.bi.go.id/hargapangan/WebSite/TabelHarga/GetGridDataKomoditas,PIHPS backend JSON GET,1,13,34,Pasar Kramatjati,3,2023-11-01,2023-11-30,data/raw/pihps/raw_json/cabai_merah_besar/2023-11-01_2023-11-30.json,55ee2c767faa1a5cf58e07d3a0c78103f7ee49b5713894cd02c5854cbf31a437,200,22,2026-09-29T12:07:25Z
Cabai Merah Besar,com_13,PIHPS Bank Indonesia,https://www.bi.go.id/hargapangan/WebSite/TabelHarga/GetGridDataKomoditas,PIHPS backend JSON GET,1,13,34,Pasar Kramatjati,3,2023-12-01,2023-12-31,data/raw/pihps/raw_json/cabai_merah_besar/2023-12-01_2023-12-31.json,442fdc0af06055e61c22c37f65203a514e449eb54be31696bcf6a69a1768d3af,200,21,2026-09-29T12:07:27Z
Cabai Merah Besar,com_13,PIHPS Bank Indonesia,https://www.bi.go.id/hargapangan/WebSite/TabelHarga/GetGridDataKomoditas,PIHPS backend JSON GET,1,13,34,Pasar Kramatjati,3,2024-01-01,2024-01-31,data/raw/pihps/raw_json/cabai_merah_besar/2024-01-01_2024-01-31.json,616b18467d56e5d528fe48cf61e5925ca4821331ae4d9f441cef6f355b2cb51f,200,23,2026-09-29T12:07:28Z
Cabai Merah Besar,com_13,PIHPS Bank Indonesia,https://www.bi.go.id/hargapangan/WebSite/TabelHarga/GetGridDataKomoditas,PIHPS backend JSON GET,1,13,34,Pasar Kramatjati,3,2024-02-01,2024-02-29,data/raw/pihps/raw_json/cabai_merah_besar/2024-02-01_2024-02-29.json,92912724f91c3687cf900dfbd642d076f4412c9bcb6dfbf4845eac286ad969bf,200,21,2026-09-29T12:07:29Z
Cabai Merah Besar,com_13,PIHPS Bank Indonesia,https://www.bi.go.id/hargapangan/WebSite/TabelHarga/GetGridDataKomoditas,PIHPS backend JSON GET,1,13,34,Pasar Kramatjati,3,2024-03-01,2024-03-31,data/raw/pihps/raw_json/cabai_merah_besar/2024-03-01_2024-03-31.json,6ecbf0b5d58c23c040e2c2f53231dbc1c6723c877541283f7648576b1b8911c6,200,21,2026-09-29T12:07:30Z
Cabai Merah Besar,com_13,PIHPS Bank Indonesia,https://www.bi.go.id/hargapangan/WebSite/TabelHarga/GetGridDataKomoditas,PIHPS backend JSON GET,1,13,34,Pasar Kramatjati,3,2024-04-01,2024-04-30,data/raw/pihps/raw_json/cabai_merah_besar/2024-04-01_2024-04-30.json,5f4bbed031bdd59c224c99aea5104aacd96d751c18fa02fc7f552503541014da,200,22,2026-09-29T12:07:31Z
Cabai Merah Besar,com_13,PIHPS Bank Indonesia,https://www.bi.go.id/hargapangan/WebSite/TabelHarga/GetGridDataKomoditas,PIHPS backend JSON GET,1,13,34,Pasar Kramatjati,3,2024-05-01,2024-05-31,data/raw/pihps/raw_json/cabai_merah_besar/2024-05-01_2024-05-31.json,b66a6de810b4136032c5bfd1775e9548faa08477845e7154182e87fea0a22456,200,23,2026-09-29T12:07:32Z
Cabai Merah Besar,com_13,PIHPS Bank Indonesia,https://www.bi.go.id/hargapangan/WebSite/TabelHarga/GetGridDataKomoditas,PIHPS backend JSON GET,1,13,34,Pasar Kramatjati,3,2024-06-01,2024-06-30,data/raw/pihps/raw_json/cabai_merah_besar/2024-06-01_2024-06-30.json,b940cc41bc463a54ab08e0f221d5c7d70e38a242e6be81d95da9d89033d4c20e,200,20,2026-09-29T12:07:33Z
Cabai Merah Besar,com_13,PIHPS Bank Indonesia,https://www.bi.go.id/hargapangan/WebSite/TabelHarga/GetGridDataKomoditas,PIHPS backend JSON GET,1,13,34,Pasar Kramatjati,3,2024-07-01,2024-07-31,data/raw/pihps/raw_json/cabai_merah_besar/2024-07-01_2024-07-31.json,fc053c53e7c0ad75b4529d264b9bc6e4a70a4a6103edc65cf04e37fe30e8ecba,200,23,2026-09-29T12:07:34Z
Cabai Merah Besar,com_13,PIHPS Bank Indonesia,https://www.bi.go.id/hargapangan/WebSite/TabelHarga/GetGridDataKomoditas,PIHPS backend JSON GET,1,13,34,Pasar Kramatjati,3,2024-08-01,2024-08-31,data/raw/pihps/raw_json/cabai_merah_besar/2024-08-01_2024-08-31.json,54c0ed7e8c0909d9f1e32c37e67fbd6b77c98189c2743075cc816769b8f9fa6d,200,22,2026-09-29T12:07:36Z
Cabai Merah Besar,com_13,PIHPS Bank Indonesia,https://www.bi.go.id/hargapangan/WebSite/TabelHarga/GetGridDataKomoditas,PIHPS backend JSON GET,1,13,34,Pasar Kramatjati,3,2024-09-01,2024-09-30,data/raw/pihps/raw_json/cabai_merah_besar/2024-09-01_2024-09-30.json,2498a1435673fe8380f30976250408d488d83a7e04e9683490c07ba57b26be7f,200,21,2026-09-29T12:07:37Z
Cabai Merah Besar,com_13,PIHPS Bank Indonesia,https://www.bi.go.id/hargapangan/WebSite/TabelHarga/GetGridDataKomoditas,PIHPS backend JSON GET,1,13,34,Pasar Kramatjati,3,2024-10-01,2024-10-31,data/raw/pihps/raw_json/cabai_merah_besar/2024-10-01_2024-10-31.json,fb43e3ba2358ba50dcdef798886e804cda5f0d0e23a178b50938e187e84aeb7a,200,23,2026-09-29T12:07:38Z
Cabai Merah Besar,com_13,PIHPS Bank Indonesia,https://www.bi.go.id/hargapangan/WebSite/TabelHarga/GetGridDataKomoditas,PIHPS backend JSON GET,1,13,34,Pasar Kramatjati,3,2024-11-01,2024-11-30,data/raw/pihps/raw_json/cabai_merah_besar/2024-11-01_2024-11-30.json,34a829d640a0102252ce6f08fe0a77eba44a40f3a35c41e108793dd7e86b6542,200,21,2026-09-29T12:07:39Z
Cabai Merah Besar,com_13,PIHPS Bank Indonesia,https://www.bi.go.id/hargapangan/WebSite/TabelHarga/GetGridDataKomoditas,PIHPS backend JSON GET,1,13,34,Pasar Kramatjati,3,2024-12-01,2024-12-31,data/raw/pihps/raw_json/cabai_merah_besar/2024-12-01_2024-12-31.json,b1d4a2a928084cc15bb8aab60fc60a298ac99ad69df61531aab95c016c0cf32b,200,22,2026-09-29T12:07:40Z
Cabai Merah Besar,com_13,PIHPS Bank Indonesia,https://www.bi.go.id/hargapangan/WebSite/TabelHarga/GetGridDataKomoditas,PIHPS backend JSON GET,1,13,34,Pasar Kramatjati,3,2025-01-01,2025-01-31,data/raw/pihps/raw_json/cabai_merah_besar/2025-01-01_2025-01-31.json,c74477e2ee71f05d705f9219361d8582fc97d96477756eee4713a2b2e9789125,200,23,2026-09-29T12:07:41Z
Cabai Merah Besar,com_13,PIHPS Bank Indonesia,https://www.bi.go.id/hargapangan/WebSite/TabelHarga/GetGridDataKomoditas,PIHPS backend JSON GET,1,13,34,Pasar Kramatjati,3,2025-02-01,2025-02-28,data/raw/pihps/raw_json/cabai_merah_besar/2025-02-01_2025-02-28.json,244e7cc2d9abf6747c04a326f0e2e4260868b720d373373ed53bb55dd2e58987,200,20,2026-09-29T12:07:42Z
Cabai Merah Besar,com_13,PIHPS Bank Indonesia,https://www.bi.go.id/hargapangan/WebSite/TabelHarga/GetGridDataKomoditas,PIHPS backend JSON GET,1,13,34,Pasar Kramatjati,3,2025-03-01,2025-03-31,data/raw/pihps/raw_json/cabai_merah_besar/2025-03-01_2025-03-31.json,7dfd71992ad6b47c1e8e162ffcc45813c596a405803575e4addfdb32ebde3953,200,21,2026-09-29T12:07:43Z
Cabai Merah Besar,com_13,PIHPS Bank Indonesia,https://www.bi.go.id/hargapangan/WebSite/TabelHarga/GetGridDataKomoditas,PIHPS backend JSON GET,1,13,34,Pasar Kramatjati,3,2025-04-01,2025-04-30,data/raw/pihps/raw_json/cabai_merah_besar/2025-04-01_2025-04-30.json,fb56a4c8e1b482b70ab26a5fb38324759f5336b81bd51e1006eb5b83f14437df,200,22,2026-09-29T12:07:44Z
Cabai Merah Besar,com_13,PIHPS Bank Indonesia,https://www.bi.go.id/hargapangan/WebSite/TabelHarga/GetGridDataKomoditas,PIHPS backend JSON GET,1,13,34,Pasar Kramatjati,3,2025-05-01,2025-05-31,data/raw/pihps/raw_json/cabai_merah_besar/2025-05-01_2025-05-31.json,f048ee5b4c3fed4098b613f4ed1ef76fb7290beb884a4c728769c65327a2a40b,200,22,2026-09-29T12:07:46Z
Cabai Merah Besar,com_13,PIHPS Bank Indonesia,https://www.bi.go.id/hargapangan/WebSite/TabelHarga/GetGridDataKomoditas,PIHPS backend JSON GET,1,13,34,Pasar Kramatjati,3,2025-06-01,2025-06-30,data/raw/pihps/raw_json/cabai_merah_besar/2025-06-01_2025-06-30.json,75328e22e0f6985da3a5af976a10452157a2f88527ee6572b317595a85f43b51,200,21,2026-09-29T12:07:47Z
Cabai Merah Besar,com_13,PIHPS Bank Indonesia,https://www.bi.go.id/hargapangan/WebSite/TabelHarga/GetGridDataKomoditas,PIHPS backend JSON GET,1,13,34,Pasar Kramatjati,3,2025-07-01,2025-07-31,data/raw/pihps/raw_json/cabai_merah_besar/2025-07-01_2025-07-31.json,b9b2b81f2e0fe70b09e72d870a26c4ff0d967a8aea6a92f59f5d0c0a8cb2aa9f,200,23,2026-09-29T12:07:48Z
Cabai Merah Besar,com_13,PIHPS Bank Indonesia,https://www.bi.go.id/hargapangan/WebSite/TabelHarga/GetGridDataKomoditas,PIHPS backend JSON GET,1,13,34,Pasar Kramatjati,3,2025-08-01,2025-08-31,data/raw/pihps/raw_json/cabai_merah_besar/2025-08-01_2025-08-31.json,d6db1b3e03d98d46f646ce32aecc2f521cbe49aa954745a5ca57a15ac984f15c,200,21,2026-09-29T12:07:49Z
Cabai Merah Besar,com_13,PIHPS Bank Indonesia,https://www.bi.go.id/hargapangan/WebSite/TabelHarga/GetGridDataKomoditas,PIHPS backend JSON GET,1,13,34,Pasar Kramatjati,3,2025-09-01,2025-09-30,data/raw/pihps/raw_json/cabai_merah_besar/2025-09-01_2025-09-30.json,66e40117edd9f3a12511f4f7c2bc943c6b472d107496acee3bca9f6140f64cc1,200,22,2026-09-29T12:07:50Z
Cabai Merah Besar,com_13,PIHPS Bank Indonesia,https://www.bi.go.id/hargapangan/WebSite/TabelHarga/GetGridDataKomoditas,PIHPS backend JSON GET,1,13,34,Pasar Kramatjati,3,2025-10-01,2025-10-31,data/raw/pihps/raw_json/cabai_merah_besar/2025-10-01_2025-10-31.json,08d9917fedc93fa47c206bc084bbdca0089bfe6ee117dcfe0f4cb8d8c77555a4,200,23,2026-09-29T12:07:51Z
Cabai Merah Besar,com_13,PIHPS Bank Indonesia,https://www.bi.go.id/hargapangan/WebSite/TabelHarga/GetGridDataKomoditas,PIHPS backend JSON GET,1,13,34,Pasar Kramatjati,3,2025-11-01,2025-11-30,data/raw/pihps/raw_json/cabai_merah_besar/2025-11-01_2025-11-30.json,96e11da8881d76ee5ff05f315942da5bfa0cd47d8ec3cb3ebc0f956f1da10ee4,200,20,2026-09-29T12:07:52Z
Cabai Merah Besar,com_13,PIHPS Bank Indonesia,https://www.bi.go.id/hargapangan/WebSite/TabelHarga/GetGridDataKomoditas,PIHPS backend JSON GET,1,13,34,Pasar Kramatjati,3,2025-12-01,2025-12-31,data/raw/pihps/raw_json/cabai_merah_besar/2025-12-01_2025-12-31.json,36922878acf66c63cf37bcc8a973c4ee833db34d843c8ceac2ebbc86c0b26e93,200,23,2026-09-29T12:07:53Z
Cabai Merah Besar,com_13,PIHPS Bank Indonesia,https://www.bi.go.id/hargapangan/WebSite/TabelHarga/GetGridDataKomoditas,PIHPS backend JSON GET,1,13,34,Pasar Kramatjati,3,2026-01-01,2026-01-31,data/raw/pihps/raw_json/cabai_merah_besar/2026-01-01_2026-01-31.json,15b764ce5825d37829bdaf3d625d47e102e3dfc43a3549ea187bfc317a9a525f,200,22,2026-09-29T12:07:54Z
Cabai Merah Besar,com_13,PIHPS Bank Indonesia,https://www.bi.go.id/hargapangan/WebSite/TabelHarga/GetGridDataKomoditas,PIHPS backend JSON GET,1,13,34,Pasar Kramatjati,3,2026-02-01,2026-02-28,data/raw/pihps/raw_json/cabai_merah_besar/2026-02-01_2026-02-28.json,522fad290c8a9bf7136c9ff5794fe67867737d5f4c26985067606e130810ae92,200,20,2026-09-29T12:07:55Z
Cabai Merah Besar,com_13,PIHPS Bank Indonesia,https://www.bi.go.id/hargapangan/WebSite/TabelHarga/GetGridDataKomoditas,PIHPS backend JSON GET,1,13,34,Pasar Kramatjati,3,2026-03-01,2026-03-31,data/raw/pihps/raw_json/cabai_merah_besar/2026-03-01_2026-03-31.json,c965fae274a4226da056420b27187ec6d2d17be78b27a7df9e2f087de27b54da,200,22,2026-09-29T12:07:57Z
Cabai Merah Besar,com_13,PIHPS Bank Indonesia,https://www.bi.go.id/hargapangan/WebSite/TabelHarga/GetGridDataKomoditas,PIHPS backend JSON GET,1,13,34,Pasar Kramatjati,3,2026-04-01,2026-04-30,data/raw/pihps/raw_json/cabai_merah_besar/2026-04-01_2026-04-30.json,dcc6f5524d4ffa7668dc1b4ee8429b01c3c7311fc313b5bcc8892e3646a92d22,200,22,2026-09-29T12:07:59Z
Cabai Merah Besar,com_13,PIHPS Bank Indonesia,https://www.bi.go.id/hargapangan/WebSite/TabelHarga/GetGridDataKomoditas,PIHPS backend JSON GET,1,13,34,Pasar Kramatjati,3,2026-05-01,2026-05-31,data/raw/pihps/raw_json/cabai_merah_besar/2026-05-01_2026-05-31.json,48667aa77859ba5847d1a6ff8027785d023f7a923517beeaf6a7ab8519bfd14b,200,21,2026-09-29T12:08:01Z
Cabai Merah Besar,com_13,PIHPS Bank Indonesia,https://www.bi.go.id/hargapangan/WebSite/TabelHarga/GetGridDataKomoditas,PIHPS backend JSON GET,1,13,34,Pasar Kramatjati,3,2026-06-01,2026-06-30,data/raw/pihps/raw_json/cabai_merah_besar/2026-06-01_2026-06-30.json,e75d6e3bca23536b12b7abe303f003857324537f11e382151a0accb8dc132834,200,22,2026-09-29T12:08:03Z
Cabai Merah Besar,com_13,PIHPS Bank Indonesia,https://www.bi.go.id/hargapangan/WebSite/TabelHarga/GetGridDataKomoditas,PIHPS backend JSON GET,1,13,34,Pasar Kramatjati,3,2026-07-01,2026-07-31,data/raw/pihps/raw_json/cabai_merah_besar/2026-07-01_2026-07-31.json,465dcbdbae8cedb02152ff81a54a1a6ac78f21603e70d47fd988b4728372b924,200,23,2026-09-29T12:08:06Z
Cabai Merah Besar,com_13,PIHPS Bank Indonesia,https://www.bi.go.id/hargapangan/WebSite/TabelHarga/GetGridDataKomoditas,PIHPS backend JSON GET,1,13,34,Pasar Kramatjati,3,2026-08-01,2026-08-31,data/raw/pihps/raw_json/cabai_merah_besar/2026-08-01_2026-08-31.json,8f4564a89c27ef8ef65340d6b46e848bc02b4afb77bbf4b69b599d7ca11e838c,200,21,2026-09-29T12:08:08Z
Cabai Merah Besar,com_13,PIHPS Bank Indonesia,https://www.bi.go.id/hargapangan/WebSite/TabelHarga/GetGridDataKomoditas,PIHPS backend JSON GET,1,13,34,Pasar Kramatjati,3,2026-09-01,2026-09-29,data/raw/pihps/raw_json/cabai_merah_besar/2026-09-01_2026-09-29.json,351bc8eab08e915d03f8e0f9f78a1a418d180996170338535d0e89e96b350a39,200,21,2026-09-29T12:08:10Z
Cabai Merah Keriting,com_14,PIHPS Bank Indonesia,https://www.bi.go.id/hargapangan/WebSite/TabelHarga/GetGridDataKomoditas,PIHPS backend JSON GET,1,13,34,Pasar Kramatjati,3,2022-01-01,2022-01-31,data/raw/pihps/raw_json/cabai_merah_keriting/2022-01-01_2022-01-31.json,00639842677ab6bc79eb1685c12ebf13e6e192f71500c0e310f4004ee59e96f9,200,21,2026-09-29T12:08:11Z
Cabai Merah Keriting,com_14,PIHPS Bank Indonesia,https://www.bi.go.id/hargapangan/WebSite/TabelHarga/GetGridDataKomoditas,PIHPS backend JSON GET,1,13,34,Pasar Kramatjati,3,2022-02-01,2022-02-28,data/raw/pihps/raw_json/cabai_merah_keriting/2022-02-01_2022-02-28.json,5fca4cc75ad51b22eef59fed47e2514c21d7ebc3f8fe02981beb94d073743b92,200,20,2026-09-29T12:08:12Z
Cabai Merah Keriting,com_14,PIHPS Bank Indonesia,https://www.bi.go.id/hargapangan/WebSite/TabelHarga/GetGridDataKomoditas,PIHPS backend JSON GET,1,13,34,Pasar Kramatjati,3,2022-03-01,2022-03-31,data/raw/pihps/raw_json/cabai_merah_keriting/2022-03-01_2022-03-31.json,d9545224f75d4c914c44b9893c7e30f1986d1c90fe39af352fb014f12588a517,200,23,2026-09-29T12:08:13Z
Cabai Merah Keriting,com_14,PIHPS Bank Indonesia,https://www.bi.go.id/hargapangan/WebSite/TabelHarga/GetGridDataKomoditas,PIHPS backend JSON GET,1,13,34,Pasar Kramatjati,3,2022-04-01,2022-04-30,data/raw/pihps/raw_json/cabai_merah_keriting/2022-04-01_2022-04-30.json,8720e44791121886348dfe49a88135c0668c7249d02e0fdc593e7bbce5aea889,200,21,2026-09-29T12:08:14Z
Cabai Merah Keriting,com_14,PIHPS Bank Indonesia,https://www.bi.go.id/hargapangan/WebSite/TabelHarga/GetGridDataKomoditas,PIHPS backend JSON GET,1,13,34,Pasar Kramatjati,3,2022-05-01,2022-05-31,data/raw/pihps/raw_json/cabai_merah_keriting/2022-05-01_2022-05-31.json,0baa387af6a5e2da07286aa7aab4c9ded9f61f1cbe5ca355a236c60374fb0eef,200,22,2026-09-29T12:08:15Z
Cabai Merah Keriting,com_14,PIHPS Bank Indonesia,https://www.bi.go.id/hargapangan/WebSite/TabelHarga/GetGridDataKomoditas,PIHPS backend JSON GET,1,13,34,Pasar Kramatjati,3,2022-06-01,2022-06-30,data/raw/pihps/raw_json/cabai_merah_keriting/2022-06-01_2022-06-30.json,1a8c18d0732f247cedf8c6e9727531db98e04548135b22c12cef030c384bbad0,200,22,2026-09-29T12:08:16Z
Cabai Merah Keriting,com_14,PIHPS Bank Indonesia,https://www.bi.go.id/hargapangan/WebSite/TabelHarga/GetGridDataKomoditas,PIHPS backend JSON GET,1,13,34,Pasar Kramatjati,3,2022-07-01,2022-07-31,data/raw/pihps/raw_json/cabai_merah_keriting/2022-07-01_2022-07-31.json,8013e918355fb236b58314c483a93abde66522b8500fe35a3ad5c120e21be0a7,200,21,2026-09-29T12:08:17Z
Cabai Merah Keriting,com_14,PIHPS Bank Indonesia,https://www.bi.go.id/hargapangan/WebSite/TabelHarga/GetGridDataKomoditas,PIHPS backend JSON GET,1,13,34,Pasar Kramatjati,3,2022-08-01,2022-08-31,data/raw/pihps/raw_json/cabai_merah_keriting/2022-08-01_2022-08-31.json,b74c98eff0354724226c8b4009ad49c4a344f0eb1b6117ec84ec076f0c028f84,200,23,2026-09-29T12:08:18Z
Cabai Merah Keriting,com_14,PIHPS Bank Indonesia,https://www.bi.go.id/hargapangan/WebSite/TabelHarga/GetGridDataKomoditas,PIHPS backend JSON GET,1,13,34,Pasar Kramatjati,3,2022-09-01,2022-09-30,data/raw/pihps/raw_json/cabai_merah_keriting/2022-09-01_2022-09-30.json,7894ef614a35755e51e70a5683812f7b384906a500515c19425838f6f5060fa3,200,22,2026-09-29T12:08:19Z
Cabai Merah Keriting,com_14,PIHPS Bank Indonesia,https://www.bi.go.id/hargapangan/WebSite/TabelHarga/GetGridDataKomoditas,PIHPS backend JSON GET,1,13,34,Pasar Kramatjati,3,2022-10-01,2022-10-31,data/raw/pihps/raw_json/cabai_merah_keriting/2022-10-01_2022-10-31.json,ce6dc9d0bd0404d69ae1047965a341514673a6815aba0d7e01c104b35b479165,200,21,2026-09-29T12:08:20Z
Cabai Merah Keriting,com_14,PIHPS Bank Indonesia,https://www.bi.go.id/hargapangan/WebSite/TabelHarga/GetGridDataKomoditas,PIHPS backend JSON GET,1,13,34,Pasar Kramatjati,3,2022-11-01,2022-11-30,data/raw/pihps/raw_json/cabai_merah_keriting/2022-11-01_2022-11-30.json,6341a86fbf95ff630e9d8834d024edc0f73fce148fdc6e9dab6a0e951eef146c,200,22,2026-09-29T12:08:21Z
Cabai Merah Keriting,com_14,PIHPS Bank Indonesia,https://www.bi.go.id/hargapangan/WebSite/TabelHarga/GetGridDataKomoditas,PIHPS backend JSON GET,1,13,34,Pasar Kramatjati,3,2022-12-01,2022-12-31,data/raw/pihps/raw_json/cabai_merah_keriting/2022-12-01_2022-12-31.json,1dc9c4fa5a7894cfda2d44292029479a63e6fa6c7091306bb169d3fb6c659f44,200,22,2026-09-29T12:08:22Z
Cabai Merah Keriting,com_14,PIHPS Bank Indonesia,https://www.bi.go.id/hargapangan/WebSite/TabelHarga/GetGridDataKomoditas,PIHPS backend JSON GET,1,13,34,Pasar Kramatjati,3,2023-01-01,2023-01-31,data/raw/pihps/raw_json/cabai_merah_keriting/2023-01-01_2023-01-31.json,e258beef9114340e85593b564585cef6f8b6e0e212ce70ad704909dc9f7fab9b,200,22,2026-09-29T12:08:24Z
Cabai Merah Keriting,com_14,PIHPS Bank Indonesia,https://www.bi.go.id/hargapangan/WebSite/TabelHarga/GetGridDataKomoditas,PIHPS backend JSON GET,1,13,34,Pasar Kramatjati,3,2023-02-01,2023-02-28,data/raw/pihps/raw_json/cabai_merah_keriting/2023-02-01_2023-02-28.json,718b5746ae581146ee383a3fd39c1ccdb311e0618f9e99602843363325993cc7,200,20,2026-09-29T12:08:25Z
Cabai Merah Keriting,com_14,PIHPS Bank Indonesia,https://www.bi.go.id/hargapangan/WebSite/TabelHarga/GetGridDataKomoditas,PIHPS backend JSON GET,1,13,34,Pasar Kramatjati,3,2023-03-01,2023-03-31,data/raw/pihps/raw_json/cabai_merah_keriting/2023-03-01_2023-03-31.json,fae694570d7819adea09a5e6d30933b137ec857e2c3611e0c4e95d2f15aa7fd4,200,23,2026-09-29T12:08:26Z
Cabai Merah Keriting,com_14,PIHPS Bank Indonesia,https://www.bi.go.id/hargapangan/WebSite/TabelHarga/GetGridDataKomoditas,PIHPS backend JSON GET,1,13,34,Pasar Kramatjati,3,2023-04-01,2023-04-30,data/raw/pihps/raw_json/cabai_merah_keriting/2023-04-01_2023-04-30.json,10c96a1bea16e6300210115ca9ce5dfa2021c83bcf734b485592e2bd26633a23,200,20,2026-09-29T12:08:27Z
Cabai Merah Keriting,com_14,PIHPS Bank Indonesia,https://www.bi.go.id/hargapangan/WebSite/TabelHarga/GetGridDataKomoditas,PIHPS backend JSON GET,1,13,34,Pasar Kramatjati,3,2023-05-01,2023-05-31,data/raw/pihps/raw_json/cabai_merah_keriting/2023-05-01_2023-05-31.json,d160b8e36b9602b77f20e4d9edf1d68c1e2da25f540358fed613fe0693c6e3b1,200,23,2026-09-29T12:08:28Z
Cabai Merah Keriting,com_14,PIHPS Bank Indonesia,https://www.bi.go.id/hargapangan/WebSite/TabelHarga/GetGridDataKomoditas,PIHPS backend JSON GET,1,13,34,Pasar Kramatjati,3,2023-06-01,2023-06-30,data/raw/pihps/raw_json/cabai_merah_keriting/2023-06-01_2023-06-30.json,2031f66d9f7e4c8824102ba52b714ad6a304b7e9fb2bcee0cf37c141a0b1fce9,200,22,2026-09-29T12:08:29Z
Cabai Merah Keriting,com_14,PIHPS Bank Indonesia,https://www.bi.go.id/hargapangan/WebSite/TabelHarga/GetGridDataKomoditas,PIHPS backend JSON GET,1,13,34,Pasar Kramatjati,3,2023-07-01,2023-07-31,data/raw/pihps/raw_json/cabai_merah_keriting/2023-07-01_2023-07-31.json,2e86582ad16c253fcd59deae54c7cc75e31b0662c89aadc66894158b3f8a5205,200,21,2026-09-29T12:08:30Z
Cabai Merah Keriting,com_14,PIHPS Bank Indonesia,https://www.bi.go.id/hargapangan/WebSite/TabelHarga/GetGridDataKomoditas,PIHPS backend JSON GET,1,13,34,Pasar Kramatjati,3,2023-08-01,2023-08-31,data/raw/pihps/raw_json/cabai_merah_keriting/2023-08-01_2023-08-31.json,71d65ba6b4a3002d80e73b234b4afec3a6c6f507ebab3c90b0d7dc21b6c41dfe,200,23,2026-09-29T12:08:31Z
Cabai Merah Keriting,com_14,PIHPS Bank Indonesia,https://www.bi.go.id/hargapangan/WebSite/TabelHarga/GetGridDataKomoditas,PIHPS backend JSON GET,1,13,34,Pasar Kramatjati,3,2023-09-01,2023-09-30,data/raw/pihps/raw_json/cabai_merah_keriting/2023-09-01_2023-09-30.json,3ed634bdab517c45592a3ee8026a769c5c2abc1274565745fac55f700cbfe9f1,200,21,2026-09-29T12:08:32Z
Cabai Merah Keriting,com_14,PIHPS Bank Indonesia,https://www.bi.go.id/hargapangan/WebSite/TabelHarga/GetGridDataKomoditas,PIHPS backend JSON GET,1,13,34,Pasar Kramatjati,3,2023-10-01,2023-10-31,data/raw/pihps/raw_json/cabai_merah_keriting/2023-10-01_2023-10-31.json,72cef635c595647c5dc81cdf94b59754ec511dccab1bb618cc261ab227ae302b,200,22,2026-09-29T12:08:33Z
Cabai Merah Keriting,com_14,PIHPS Bank Indonesia,https://www.bi.go.id/hargapangan/WebSite/TabelHarga/GetGridDataKomoditas,PIHPS backend JSON GET,1,13,34,Pasar Kramatjati,3,2023-11-01,2023-11-30,data/raw/pihps/raw_json/cabai_merah_keriting/2023-11-01_2023-11-30.json,855635463c214f054214bfee78cbdff6981939c1010c0398f8ed5551f3e1dfd1,200,22,2026-09-29T12:08:34Z
Cabai Merah Keriting,com_14,PIHPS Bank Indonesia,https://www.bi.go.id/hargapangan/WebSite/TabelHarga/GetGridDataKomoditas,PIHPS backend JSON GET,1,13,34,Pasar Kramatjati,3,2023-12-01,2023-12-31,data/raw/pihps/raw_json/cabai_merah_keriting/2023-12-01_2023-12-31.json,e1ca418c7e5d0b53b6d01dd0206c4da11941f7a7f7e4e7bde24e8f9cdb67fed5,200,21,2026-09-29T12:08:35Z
Cabai Merah Keriting,com_14,PIHPS Bank Indonesia,https://www.bi.go.id/hargapangan/WebSite/TabelHarga/GetGridDataKomoditas,PIHPS backend JSON GET,1,13,34,Pasar Kramatjati,3,2024-01-01,2024-01-31,data/raw/pihps/raw_json/cabai_merah_keriting/2024-01-01_2024-01-31.json,d64a3b1a751899cd90775a345da05bc159b05d42fece4860a9d937aabb2633f9,200,23,2026-09-29T12:08:36Z
Cabai Merah Keriting,com_14,PIHPS Bank Indonesia,https://www.bi.go.id/hargapangan/WebSite/TabelHarga/GetGridDataKomoditas,PIHPS backend JSON GET,1,13,34,Pasar Kramatjati,3,2024-02-01,2024-02-29,data/raw/pihps/raw_json/cabai_merah_keriting/2024-02-01_2024-02-29.json,8b4842b6ef3f51059e1d9c8ba63fc4557d665df18bf335d4f4982c2ce9f0a1f9,200,21,2026-09-29T12:08:37Z
Cabai Merah Keriting,com_14,PIHPS Bank Indonesia,https://www.bi.go.id/hargapangan/WebSite/TabelHarga/GetGridDataKomoditas,PIHPS backend JSON GET,1,13,34,Pasar Kramatjati,3,2024-03-01,2024-03-31,data/raw/pihps/raw_json/cabai_merah_keriting/2024-03-01_2024-03-31.json,201f3840beb52dff02d76801cd7df0758f0b2563c05498c22e4950775e4a05f8,200,21,2026-09-29T12:08:39Z
Cabai Merah Keriting,com_14,PIHPS Bank Indonesia,https://www.bi.go.id/hargapangan/WebSite/TabelHarga/GetGridDataKomoditas,PIHPS backend JSON GET,1,13,34,Pasar Kramatjati,3,2024-04-01,2024-04-30,data/raw/pihps/raw_json/cabai_merah_keriting/2024-04-01_2024-04-30.json,4082adef54d4148bcb693f46e1adcb61748c61183cedcb01ed4bd03670bf7505,200,22,2026-09-29T12:08:40Z
Cabai Merah Keriting,com_14,PIHPS Bank Indonesia,https://www.bi.go.id/hargapangan/WebSite/TabelHarga/GetGridDataKomoditas,PIHPS backend JSON GET,1,13,34,Pasar Kramatjati,3,2024-05-01,2024-05-31,data/raw/pihps/raw_json/cabai_merah_keriting/2024-05-01_2024-05-31.json,7998db43bc2bb681ef0be625f8754bf1482d43e1095104bd795ed6706c619a6d,200,23,2026-09-29T12:08:41Z
Cabai Merah Keriting,com_14,PIHPS Bank Indonesia,https://www.bi.go.id/hargapangan/WebSite/TabelHarga/GetGridDataKomoditas,PIHPS backend JSON GET,1,13,34,Pasar Kramatjati,3,2024-06-01,2024-06-30,data/raw/pihps/raw_json/cabai_merah_keriting/2024-06-01_2024-06-30.json,61abb050322c810ed1c0032c143cb8631722b489f36de6f016393fe34ad9558b,200,20,2026-09-29T12:08:42Z
Cabai Merah Keriting,com_14,PIHPS Bank Indonesia,https://www.bi.go.id/hargapangan/WebSite/TabelHarga/GetGridDataKomoditas,PIHPS backend JSON GET,1,13,34,Pasar Kramatjati,3,2024-07-01,2024-07-31,data/raw/pihps/raw_json/cabai_merah_keriting/2024-07-01_2024-07-31.json,0f642d3992ef486ba17ac5637153a2dea2aa5cd4da4164a1b21982d47f31c2c1,200,23,2026-09-29T12:08:43Z
Cabai Merah Keriting,com_14,PIHPS Bank Indonesia,https://www.bi.go.id/hargapangan/WebSite/TabelHarga/GetGridDataKomoditas,PIHPS backend JSON GET,1,13,34,Pasar Kramatjati,3,2024-08-01,2024-08-31,data/raw/pihps/raw_json/cabai_merah_keriting/2024-08-01_2024-08-31.json,8c5d3cf726ab296919029f4c94818756842540d07019dd9d232409f47ecbf1c9,200,22,2026-09-29T12:08:44Z
Cabai Merah Keriting,com_14,PIHPS Bank Indonesia,https://www.bi.go.id/hargapangan/WebSite/TabelHarga/GetGridDataKomoditas,PIHPS backend JSON GET,1,13,34,Pasar Kramatjati,3,2024-09-01,2024-09-30,data/raw/pihps/raw_json/cabai_merah_keriting/2024-09-01_2024-09-30.json,79ff1a5877232e425ff11a2b04e251a2f676d40a10315aca7bb0d77affd95721,200,21,2026-09-29T12:08:45Z
Cabai Merah Keriting,com_14,PIHPS Bank Indonesia,https://www.bi.go.id/hargapangan/WebSite/TabelHarga/GetGridDataKomoditas,PIHPS backend JSON GET,1,13,34,Pasar Kramatjati,3,2024-10-01,2024-10-31,data/raw/pihps/raw_json/cabai_merah_keriting/2024-10-01_2024-10-31.json,90ec6f2be678db62271b2c7766da1b27500099e75d0b39b41f0b55402fdc07c5,200,23,2026-09-29T12:08:46Z
Cabai Merah Keriting,com_14,PIHPS Bank Indonesia,https://www.bi.go.id/hargapangan/WebSite/TabelHarga/GetGridDataKomoditas,PIHPS backend JSON GET,1,13,34,Pasar Kramatjati,3,2024-11-01,2024-11-30,data/raw/pihps/raw_json/cabai_merah_keriting/2024-11-01_2024-11-30.json,a258efa1482e2c46b76001b1c4fb3930d6f2eb2f15ae94c4324a88e4535f7150,200,21,2026-09-29T12:08:47Z
Cabai Merah Keriting,com_14,PIHPS Bank Indonesia,https://www.bi.go.id/hargapangan/WebSite/TabelHarga/GetGridDataKomoditas,PIHPS backend JSON GET,1,13,34,Pasar Kramatjati,3,2024-12-01,2024-12-31,data/raw/pihps/raw_json/cabai_merah_keriting/2024-12-01_2024-12-31.json,cdf12c654f942c1ab61470ade33aecf851950588ad24fbe2ed7901194702d7aa,200,22,2026-09-29T12:08:48Z
Cabai Merah Keriting,com_14,PIHPS Bank Indonesia,https://www.bi.go.id/hargapangan/WebSite/TabelHarga/GetGridDataKomoditas,PIHPS backend JSON GET,1,13,34,Pasar Kramatjati,3,2025-01-01,2025-01-31,data/raw/pihps/raw_json/cabai_merah_keriting/2025-01-01_2025-01-31.json,b0eefb2edb6e20af566c5710fc22a4ffb8d0d1227207912ca5487fead442f9e8,200,23,2026-09-29T12:08:49Z
Cabai Merah Keriting,com_14,PIHPS Bank Indonesia,https://www.bi.go.id/hargapangan/WebSite/TabelHarga/GetGridDataKomoditas,PIHPS backend JSON GET,1,13,34,Pasar Kramatjati,3,2025-02-01,2025-02-28,data/raw/pihps/raw_json/cabai_merah_keriting/2025-02-01_2025-02-28.json,ddf3d05310a6d52a910f7fd5765e05935bb946a756319a722130956404da2475,200,20,2026-09-29T12:08:51Z
Cabai Merah Keriting,com_14,PIHPS Bank Indonesia,https://www.bi.go.id/hargapangan/WebSite/TabelHarga/GetGridDataKomoditas,PIHPS backend JSON GET,1,13,34,Pasar Kramatjati,3,2025-03-01,2025-03-31,data/raw/pihps/raw_json/cabai_merah_keriting/2025-03-01_2025-03-31.json,c5da8be60183c703363635ee959e66147d07a7614152c6b050c54d2959b41b79,200,21,2026-09-29T12:08:52Z
Cabai Merah Keriting,com_14,PIHPS Bank Indonesia,https://www.bi.go.id/hargapangan/WebSite/TabelHarga/GetGridDataKomoditas,PIHPS backend JSON GET,1,13,34,Pasar Kramatjati,3,2025-04-01,2025-04-30,data/raw/pihps/raw_json/cabai_merah_keriting/2025-04-01_2025-04-30.json,9e970c300b85d23b8840c2db74167e15da2d5c9e6711b499dc32d5906a249e16,200,22,2026-09-29T12:08:53Z
Cabai Merah Keriting,com_14,PIHPS Bank Indonesia,https://www.bi.go.id/hargapangan/WebSite/TabelHarga/GetGridDataKomoditas,PIHPS backend JSON GET,1,13,34,Pasar Kramatjati,3,2025-05-01,2025-05-31,data/raw/pihps/raw_json/cabai_merah_keriting/2025-05-01_2025-05-31.json,22730eaad9fbb40312dbd98165bc74da3485437f0a5682e0af2c335c3b93aaca,200,22,2026-09-29T12:08:54Z
Cabai Merah Keriting,com_14,PIHPS Bank Indonesia,https://www.bi.go.id/hargapangan/WebSite/TabelHarga/GetGridDataKomoditas,PIHPS backend JSON GET,1,13,34,Pasar Kramatjati,3,2025-06-01,2025-06-30,data/raw/pihps/raw_json/cabai_merah_keriting/2025-06-01_2025-06-30.json,2dc0abd683614f98b5538d2b7df71de0aa29ec5421a5682f1cdf99dc4e568f58,200,21,2026-09-29T12:08:55Z
Cabai Merah Keriting,com_14,PIHPS Bank Indonesia,https://www.bi.go.id/hargapangan/WebSite/TabelHarga/GetGridDataKomoditas,PIHPS backend JSON GET,1,13,34,Pasar Kramatjati,3,2025-07-01,2025-07-31,data/raw/pihps/raw_json/cabai_merah_keriting/2025-07-01_2025-07-31.json,e35fde94e27608e05712e678cde0fad3719f932d9e04049be7b7cd1c921f51da,200,23,2026-09-29T12:08:56Z
Cabai Merah Keriting,com_14,PIHPS Bank Indonesia,https://www.bi.go.id/hargapangan/WebSite/TabelHarga/GetGridDataKomoditas,PIHPS backend JSON GET,1,13,34,Pasar Kramatjati,3,2025-08-01,2025-08-31,data/raw/pihps/raw_json/cabai_merah_keriting/2025-08-01_2025-08-31.json,33860358a9b0ef32af0e261d30cb411c7fb7a84d747c11ea3d0e5cdb8bbfafa7,200,21,2026-09-29T12:08:57Z
Cabai Merah Keriting,com_14,PIHPS Bank Indonesia,https://www.bi.go.id/hargapangan/WebSite/TabelHarga/GetGridDataKomoditas,PIHPS backend JSON GET,1,13,34,Pasar Kramatjati,3,2025-09-01,2025-09-30,data/raw/pihps/raw_json/cabai_merah_keriting/2025-09-01_2025-09-30.json,6f0ce24ebcbdc4b05b9c0511f93399839b90f90b00ca426e3a1341d4877780d9,200,22,2026-09-29T12:08:58Z
Cabai Merah Keriting,com_14,PIHPS Bank Indonesia,https://www.bi.go.id/hargapangan/WebSite/TabelHarga/GetGridDataKomoditas,PIHPS backend JSON GET,1,13,34,Pasar Kramatjati,3,2025-10-01,2025-10-31,data/raw/pihps/raw_json/cabai_merah_keriting/2025-10-01_2025-10-31.json,3208c7399b4f309493e8959efa2f2ff49c4d08ef156446837a061cc9179e8018,200,23,2026-09-29T12:08:59Z
Cabai Merah Keriting,com_14,PIHPS Bank Indonesia,https://www.bi.go.id/hargapangan/WebSite/TabelHarga/GetGridDataKomoditas,PIHPS backend JSON GET,1,13,34,Pasar Kramatjati,3,2025-11-01,2025-11-30,data/raw/pihps/raw_json/cabai_merah_keriting/2025-11-01_2025-11-30.json,0ae0871e64c25a02925b37ef9d753bb3c1002dcf3e3a20acbb2221e2538977a3,200,20,2026-09-29T12:09:00Z
Cabai Merah Keriting,com_14,PIHPS Bank Indonesia,https://www.bi.go.id/hargapangan/WebSite/TabelHarga/GetGridDataKomoditas,PIHPS backend JSON GET,1,13,34,Pasar Kramatjati,3,2025-12-01,2025-12-31,data/raw/pihps/raw_json/cabai_merah_keriting/2025-12-01_2025-12-31.json,86691df2cb675386752f2a51c8fd5a7646f9a31374d81e712ad2587ac973743f,200,23,2026-09-29T12:09:02Z
Cabai Merah Keriting,com_14,PIHPS Bank Indonesia,https://www.bi.go.id/hargapangan/WebSite/TabelHarga/GetGridDataKomoditas,PIHPS backend JSON GET,1,13,34,Pasar Kramatjati,3,2026-01-01,2026-01-31,data/raw/pihps/raw_json/cabai_merah_keriting/2026-01-01_2026-01-31.json,6348666d9c9c547df2a52396e663b55b750b8771fa93d3bbf333c70ea42d0b8d,200,22,2026-09-29T12:09:03Z
Cabai Merah Keriting,com_14,PIHPS Bank Indonesia,https://www.bi.go.id/hargapangan/WebSite/TabelHarga/GetGridDataKomoditas,PIHPS backend JSON GET,1,13,34,Pasar Kramatjati,3,2026-02-01,2026-02-28,data/raw/pihps/raw_json/cabai_merah_keriting/2026-02-01_2026-02-28.json,284427acb28c611dfb76c0fb9091c51f64d3527d11f275945aa5ca7c8c6af12f,200,20,2026-09-29T12:09:04Z
Cabai Merah Keriting,com_14,PIHPS Bank Indonesia,https://www.bi.go.id/hargapangan/WebSite/TabelHarga/GetGridDataKomoditas,PIHPS backend JSON GET,1,13,34,Pasar Kramatjati,3,2026-03-01,2026-03-31,data/raw/pihps/raw_json/cabai_merah_keriting/2026-03-01_2026-03-31.json,14691d73e03f28757ee7c6840f674ee9a64386c7d50a67f33805b0f2968dd4d3,200,22,2026-09-29T12:09:06Z
Cabai Merah Keriting,com_14,PIHPS Bank Indonesia,https://www.bi.go.id/hargapangan/WebSite/TabelHarga/GetGridDataKomoditas,PIHPS backend JSON GET,1,13,34,Pasar Kramatjati,3,2026-04-01,2026-04-30,data/raw/pihps/raw_json/cabai_merah_keriting/2026-04-01_2026-04-30.json,3287e89bd26873a029a67056aec4f96e336e47764f6e97d9ccf102d83f689ab6,200,22,2026-09-29T12:09:08Z
Cabai Merah Keriting,com_14,PIHPS Bank Indonesia,https://www.bi.go.id/hargapangan/WebSite/TabelHarga/GetGridDataKomoditas,PIHPS backend JSON GET,1,13,34,Pasar Kramatjati,3,2026-05-01,2026-05-31,data/raw/pihps/raw_json/cabai_merah_keriting/2026-05-01_2026-05-31.json,aeb7086095c0c6a1f40895e56f3d60b3113b31d58b7d16946694f078eea5e91d,200,21,2026-09-29T12:09:10Z
Cabai Merah Keriting,com_14,PIHPS Bank Indonesia,https://www.bi.go.id/hargapangan/WebSite/TabelHarga/GetGridDataKomoditas,PIHPS backend JSON GET,1,13,34,Pasar Kramatjati,3,2026-06-01,2026-06-30,data/raw/pihps/raw_json/cabai_merah_keriting/2026-06-01_2026-06-30.json,78e17633892ecd7f6035231fbc4f153a1f2dce26a7954d51e7fe48d1ca93366c,200,22,2026-09-29T12:09:12Z
Cabai Merah Keriting,com_14,PIHPS Bank Indonesia,https://www.bi.go.id/hargapangan/WebSite/TabelHarga/GetGridDataKomoditas,PIHPS backend JSON GET,1,13,34,Pasar Kramatjati,3,2026-07-01,2026-07-31,data/raw/pihps/raw_json/cabai_merah_keriting/2026-07-01_2026-07-31.json,0940c3d8f3606ae32397b8e85edc561a669934d2bcc168d2e7d818b4d159118c,200,23,2026-09-29T12:09:14Z
Cabai Merah Keriting,com_14,PIHPS Bank Indonesia,https://www.bi.go.id/hargapangan/WebSite/TabelHarga/GetGridDataKomoditas,PIHPS backend JSON GET,1,13,34,Pasar Kramatjati,3,2026-08-01,2026-08-31,data/raw/pihps/raw_json/cabai_merah_keriting/2026-08-01_2026-08-31.json,1340ba1078c1a3633315190ff9f84e4b4dde58a703e8041de70e266f46340b4c,200,21,2026-09-29T12:09:16Z
Cabai Merah Keriting,com_14,PIHPS Bank Indonesia,https://www.bi.go.id/hargapangan/WebSite/TabelHarga/GetGridDataKomoditas,PIHPS backend JSON GET,1,13,34,Pasar Kramatjati,3,2026-09-01,2026-09-29,data/raw/pihps/raw_json/cabai_merah_keriting/2026-09-01_2026-09-29.json,da4b12d061314ff832aa7b501ed2980894fd0c91cbd0304d5666980fdab33602,200,21,2026-09-29T12:09:18Z
Cabai Rawit Hijau,com_15,PIHPS Bank Indonesia,https://www.bi.go.id/hargapangan/WebSite/TabelHarga/GetGridDataKomoditas,PIHPS backend JSON GET,1,13,34,Pasar Kramatjati,3,2022-01-01,2022-01-31,data/raw/pihps/raw_json/cabai_rawit_hijau/2022-01-01_2022-01-31.json,868c84aa797b3dfc5fb62cc9bf167b23d7107f3c37b28d8c1ee29c533cb9c0bc,200,21,2026-09-29T12:09:19Z
Cabai Rawit Hijau,com_15,PIHPS Bank Indonesia,https://www.bi.go.id/hargapangan/WebSite/TabelHarga/GetGridDataKomoditas,PIHPS backend JSON GET,1,13,34,Pasar Kramatjati,3,2022-02-01,2022-02-28,data/raw/pihps/raw_json/cabai_rawit_hijau/2022-02-01_2022-02-28.json,9cada26174b4fe7e92c93f8c16b446045abea9a737bda1855f16b4d88c40830b,200,20,2026-09-29T12:09:20Z
Cabai Rawit Hijau,com_15,PIHPS Bank Indonesia,https://www.bi.go.id/hargapangan/WebSite/TabelHarga/GetGridDataKomoditas,PIHPS backend JSON GET,1,13,34,Pasar Kramatjati,3,2022-03-01,2022-03-31,data/raw/pihps/raw_json/cabai_rawit_hijau/2022-03-01_2022-03-31.json,9da2723b4afcbcd4cfd1c62e8077a3652d64a56e1e1e6b58f0907ad6d97b92f9,200,23,2026-09-29T12:09:21Z
Cabai Rawit Hijau,com_15,PIHPS Bank Indonesia,https://www.bi.go.id/hargapangan/WebSite/TabelHarga/GetGridDataKomoditas,PIHPS backend JSON GET,1,13,34,Pasar Kramatjati,3,2022-04-01,2022-04-30,data/raw/pihps/raw_json/cabai_rawit_hijau/2022-04-01_2022-04-30.json,7b647c95e4450830286cb6d693abd06c5825dcb35b72cc8e03c771679cb47e5b,200,21,2026-09-29T12:09:23Z
Cabai Rawit Hijau,com_15,PIHPS Bank Indonesia,https://www.bi.go.id/hargapangan/WebSite/TabelHarga/GetGridDataKomoditas,PIHPS backend JSON GET,1,13,34,Pasar Kramatjati,3,2022-05-01,2022-05-31,data/raw/pihps/raw_json/cabai_rawit_hijau/2022-05-01_2022-05-31.json,a440c294745ff082795e70222e9b9e89e7ffd087a9c8520b1ad3bf9875a4345c,200,22,2026-09-29T12:09:24Z
Cabai Rawit Hijau,com_15,PIHPS Bank Indonesia,https://www.bi.go.id/hargapangan/WebSite/TabelHarga/GetGridDataKomoditas,PIHPS backend JSON GET,1,13,34,Pasar Kramatjati,3,2022-06-01,2022-06-30,data/raw/pihps/raw_json/cabai_rawit_hijau/2022-06-01_2022-06-30.json,067a7f767c11f6095ffc435039e3a285966c0bc81ec32a83ffefaed49c221201,200,22,2026-09-29T12:09:25Z
Cabai Rawit Hijau,com_15,PIHPS Bank Indonesia,https://www.bi.go.id/hargapangan/WebSite/TabelHarga/GetGridDataKomoditas,PIHPS backend JSON GET,1,13,34,Pasar Kramatjati,3,2022-07-01,2022-07-31,data/raw/pihps/raw_json/cabai_rawit_hijau/2022-07-01_2022-07-31.json,22b800350af7b01f2aa1d6a2042bf25bc751e9d50f408ff951a502cebe326de3,200,21,2026-09-29T12:09:26Z
Cabai Rawit Hijau,com_15,PIHPS Bank Indonesia,https://www.bi.go.id/hargapangan/WebSite/TabelHarga/GetGridDataKomoditas,PIHPS backend JSON GET,1,13,34,Pasar Kramatjati,3,2022-08-01,2022-08-31,data/raw/pihps/raw_json/cabai_rawit_hijau/2022-08-01_2022-08-31.json,624dd91bbfbf9f139bba15d62fec3d8171ced5372a39d5cf30e83b2f5d9928c6,200,23,2026-09-29T12:09:27Z
Cabai Rawit Hijau,com_15,PIHPS Bank Indonesia,https://www.bi.go.id/hargapangan/WebSite/TabelHarga/GetGridDataKomoditas,PIHPS backend JSON GET,1,13,34,Pasar Kramatjati,3,2022-09-01,2022-09-30,data/raw/pihps/raw_json/cabai_rawit_hijau/2022-09-01_2022-09-30.json,42e7e48a1f12526ad0f72c42e8abfc3e930f55fb0a5046f115d5aee7a5fb8af6,200,22,2026-09-29T12:09:28Z
Cabai Rawit Hijau,com_15,PIHPS Bank Indonesia,https://www.bi.go.id/hargapangan/WebSite/TabelHarga/GetGridDataKomoditas,PIHPS backend JSON GET,1,13,34,Pasar Kramatjati,3,2022-10-01,2022-10-31,data/raw/pihps/raw_json/cabai_rawit_hijau/2022-10-01_2022-10-31.json,5b78f4510b9f451258188b0294455d2ddc6c4a04ecd8eb0bbc96348ce8368fde,200,21,2026-09-29T12:09:29Z
Cabai Rawit Hijau,com_15,PIHPS Bank Indonesia,https://www.bi.go.id/hargapangan/WebSite/TabelHarga/GetGridDataKomoditas,PIHPS backend JSON GET,1,13,34,Pasar Kramatjati,3,2022-11-01,2022-11-30,data/raw/pihps/raw_json/cabai_rawit_hijau/2022-11-01_2022-11-30.json,ae0b484074aca27094cb902886c42f1968e18d858673906270589f9ef7f9f8d0,200,22,2026-09-29T12:09:30Z
Cabai Rawit Hijau,com_15,PIHPS Bank Indonesia,https://www.bi.go.id/hargapangan/WebSite/TabelHarga/GetGridDataKomoditas,PIHPS backend JSON GET,1,13,34,Pasar Kramatjati,3,2022-12-01,2022-12-31,data/raw/pihps/raw_json/cabai_rawit_hijau/2022-12-01_2022-12-31.json,e13e33317c4f4e940713c2f2e7d4c3c4e8b07d31cc03b9fd23f4a45b221c4728,200,22,2026-09-29T12:09:32Z
Cabai Rawit Hijau,com_15,PIHPS Bank Indonesia,https://www.bi.go.id/hargapangan/WebSite/TabelHarga/GetGridDataKomoditas,PIHPS backend JSON GET,1,13,34,Pasar Kramatjati,3,2023-01-01,2023-01-31,data/raw/pihps/raw_json/cabai_rawit_hijau/2023-01-01_2023-01-31.json,836bd49f6888b031a25b8d3d1a03dab3ac94cdfee9a9691c23c2c5a9baa75ff6,200,22,2026-09-29T12:09:33Z
Cabai Rawit Hijau,com_15,PIHPS Bank Indonesia,https://www.bi.go.id/hargapangan/WebSite/TabelHarga/GetGridDataKomoditas,PIHPS backend JSON GET,1,13,34,Pasar Kramatjati,3,2023-02-01,2023-02-28,data/raw/pihps/raw_json/cabai_rawit_hijau/2023-02-01_2023-02-28.json,40332bd9191a26ba05979dd9b9605696eca2b99dfa26c02e7b40172af92a0346,200,20,2026-09-29T12:09:34Z
Cabai Rawit Hijau,com_15,PIHPS Bank Indonesia,https://www.bi.go.id/hargapangan/WebSite/TabelHarga/GetGridDataKomoditas,PIHPS backend JSON GET,1,13,34,Pasar Kramatjati,3,2023-03-01,2023-03-31,data/raw/pihps/raw_json/cabai_rawit_hijau/2023-03-01_2023-03-31.json,0bcf65e1a1df1293d43479b73a0b7cf44b6d6543e39df2c7aaa0a68abd25e95e,200,23,2026-09-29T12:09:35Z
Cabai Rawit Hijau,com_15,PIHPS Bank Indonesia,https://www.bi.go.id/hargapangan/WebSite/TabelHarga/GetGridDataKomoditas,PIHPS backend JSON GET,1,13,34,Pasar Kramatjati,3,2023-04-01,2023-04-30,data/raw/pihps/raw_json/cabai_rawit_hijau/2023-04-01_2023-04-30.json,ccf7468d0ba6708e89d5fcf3aedcfd429189fc938d16169c54fc8185d36f238d,200,20,2026-09-29T12:09:36Z
Cabai Rawit Hijau,com_15,PIHPS Bank Indonesia,https://www.bi.go.id/hargapangan/WebSite/TabelHarga/GetGridDataKomoditas,PIHPS backend JSON GET,1,13,34,Pasar Kramatjati,3,2023-05-01,2023-05-31,data/raw/pihps/raw_json/cabai_rawit_hijau/2023-05-01_2023-05-31.json,6c954ee5d1caf7e8579fe97daa35eaa77db2edeb87cc5e08d85bef14e712b147,200,23,2026-09-29T12:09:37Z
Cabai Rawit Hijau,com_15,PIHPS Bank Indonesia,https://www.bi.go.id/hargapangan/WebSite/TabelHarga/GetGridDataKomoditas,PIHPS backend JSON GET,1,13,34,Pasar Kramatjati,3,2023-06-01,2023-06-30,data/raw/pihps/raw_json/cabai_rawit_hijau/2023-06-01_2023-06-30.json,e4ab9e7762d7d38eb500b77aac81cb35b0ca43909fc75b9a98a73f8f2a6fc9f3,200,22,2026-09-29T12:09:38Z
Cabai Rawit Hijau,com_15,PIHPS Bank Indonesia,https://www.bi.go.id/hargapangan/WebSite/TabelHarga/GetGridDataKomoditas,PIHPS backend JSON GET,1,13,34,Pasar Kramatjati,3,2023-07-01,2023-07-31,data/raw/pihps/raw_json/cabai_rawit_hijau/2023-07-01_2023-07-31.json,3ffa973f407d952ae5f5ea82dd2dd10cf18a04f5fe4d39b94d51e410a2d1eb5d,200,21,2026-09-29T12:09:39Z
Cabai Rawit Hijau,com_15,PIHPS Bank Indonesia,https://www.bi.go.id/hargapangan/WebSite/TabelHarga/GetGridDataKomoditas,PIHPS backend JSON GET,1,13,34,Pasar Kramatjati,3,2023-08-01,2023-08-31,data/raw/pihps/raw_json/cabai_rawit_hijau/2023-08-01_2023-08-31.json,979ab4e02309f3a766e9b6e18f5bd60438a6618b52e066826df3fc33a67c40e7,200,23,2026-09-29T12:09:40Z
Cabai Rawit Hijau,com_15,PIHPS Bank Indonesia,https://www.bi.go.id/hargapangan/WebSite/TabelHarga/GetGridDataKomoditas,PIHPS backend JSON GET,1,13,34,Pasar Kramatjati,3,2023-09-01,2023-09-30,data/raw/pihps/raw_json/cabai_rawit_hijau/2023-09-01_2023-09-30.json,b194fc0ad7d013f2e1d11446e8d007534f29ee9a08156918d3906be43d847c65,200,21,2026-09-29T12:09:41Z
Cabai Rawit Hijau,com_15,PIHPS Bank Indonesia,https://www.bi.go.id/hargapangan/WebSite/TabelHarga/GetGridDataKomoditas,PIHPS backend JSON GET,1,13,34,Pasar Kramatjati,3,2023-10-01,2023-10-31,data/raw/pihps/raw_json/cabai_rawit_hijau/2023-10-01_2023-10-31.json,629d034cec9eebac85dc580877ac289d04f15fa2c09a4c89ee6ab51b0469098f,200,22,2026-09-29T12:09:43Z
Cabai Rawit Hijau,com_15,PIHPS Bank Indonesia,https://www.bi.go.id/hargapangan/WebSite/TabelHarga/GetGridDataKomoditas,PIHPS backend JSON GET,1,13,34,Pasar Kramatjati,3,2023-11-01,2023-11-30,data/raw/pihps/raw_json/cabai_rawit_hijau/2023-11-01_2023-11-30.json,af56b41f3f9403561c0189ae3a8149a4fa3e2d895159f40e4982049cc6a31cdd,200,22,2026-09-29T12:09:44Z
Cabai Rawit Hijau,com_15,PIHPS Bank Indonesia,https://www.bi.go.id/hargapangan/WebSite/TabelHarga/GetGridDataKomoditas,PIHPS backend JSON GET,1,13,34,Pasar Kramatjati,3,2023-12-01,2023-12-31,data/raw/pihps/raw_json/cabai_rawit_hijau/2023-12-01_2023-12-31.json,3e38e55572a1896865bbf1ac2cfc775869b626de9aeaa8121058eb266de7fb90,200,21,2026-09-29T12:09:45Z
Cabai Rawit Hijau,com_15,PIHPS Bank Indonesia,https://www.bi.go.id/hargapangan/WebSite/TabelHarga/GetGridDataKomoditas,PIHPS backend JSON GET,1,13,34,Pasar Kramatjati,3,2024-01-01,2024-01-31,data/raw/pihps/raw_json/cabai_rawit_hijau/2024-01-01_2024-01-31.json,2e4550e7245a4409c5622d31ee8e0410561d1da54eb7042aaa03f542352675bb,200,23,2026-09-29T12:09:46Z
Cabai Rawit Hijau,com_15,PIHPS Bank Indonesia,https://www.bi.go.id/hargapangan/WebSite/TabelHarga/GetGridDataKomoditas,PIHPS backend JSON GET,1,13,34,Pasar Kramatjati,3,2024-02-01,2024-02-29,data/raw/pihps/raw_json/cabai_rawit_hijau/2024-02-01_2024-02-29.json,ff529d174e56f75f8ffbfa5cea516e37c15b86be5e60724ef6220922b4c8f0a9,200,21,2026-09-29T12:09:47Z
Cabai Rawit Hijau,com_15,PIHPS Bank Indonesia,https://www.bi.go.id/hargapangan/WebSite/TabelHarga/GetGridDataKomoditas,PIHPS backend JSON GET,1,13,34,Pasar Kramatjati,3,2024-03-01,2024-03-31,data/raw/pihps/raw_json/cabai_rawit_hijau/2024-03-01_2024-03-31.json,2d4b8eedd1d4871ffb69699cc43731fec3d53d10266355d3811223dffdb1dfb8,200,21,2026-09-29T12:09:48Z
Cabai Rawit Hijau,com_15,PIHPS Bank Indonesia,https://www.bi.go.id/hargapangan/WebSite/TabelHarga/GetGridDataKomoditas,PIHPS backend JSON GET,1,13,34,Pasar Kramatjati,3,2024-04-01,2024-04-30,data/raw/pihps/raw_json/cabai_rawit_hijau/2024-04-01_2024-04-30.json,e827e659f7ceec02b286f5d384cdd54757b40b0c35b9647a79d6d74460e9a577,200,22,2026-09-29T12:09:49Z
Cabai Rawit Hijau,com_15,PIHPS Bank Indonesia,https://www.bi.go.id/hargapangan/WebSite/TabelHarga/GetGridDataKomoditas,PIHPS backend JSON GET,1,13,34,Pasar Kramatjati,3,2024-05-01,2024-05-31,data/raw/pihps/raw_json/cabai_rawit_hijau/2024-05-01_2024-05-31.json,0b774950bd3a326222a79dc792bdb920158f1a1d4eb24de6365ee8e346371df1,200,23,2026-09-29T12:09:50Z
Cabai Rawit Hijau,com_15,PIHPS Bank Indonesia,https://www.bi.go.id/hargapangan/WebSite/TabelHarga/GetGridDataKomoditas,PIHPS backend JSON GET,1,13,34,Pasar Kramatjati,3,2024-06-01,2024-06-30,data/raw/pihps/raw_json/cabai_rawit_hijau/2024-06-01_2024-06-30.json,77b3ca94f248d2a098b51d15bdd3819e33ec317d2a6a7c433dcf8b899155b940,200,20,2026-09-29T12:09:51Z
Cabai Rawit Hijau,com_15,PIHPS Bank Indonesia,https://www.bi.go.id/hargapangan/WebSite/TabelHarga/GetGridDataKomoditas,PIHPS backend JSON GET,1,13,34,Pasar Kramatjati,3,2024-07-01,2024-07-31,data/raw/pihps/raw_json/cabai_rawit_hijau/2024-07-01_2024-07-31.json,5ace84c94b9014f4b15a2bd189e6ad986edf1f94864425a7405e267eca9c08b3,200,23,2026-09-29T12:09:52Z
Cabai Rawit Hijau,com_15,PIHPS Bank Indonesia,https://www.bi.go.id/hargapangan/WebSite/TabelHarga/GetGridDataKomoditas,PIHPS backend JSON GET,1,13,34,Pasar Kramatjati,3,2024-08-01,2024-08-31,data/raw/pihps/raw_json/cabai_rawit_hijau/2024-08-01_2024-08-31.json,e86bdd6a16db8c3f4148d92026b756b9eaac27b8b5ba8d851d68562228e44487,200,22,2026-09-29T12:09:53Z
Cabai Rawit Hijau,com_15,PIHPS Bank Indonesia,https://www.bi.go.id/hargapangan/WebSite/TabelHarga/GetGridDataKomoditas,PIHPS backend JSON GET,1,13,34,Pasar Kramatjati,3,2024-09-01,2024-09-30,data/raw/pihps/raw_json/cabai_rawit_hijau/2024-09-01_2024-09-30.json,2fa520993d053a58d0c8e03097f1af8e04be9104e0c730cd39ac3c3dae76591c,200,21,2026-09-29T12:09:55Z
Cabai Rawit Hijau,com_15,PIHPS Bank Indonesia,https://www.bi.go.id/hargapangan/WebSite/TabelHarga/GetGridDataKomoditas,PIHPS backend JSON GET,1,13,34,Pasar Kramatjati,3,2024-10-01,2024-10-31,data/raw/pihps/raw_json/cabai_rawit_hijau/2024-10-01_2024-10-31.json,bc63aa2897ea5ca5c2a6575d6422cf5d2ad4b74ce244ec60a475a3e8f34cb6e4,200,23,2026-09-29T12:09:56Z
Cabai Rawit Hijau,com_15,PIHPS Bank Indonesia,https://www.bi.go.id/hargapangan/WebSite/TabelHarga/GetGridDataKomoditas,PIHPS backend JSON GET,1,13,34,Pasar Kramatjati,3,2024-11-01,2024-11-30,data/raw/pihps/raw_json/cabai_rawit_hijau/2024-11-01_2024-11-30.json,3c7831f23e610f09a9847b03ae543422dbbb9f0fb4891e5701be70dce5f8817b,200,21,2026-09-29T12:09:57Z
Cabai Rawit Hijau,com_15,PIHPS Bank Indonesia,https://www.bi.go.id/hargapangan/WebSite/TabelHarga/GetGridDataKomoditas,PIHPS backend JSON GET,1,13,34,Pasar Kramatjati,3,2024-12-01,2024-12-31,data/raw/pihps/raw_json/cabai_rawit_hijau/2024-12-01_2024-12-31.json,f0fa15e9b750b503eae74eb824127429174b6205f31ec97d74eb14b9f7045a08,200,22,2026-09-29T12:09:58Z
Cabai Rawit Hijau,com_15,PIHPS Bank Indonesia,https://www.bi.go.id/hargapangan/WebSite/TabelHarga/GetGridDataKomoditas,PIHPS backend JSON GET,1,13,34,Pasar Kramatjati,3,2025-01-01,2025-01-31,data/raw/pihps/raw_json/cabai_rawit_hijau/2025-01-01_2025-01-31.json,91782c55247c81f28f54797d7ab405ce73fce38fddffbf9251fe25516a1b8a3f,200,23,2026-09-29T12:09:59Z
Cabai Rawit Hijau,com_15,PIHPS Bank Indonesia,https://www.bi.go.id/hargapangan/WebSite/TabelHarga/GetGridDataKomoditas,PIHPS backend JSON GET,1,13,34,Pasar Kramatjati,3,2025-02-01,2025-02-28,data/raw/pihps/raw_json/cabai_rawit_hijau/2025-02-01_2025-02-28.json,7b027c5ac82b855db0ca716562e0ed4127c521bb56a9ef65cd4d004062930235,200,20,2026-09-29T12:10:00Z
Cabai Rawit Hijau,com_15,PIHPS Bank Indonesia,https://www.bi.go.id/hargapangan/WebSite/TabelHarga/GetGridDataKomoditas,PIHPS backend JSON GET,1,13,34,Pasar Kramatjati,3,2025-03-01,2025-03-31,data/raw/pihps/raw_json/cabai_rawit_hijau/2025-03-01_2025-03-31.json,8a2a37f23251267ecd786c28431f230ea1f9b5b12fdf1977361560a128b715a3,200,21,2026-09-29T12:10:01Z
Cabai Rawit Hijau,com_15,PIHPS Bank Indonesia,https://www.bi.go.id/hargapangan/WebSite/TabelHarga/GetGridDataKomoditas,PIHPS backend JSON GET,1,13,34,Pasar Kramatjati,3,2025-04-01,2025-04-30,data/raw/pihps/raw_json/cabai_rawit_hijau/2025-04-01_2025-04-30.json,fea6de1188c9613c4a791051be06c2135c571ac7982243a3c2fd71695b9b2a50,200,22,2026-09-29T12:10:02Z
Cabai Rawit Hijau,com_15,PIHPS Bank Indonesia,https://www.bi.go.id/hargapangan/WebSite/TabelHarga/GetGridDataKomoditas,PIHPS backend JSON GET,1,13,34,Pasar Kramatjati,3,2025-05-01,2025-05-31,data/raw/pihps/raw_json/cabai_rawit_hijau/2025-05-01_2025-05-31.json,4894bdc964a3f2706247b301825e45a4b3f5893ef0acca429b69a3079d0e86de,200,22,2026-09-29T12:10:03Z
Cabai Rawit Hijau,com_15,PIHPS Bank Indonesia,https://www.bi.go.id/hargapangan/WebSite/TabelHarga/GetGridDataKomoditas,PIHPS backend JSON GET,1,13,34,Pasar Kramatjati,3,2025-06-01,2025-06-30,data/raw/pihps/raw_json/cabai_rawit_hijau/2025-06-01_2025-06-30.json,b67b311faa2f4ae0a5ca106fb7110f1fdb31421396caaa12fe88eaa250fdebf7,200,21,2026-09-29T12:10:05Z
Cabai Rawit Hijau,com_15,PIHPS Bank Indonesia,https://www.bi.go.id/hargapangan/WebSite/TabelHarga/GetGridDataKomoditas,PIHPS backend JSON GET,1,13,34,Pasar Kramatjati,3,2025-07-01,2025-07-31,data/raw/pihps/raw_json/cabai_rawit_hijau/2025-07-01_2025-07-31.json,bed1af8c4dc6084860b8a2d75f0473dbe81862133e1466bbeb25898b4792fc9e,200,23,2026-09-29T12:10:06Z
Cabai Rawit Hijau,com_15,PIHPS Bank Indonesia,https://www.bi.go.id/hargapangan/WebSite/TabelHarga/GetGridDataKomoditas,PIHPS backend JSON GET,1,13,34,Pasar Kramatjati,3,2025-08-01,2025-08-31,data/raw/pihps/raw_json/cabai_rawit_hijau/2025-08-01_2025-08-31.json,824768716325729043a3ea886bc802528133b79f39e50f07b1c6903c8d013c21,200,21,2026-09-29T12:10:07Z
Cabai Rawit Hijau,com_15,PIHPS Bank Indonesia,https://www.bi.go.id/hargapangan/WebSite/TabelHarga/GetGridDataKomoditas,PIHPS backend JSON GET,1,13,34,Pasar Kramatjati,3,2025-09-01,2025-09-30,data/raw/pihps/raw_json/cabai_rawit_hijau/2025-09-01_2025-09-30.json,4280d22ca4c76a8ceede9faedf95138700d9d06b03399fc85d2bf58cc1e9832b,200,22,2026-09-29T12:10:08Z
Cabai Rawit Hijau,com_15,PIHPS Bank Indonesia,https://www.bi.go.id/hargapangan/WebSite/TabelHarga/GetGridDataKomoditas,PIHPS backend JSON GET,1,13,34,Pasar Kramatjati,3,2025-10-01,2025-10-31,data/raw/pihps/raw_json/cabai_rawit_hijau/2025-10-01_2025-10-31.json,37365c3e93e0d56c552a8f6c0ee9fab49744a4c2fa240665ff049d3f91e19b5a,200,23,2026-09-29T12:10:09Z
Cabai Rawit Hijau,com_15,PIHPS Bank Indonesia,https://www.bi.go.id/hargapangan/WebSite/TabelHarga/GetGridDataKomoditas,PIHPS backend JSON GET,1,13,34,Pasar Kramatjati,3,2025-11-01,2025-11-30,data/raw/pihps/raw_json/cabai_rawit_hijau/2025-11-01_2025-11-30.json,95553312ab9d42bf14eadde1545a6bbb5814c84db53327b42c0466cb61ab468d,200,20,2026-09-29T12:10:10Z
Cabai Rawit Hijau,com_15,PIHPS Bank Indonesia,https://www.bi.go.id/hargapangan/WebSite/TabelHarga/GetGridDataKomoditas,PIHPS backend JSON GET,1,13,34,Pasar Kramatjati,3,2025-12-01,2025-12-31,data/raw/pihps/raw_json/cabai_rawit_hijau/2025-12-01_2025-12-31.json,b4b54e9a9593aaef4fd065ba1f457ae81ae3190099422b5743d05e5f089c3847,200,23,2026-09-29T12:10:11Z
Cabai Rawit Hijau,com_15,PIHPS Bank Indonesia,https://www.bi.go.id/hargapangan/WebSite/TabelHarga/GetGridDataKomoditas,PIHPS backend JSON GET,1,13,34,Pasar Kramatjati,3,2026-01-01,2026-01-31,data/raw/pihps/raw_json/cabai_rawit_hijau/2026-01-01_2026-01-31.json,68ee53bc355cde4e8c5b330e75806c95523974691dd4afefe73f7b0ebd4b72c5,200,22,2026-09-29T12:10:12Z
Cabai Rawit Hijau,com_15,PIHPS Bank Indonesia,https://www.bi.go.id/hargapangan/WebSite/TabelHarga/GetGridDataKomoditas,PIHPS backend JSON GET,1,13,34,Pasar Kramatjati,3,2026-02-01,2026-02-28,data/raw/pihps/raw_json/cabai_rawit_hijau/2026-02-01_2026-02-28.json,1db71313d7d01d2b9ea8b3079027e2c9a4547bd7ec802ba96de678384025e91f,200,20,2026-09-29T12:10:13Z
Cabai Rawit Hijau,com_15,PIHPS Bank Indonesia,https://www.bi.go.id/hargapangan/WebSite/TabelHarga/GetGridDataKomoditas,PIHPS backend JSON GET,1,13,34,Pasar Kramatjati,3,2026-03-01,2026-03-31,data/raw/pihps/raw_json/cabai_rawit_hijau/2026-03-01_2026-03-31.json,cd1f411555d301bb843f3914db98b760b53b85dfd2210642821762339de61c36,200,22,2026-09-29T12:10:15Z
Cabai Rawit Hijau,com_15,PIHPS Bank Indonesia,https://www.bi.go.id/hargapangan/WebSite/TabelHarga/GetGridDataKomoditas,PIHPS backend JSON GET,1,13,34,Pasar Kramatjati,3,2026-04-01,2026-04-30,data/raw/pihps/raw_json/cabai_rawit_hijau/2026-04-01_2026-04-30.json,dcbf63715a4445ff1a68fff9a7313389fe718903f80ffe6ac756f6cfecad3900,200,22,2026-09-29T12:10:17Z
Cabai Rawit Hijau,com_15,PIHPS Bank Indonesia,https://www.bi.go.id/hargapangan/WebSite/TabelHarga/GetGridDataKomoditas,PIHPS backend JSON GET,1,13,34,Pasar Kramatjati,3,2026-05-01,2026-05-31,data/raw/pihps/raw_json/cabai_rawit_hijau/2026-05-01_2026-05-31.json,cb1a8e291cd9a556a28dd2cc5fd34558d6b62721a13321520f77b648a19cd486,200,21,2026-09-29T12:10:19Z
Cabai Rawit Hijau,com_15,PIHPS Bank Indonesia,https://www.bi.go.id/hargapangan/WebSite/TabelHarga/GetGridDataKomoditas,PIHPS backend JSON GET,1,13,34,Pasar Kramatjati,3,2026-06-01,2026-06-30,data/raw/pihps/raw_json/cabai_rawit_hijau/2026-06-01_2026-06-30.json,9967010af74fbc26cb3c00e65bf45fc0b30a85fa87776528fd1869ecb4294de6,200,22,2026-09-29T12:10:22Z
Cabai Rawit Hijau,com_15,PIHPS Bank Indonesia,https://www.bi.go.id/hargapangan/WebSite/TabelHarga/GetGridDataKomoditas,PIHPS backend JSON GET,1,13,34,Pasar Kramatjati,3,2026-07-01,2026-07-31,data/raw/pihps/raw_json/cabai_rawit_hijau/2026-07-01_2026-07-31.json,feff7c785000c5020575c7c58377226d2283963476820bf251ad920a533fff91,200,23,2026-09-29T12:10:24Z
Cabai Rawit Hijau,com_15,PIHPS Bank Indonesia,https://www.bi.go.id/hargapangan/WebSite/TabelHarga/GetGridDataKomoditas,PIHPS backend JSON GET,1,13,34,Pasar Kramatjati,3,2026-08-01,2026-08-31,data/raw/pihps/raw_json/cabai_rawit_hijau/2026-08-01_2026-08-31.json,03475e9ce4b0d903ca5310396cfa28949bb83762aee4381bd9ece630fe2b6685,200,21,2026-09-29T12:10:26Z
Cabai Rawit Hijau,com_15,PIHPS Bank Indonesia,https://www.bi.go.id/hargapangan/WebSite/TabelHarga/GetGridDataKomoditas,PIHPS backend JSON GET,1,13,34,Pasar Kramatjati,3,2026-09-01,2026-09-29,data/raw/pihps/raw_json/cabai_rawit_hijau/2026-09-01_2026-09-29.json,0643514c5b4676a9e61cefff807901cb4e69706d65a40145918f6a1f432002b3,200,21,2026-09-29T12:10:28Z
Cabai Rawit Merah,com_16,PIHPS Bank Indonesia,https://www.bi.go.id/hargapangan/WebSite/TabelHarga/GetGridDataKomoditas,PIHPS backend JSON GET,1,13,34,Pasar Kramatjati,3,2022-01-01,2022-01-31,data/raw/pihps/raw_json/cabai_rawit_merah/2022-01-01_2022-01-31.json,c5bdd936b5d119683b1337b9e322ae58ef1ad553b19d7c36ba5f51a55cf9f206,200,21,2026-09-29T12:10:29Z
Cabai Rawit Merah,com_16,PIHPS Bank Indonesia,https://www.bi.go.id/hargapangan/WebSite/TabelHarga/GetGridDataKomoditas,PIHPS backend JSON GET,1,13,34,Pasar Kramatjati,3,2022-02-01,2022-02-28,data/raw/pihps/raw_json/cabai_rawit_merah/2022-02-01_2022-02-28.json,093914bc1e962722efb5b9cf6fbef6872d432d34377af9a8087109df4edffbb8,200,20,2026-09-29T12:10:30Z
Cabai Rawit Merah,com_16,PIHPS Bank Indonesia,https://www.bi.go.id/hargapangan/WebSite/TabelHarga/GetGridDataKomoditas,PIHPS backend JSON GET,1,13,34,Pasar Kramatjati,3,2022-03-01,2022-03-31,data/raw/pihps/raw_json/cabai_rawit_merah/2022-03-01_2022-03-31.json,0efa24c0bba9aa8ece0ec25c16ea4c3f827204ca0ba8ac91acd27a6b3c4f3b75,200,23,2026-09-29T12:10:31Z
Cabai Rawit Merah,com_16,PIHPS Bank Indonesia,https://www.bi.go.id/hargapangan/WebSite/TabelHarga/GetGridDataKomoditas,PIHPS backend JSON GET,1,13,34,Pasar Kramatjati,3,2022-04-01,2022-04-30,data/raw/pihps/raw_json/cabai_rawit_merah/2022-04-01_2022-04-30.json,e23e58ba51aae3bbc4c8805d625404a99817cf0a3332478ae9bf51b1256e6ca8,200,21,2026-09-29T12:10:32Z
Cabai Rawit Merah,com_16,PIHPS Bank Indonesia,https://www.bi.go.id/hargapangan/WebSite/TabelHarga/GetGridDataKomoditas,PIHPS backend JSON GET,1,13,34,Pasar Kramatjati,3,2022-05-01,2022-05-31,data/raw/pihps/raw_json/cabai_rawit_merah/2022-05-01_2022-05-31.json,611560e3650379ce16e00e41898e086ab2e8327a82d7182b2919bfd2274cdd09,200,22,2026-09-29T12:10:34Z
Cabai Rawit Merah,com_16,PIHPS Bank Indonesia,https://www.bi.go.id/hargapangan/WebSite/TabelHarga/GetGridDataKomoditas,PIHPS backend JSON GET,1,13,34,Pasar Kramatjati,3,2022-06-01,2022-06-30,data/raw/pihps/raw_json/cabai_rawit_merah/2022-06-01_2022-06-30.json,be2228c94aedf1568560591b98f876633d4fb0e1656be84bf8cc06858e708b44,200,22,2026-09-29T12:10:35Z
Cabai Rawit Merah,com_16,PIHPS Bank Indonesia,https://www.bi.go.id/hargapangan/WebSite/TabelHarga/GetGridDataKomoditas,PIHPS backend JSON GET,1,13,34,Pasar Kramatjati,3,2022-07-01,2022-07-31,data/raw/pihps/raw_json/cabai_rawit_merah/2022-07-01_2022-07-31.json,a2187726972f4092ace057474944ecbaed9080501a0415d9a7d1434332c70f75,200,21,2026-09-29T12:10:36Z
Cabai Rawit Merah,com_16,PIHPS Bank Indonesia,https://www.bi.go.id/hargapangan/WebSite/TabelHarga/GetGridDataKomoditas,PIHPS backend JSON GET,1,13,34,Pasar Kramatjati,3,2022-08-01,2022-08-31,data/raw/pihps/raw_json/cabai_rawit_merah/2022-08-01_2022-08-31.json,af52248022474ae33d31b360ecd11bdf9cafce8793ffa672ed85b36f957b8636,200,23,2026-09-29T12:10:37Z
Cabai Rawit Merah,com_16,PIHPS Bank Indonesia,https://www.bi.go.id/hargapangan/WebSite/TabelHarga/GetGridDataKomoditas,PIHPS backend JSON GET,1,13,34,Pasar Kramatjati,3,2022-09-01,2022-09-30,data/raw/pihps/raw_json/cabai_rawit_merah/2022-09-01_2022-09-30.json,1188f31c19b09ca49fe5f1412cf296833ee926d1174d6d85edde64cb27e36fad,200,22,2026-09-29T12:10:39Z
Cabai Rawit Merah,com_16,PIHPS Bank Indonesia,https://www.bi.go.id/hargapangan/WebSite/TabelHarga/GetGridDataKomoditas,PIHPS backend JSON GET,1,13,34,Pasar Kramatjati,3,2022-10-01,2022-10-31,data/raw/pihps/raw_json/cabai_rawit_merah/2022-10-01_2022-10-31.json,dc89657b055b238d552fe1950fac6dad4ac707bac54af6a4426ddda2eb20149e,200,21,2026-09-29T12:10:40Z
Cabai Rawit Merah,com_16,PIHPS Bank Indonesia,https://www.bi.go.id/hargapangan/WebSite/TabelHarga/GetGridDataKomoditas,PIHPS backend JSON GET,1,13,34,Pasar Kramatjati,3,2022-11-01,2022-11-30,data/raw/pihps/raw_json/cabai_rawit_merah/2022-11-01_2022-11-30.json,32e52955f8dde308fb58612b9a6433b278c781dff94ca852ea89c1d61fb5e32a,200,22,2026-09-29T12:10:41Z
Cabai Rawit Merah,com_16,PIHPS Bank Indonesia,https://www.bi.go.id/hargapangan/WebSite/TabelHarga/GetGridDataKomoditas,PIHPS backend JSON GET,1,13,34,Pasar Kramatjati,3,2022-12-01,2022-12-31,data/raw/pihps/raw_json/cabai_rawit_merah/2022-12-01_2022-12-31.json,76946c21310dcabc4d099d055c4a8eca282b9c5402bcc7b3f72be5be6d9e3796,200,22,2026-09-29T12:10:42Z
Cabai Rawit Merah,com_16,PIHPS Bank Indonesia,https://www.bi.go.id/hargapangan/WebSite/TabelHarga/GetGridDataKomoditas,PIHPS backend JSON GET,1,13,34,Pasar Kramatjati,3,2023-01-01,2023-01-31,data/raw/pihps/raw_json/cabai_rawit_merah/2023-01-01_2023-01-31.json,9788dc8421d2ec84dcf83d3a9b621bbfd9b3362d23e6ecd20a583db159d6bd4a,200,22,2026-09-29T12:10:43Z
Cabai Rawit Merah,com_16,PIHPS Bank Indonesia,https://www.bi.go.id/hargapangan/WebSite/TabelHarga/GetGridDataKomoditas,PIHPS backend JSON GET,1,13,34,Pasar Kramatjati,3,2023-02-01,2023-02-28,data/raw/pihps/raw_json/cabai_rawit_merah/2023-02-01_2023-02-28.json,3a9a311ad5a672d3343a840081f6b6432e097e816ba880d96c8acd0f358eb7cd,200,20,2026-09-29T12:10:44Z
Cabai Rawit Merah,com_16,PIHPS Bank Indonesia,https://www.bi.go.id/hargapangan/WebSite/TabelHarga/GetGridDataKomoditas,PIHPS backend JSON GET,1,13,34,Pasar Kramatjati,3,2023-03-01,2023-03-31,data/raw/pihps/raw_json/cabai_rawit_merah/2023-03-01_2023-03-31.json,3d4918b7e5e732c38c089b4423e033a4380a0d73b9ed5f118ff44b93d189b999,200,23,2026-09-29T12:10:45Z
Cabai Rawit Merah,com_16,PIHPS Bank Indonesia,https://www.bi.go.id/hargapangan/WebSite/TabelHarga/GetGridDataKomoditas,PIHPS backend JSON GET,1,13,34,Pasar Kramatjati,3,2023-04-01,2023-04-30,data/raw/pihps/raw_json/cabai_rawit_merah/2023-04-01_2023-04-30.json,0ab8b879d53dc6dd558d4622c98061affeddcb5c36b90d221d5a70110c5ae0a7,200,20,2026-09-29T12:10:46Z
Cabai Rawit Merah,com_16,PIHPS Bank Indonesia,https://www.bi.go.id/hargapangan/WebSite/TabelHarga/GetGridDataKomoditas,PIHPS backend JSON GET,1,13,34,Pasar Kramatjati,3,2023-05-01,2023-05-31,data/raw/pihps/raw_json/cabai_rawit_merah/2023-05-01_2023-05-31.json,42230fb45617316e62c2ccacc734c01a68a6dc6da7887ee199d8c563914f10e8,200,23,2026-09-29T12:10:48Z
Cabai Rawit Merah,com_16,PIHPS Bank Indonesia,https://www.bi.go.id/hargapangan/WebSite/TabelHarga/GetGridDataKomoditas,PIHPS backend JSON GET,1,13,34,Pasar Kramatjati,3,2023-06-01,2023-06-30,data/raw/pihps/raw_json/cabai_rawit_merah/2023-06-01_2023-06-30.json,b551acfc8f5b0a72db6e0cfbef0609b249fe28c86455cbaa9b57f9c85687586b,200,22,2026-09-29T12:10:49Z
Cabai Rawit Merah,com_16,PIHPS Bank Indonesia,https://www.bi.go.id/hargapangan/WebSite/TabelHarga/GetGridDataKomoditas,PIHPS backend JSON GET,1,13,34,Pasar Kramatjati,3,2023-07-01,2023-07-31,data/raw/pihps/raw_json/cabai_rawit_merah/2023-07-01_2023-07-31.json,49fce3407b97eeb15e5becff4b22a6c2878644f27fb43305706342234bca547f,200,21,2026-09-29T12:10:50Z
Cabai Rawit Merah,com_16,PIHPS Bank Indonesia,https://www.bi.go.id/hargapangan/WebSite/TabelHarga/GetGridDataKomoditas,PIHPS backend JSON GET,1,13,34,Pasar Kramatjati,3,2023-08-01,2023-08-31,data/raw/pihps/raw_json/cabai_rawit_merah/2023-08-01_2023-08-31.json,8f4170891d4f8d7a7322a00ea800ff859c166d45574d25df312eeed0df9ca4da,200,23,2026-09-29T12:10:51Z
Cabai Rawit Merah,com_16,PIHPS Bank Indonesia,https://www.bi.go.id/hargapangan/WebSite/TabelHarga/GetGridDataKomoditas,PIHPS backend JSON GET,1,13,34,Pasar Kramatjati,3,2023-09-01,2023-09-30,data/raw/pihps/raw_json/cabai_rawit_merah/2023-09-01_2023-09-30.json,352fd6b07b8b59868bd2aae7af5ad869cfa3e39594badc21b16cfe75584f817f,200,21,2026-09-29T12:10:52Z
Cabai Rawit Merah,com_16,PIHPS Bank Indonesia,https://www.bi.go.id/hargapangan/WebSite/TabelHarga/GetGridDataKomoditas,PIHPS backend JSON GET,1,13,34,Pasar Kramatjati,3,2023-10-01,2023-10-31,data/raw/pihps/raw_json/cabai_rawit_merah/2023-10-01_2023-10-31.json,61ded754429c36d9274c204849060ef98018d7d236fa2a754abdba63fc0f3579,200,22,2026-09-29T12:10:53Z
Cabai Rawit Merah,com_16,PIHPS Bank Indonesia,https://www.bi.go.id/hargapangan/WebSite/TabelHarga/GetGridDataKomoditas,PIHPS backend JSON GET,1,13,34,Pasar Kramatjati,3,2023-11-01,2023-11-30,data/raw/pihps/raw_json/cabai_rawit_merah/2023-11-01_2023-11-30.json,ad89c4b2c2b7eea0ad94088be24421fc31c4cbcecf740e1b7f7cd766dfb1711e,200,22,2026-09-29T12:10:54Z
Cabai Rawit Merah,com_16,PIHPS Bank Indonesia,https://www.bi.go.id/hargapangan/WebSite/TabelHarga/GetGridDataKomoditas,PIHPS backend JSON GET,1,13,34,Pasar Kramatjati,3,2023-12-01,2023-12-31,data/raw/pihps/raw_json/cabai_rawit_merah/2023-12-01_2023-12-31.json,d832d4f56901ae18812ec4b0702655791f045bef2c05c2611edb7597c630878c,200,21,2026-09-29T12:10:56Z
Cabai Rawit Merah,com_16,PIHPS Bank Indonesia,https://www.bi.go.id/hargapangan/WebSite/TabelHarga/GetGridDataKomoditas,PIHPS backend JSON GET,1,13,34,Pasar Kramatjati,3,2024-01-01,2024-01-31,data/raw/pihps/raw_json/cabai_rawit_merah/2024-01-01_2024-01-31.json,f9c14f646de22f2b96bcee79f8ce0f3084d9d0d6aab54186a1cbcbd26b0cadc1,200,23,2026-09-29T12:10:57Z
Cabai Rawit Merah,com_16,PIHPS Bank Indonesia,https://www.bi.go.id/hargapangan/WebSite/TabelHarga/GetGridDataKomoditas,PIHPS backend JSON GET,1,13,34,Pasar Kramatjati,3,2024-02-01,2024-02-29,data/raw/pihps/raw_json/cabai_rawit_merah/2024-02-01_2024-02-29.json,00e58adb0aa9667a644991f7200f8b6ada7e01efcf59a6eeb19d540535380a1f,200,21,2026-09-29T12:10:58Z
Cabai Rawit Merah,com_16,PIHPS Bank Indonesia,https://www.bi.go.id/hargapangan/WebSite/TabelHarga/GetGridDataKomoditas,PIHPS backend JSON GET,1,13,34,Pasar Kramatjati,3,2024-03-01,2024-03-31,data/raw/pihps/raw_json/cabai_rawit_merah/2024-03-01_2024-03-31.json,8794c88984aa222038e27b24d68910f0a39d7435dacc24bb1ece55fe1dda2aab,200,21,2026-09-29T12:10:59Z
Cabai Rawit Merah,com_16,PIHPS Bank Indonesia,https://www.bi.go.id/hargapangan/WebSite/TabelHarga/GetGridDataKomoditas,PIHPS backend JSON GET,1,13,34,Pasar Kramatjati,3,2024-04-01,2024-04-30,data/raw/pihps/raw_json/cabai_rawit_merah/2024-04-01_2024-04-30.json,c1a143eee8b7414c1fc12364e586f9c202aa93866de476154581047e9e4acc17,200,22,2026-09-29T12:11:01Z
Cabai Rawit Merah,com_16,PIHPS Bank Indonesia,https://www.bi.go.id/hargapangan/WebSite/TabelHarga/GetGridDataKomoditas,PIHPS backend JSON GET,1,13,34,Pasar Kramatjati,3,2024-05-01,2024-05-31,data/raw/pihps/raw_json/cabai_rawit_merah/2024-05-01_2024-05-31.json,2da5d93ffe2ab67ab37f39b8e23f1d3b06947085fbdfd3382212369e9a9cee19,200,23,2026-09-29T12:11:03Z
Cabai Rawit Merah,com_16,PIHPS Bank Indonesia,https://www.bi.go.id/hargapangan/WebSite/TabelHarga/GetGridDataKomoditas,PIHPS backend JSON GET,1,13,34,Pasar Kramatjati,3,2024-06-01,2024-06-30,data/raw/pihps/raw_json/cabai_rawit_merah/2024-06-01_2024-06-30.json,8e975d4ef08fba595d40c7614456e8d517f3198dcc5d89914e979ea965eb2280,200,20,2026-09-29T12:11:04Z
Cabai Rawit Merah,com_16,PIHPS Bank Indonesia,https://www.bi.go.id/hargapangan/WebSite/TabelHarga/GetGridDataKomoditas,PIHPS backend JSON GET,1,13,34,Pasar Kramatjati,3,2024-07-01,2024-07-31,data/raw/pihps/raw_json/cabai_rawit_merah/2024-07-01_2024-07-31.json,0893c31eea6ed1520c5118a62668064617938a92f32f41e99a8315f90bfa05d8,200,23,2026-09-29T12:11:05Z
Cabai Rawit Merah,com_16,PIHPS Bank Indonesia,https://www.bi.go.id/hargapangan/WebSite/TabelHarga/GetGridDataKomoditas,PIHPS backend JSON GET,1,13,34,Pasar Kramatjati,3,2024-08-01,2024-08-31,data/raw/pihps/raw_json/cabai_rawit_merah/2024-08-01_2024-08-31.json,6e4461ff63e70a5cb9fbcf2f576956c33f267076974c0918cc5212d6d4a81260,200,22,2026-09-29T12:11:06Z
Cabai Rawit Merah,com_16,PIHPS Bank Indonesia,https://www.bi.go.id/hargapangan/WebSite/TabelHarga/GetGridDataKomoditas,PIHPS backend JSON GET,1,13,34,Pasar Kramatjati,3,2024-09-01,2024-09-30,data/raw/pihps/raw_json/cabai_rawit_merah/2024-09-01_2024-09-30.json,de315a256e397c0baf293ade5037530b98bbb5055f8596ca296748f27d6cd97c,200,21,2026-09-29T12:11:07Z
Cabai Rawit Merah,com_16,PIHPS Bank Indonesia,https://www.bi.go.id/hargapangan/WebSite/TabelHarga/GetGridDataKomoditas,PIHPS backend JSON GET,1,13,34,Pasar Kramatjati,3,2024-10-01,2024-10-31,data/raw/pihps/raw_json/cabai_rawit_merah/2024-10-01_2024-10-31.json,adcebdda5a4e7108b643267aa4c11a952e4d388d51f914c866d00e8c613f2d94,200,23,2026-09-29T12:11:08Z
Cabai Rawit Merah,com_16,PIHPS Bank Indonesia,https://www.bi.go.id/hargapangan/WebSite/TabelHarga/GetGridDataKomoditas,PIHPS backend JSON GET,1,13,34,Pasar Kramatjati,3,2024-11-01,2024-11-30,data/raw/pihps/raw_json/cabai_rawit_merah/2024-11-01_2024-11-30.json,b9db8cce7ae6868c29bdcb98d84849f05cf74c4d08660c1c104adbc85d5cb138,200,21,2026-09-29T12:11:20Z
Cabai Rawit Merah,com_16,PIHPS Bank Indonesia,https://www.bi.go.id/hargapangan/WebSite/TabelHarga/GetGridDataKomoditas,PIHPS backend JSON GET,1,13,34,Pasar Kramatjati,3,2024-12-01,2024-12-31,data/raw/pihps/raw_json/cabai_rawit_merah/2024-12-01_2024-12-31.json,17abf5f5d4e019347c9b8800ad841de975d83899540a29a2a816caacf986a29c,200,22,2026-09-29T12:11:22Z
Cabai Rawit Merah,com_16,PIHPS Bank Indonesia,https://www.bi.go.id/hargapangan/WebSite/TabelHarga/GetGridDataKomoditas,PIHPS backend JSON GET,1,13,34,Pasar Kramatjati,3,2025-01-01,2025-01-31,data/raw/pihps/raw_json/cabai_rawit_merah/2025-01-01_2025-01-31.json,ccd25e8d83bfc9eac9ff926bb0e12aaad83f717ae59d8ec5d7a7a98393919d58,200,23,2026-09-29T12:11:26Z
Cabai Rawit Merah,com_16,PIHPS Bank Indonesia,https://www.bi.go.id/hargapangan/WebSite/TabelHarga/GetGridDataKomoditas,PIHPS backend JSON GET,1,13,34,Pasar Kramatjati,3,2025-02-01,2025-02-28,data/raw/pihps/raw_json/cabai_rawit_merah/2025-02-01_2025-02-28.json,731a626505a2ca0d5a99c82c443051e75549a9be19b8d5e501a256827c6e0ffb,200,20,2026-09-29T12:11:27Z
Cabai Rawit Merah,com_16,PIHPS Bank Indonesia,https://www.bi.go.id/hargapangan/WebSite/TabelHarga/GetGridDataKomoditas,PIHPS backend JSON GET,1,13,34,Pasar Kramatjati,3,2025-03-01,2025-03-31,data/raw/pihps/raw_json/cabai_rawit_merah/2025-03-01_2025-03-31.json,61b07688ab73f58ce72cfea2541be78b03d59fe3c580f3008a277d7ed011f1fa,200,21,2026-09-29T12:11:28Z
Cabai Rawit Merah,com_16,PIHPS Bank Indonesia,https://www.bi.go.id/hargapangan/WebSite/TabelHarga/GetGridDataKomoditas,PIHPS backend JSON GET,1,13,34,Pasar Kramatjati,3,2025-04-01,2025-04-30,data/raw/pihps/raw_json/cabai_rawit_merah/2025-04-01_2025-04-30.json,1cd0ead278085f310c6d981389f0d75725715f2ba20df1bb7c823c3fc9264828,200,22,2026-09-29T12:11:29Z
Cabai Rawit Merah,com_16,PIHPS Bank Indonesia,https://www.bi.go.id/hargapangan/WebSite/TabelHarga/GetGridDataKomoditas,PIHPS backend JSON GET,1,13,34,Pasar Kramatjati,3,2025-05-01,2025-05-31,data/raw/pihps/raw_json/cabai_rawit_merah/2025-05-01_2025-05-31.json,f5313b3c6a6055b24710c526c5e940b7876d6e608270482d29f5dc0df3f7be56,200,22,2026-09-29T12:11:30Z
Cabai Rawit Merah,com_16,PIHPS Bank Indonesia,https://www.bi.go.id/hargapangan/WebSite/TabelHarga/GetGridDataKomoditas,PIHPS backend JSON GET,1,13,34,Pasar Kramatjati,3,2025-06-01,2025-06-30,data/raw/pihps/raw_json/cabai_rawit_merah/2025-06-01_2025-06-30.json,ea191b26661d07e387414baa24fd8c322372c1d1965300ddfafd8e31d4406cd3,200,21,2026-09-29T12:11:31Z
Cabai Rawit Merah,com_16,PIHPS Bank Indonesia,https://www.bi.go.id/hargapangan/WebSite/TabelHarga/GetGridDataKomoditas,PIHPS backend JSON GET,1,13,34,Pasar Kramatjati,3,2025-07-01,2025-07-31,data/raw/pihps/raw_json/cabai_rawit_merah/2025-07-01_2025-07-31.json,8c898767adf02592efca36d14eaf0ecd9e9194490b623a6d7527affa563a6c3c,200,23,2026-09-29T12:11:32Z
Cabai Rawit Merah,com_16,PIHPS Bank Indonesia,https://www.bi.go.id/hargapangan/WebSite/TabelHarga/GetGridDataKomoditas,PIHPS backend JSON GET,1,13,34,Pasar Kramatjati,3,2025-08-01,2025-08-31,data/raw/pihps/raw_json/cabai_rawit_merah/2025-08-01_2025-08-31.json,d9dc65b6fff2dad88279373e0ce90860aa24ff216c1bf29fdd2f887f548c1813,200,21,2026-09-29T12:11:33Z
Cabai Rawit Merah,com_16,PIHPS Bank Indonesia,https://www.bi.go.id/hargapangan/WebSite/TabelHarga/GetGridDataKomoditas,PIHPS backend JSON GET,1,13,34,Pasar Kramatjati,3,2025-09-01,2025-09-30,data/raw/pihps/raw_json/cabai_rawit_merah/2025-09-01_2025-09-30.json,2db50556337521cd80b2a6d983dd07313094079b69bdedc49a3db05d11192d5b,200,22,2026-09-29T12:11:34Z
Cabai Rawit Merah,com_16,PIHPS Bank Indonesia,https://www.bi.go.id/hargapangan/WebSite/TabelHarga/GetGridDataKomoditas,PIHPS backend JSON GET,1,13,34,Pasar Kramatjati,3,2025-10-01,2025-10-31,data/raw/pihps/raw_json/cabai_rawit_merah/2025-10-01_2025-10-31.json,2b2b10f19e6ec722b877995d11c9be3cf3ed73bc6952f4ccae3fa6c9922899c0,200,23,2026-09-29T12:11:36Z
Cabai Rawit Merah,com_16,PIHPS Bank Indonesia,https://www.bi.go.id/hargapangan/WebSite/TabelHarga/GetGridDataKomoditas,PIHPS backend JSON GET,1,13,34,Pasar Kramatjati,3,2025-11-01,2025-11-30,data/raw/pihps/raw_json/cabai_rawit_merah/2025-11-01_2025-11-30.json,2844666a7083ab645a033e7ebcf8d9bf681adc127a8d2f01f7e52e3c80acf529,200,20,2026-09-29T12:11:37Z
Cabai Rawit Merah,com_16,PIHPS Bank Indonesia,https://www.bi.go.id/hargapangan/WebSite/TabelHarga/GetGridDataKomoditas,PIHPS backend JSON GET,1,13,34,Pasar Kramatjati,3,2025-12-01,2025-12-31,data/raw/pihps/raw_json/cabai_rawit_merah/2025-12-01_2025-12-31.json,3ada18c1f712ff16cb771330c9020e0ab1efdd31cd99a37c9287a95f6adf2156,200,23,2026-09-29T12:11:38Z
Cabai Rawit Merah,com_16,PIHPS Bank Indonesia,https://www.bi.go.id/hargapangan/WebSite/TabelHarga/GetGridDataKomoditas,PIHPS backend JSON GET,1,13,34,Pasar Kramatjati,3,2026-01-01,2026-01-31,data/raw/pihps/raw_json/cabai_rawit_merah/2026-01-01_2026-01-31.json,9f89c9e9630dac2ca9ff9975d122477da1073f43fa1267b3dbf73409b0f80e76,200,22,2026-09-29T12:11:40Z
Cabai Rawit Merah,com_16,PIHPS Bank Indonesia,https://www.bi.go.id/hargapangan/WebSite/TabelHarga/GetGridDataKomoditas,PIHPS backend JSON GET,1,13,34,Pasar Kramatjati,3,2026-02-01,2026-02-28,data/raw/pihps/raw_json/cabai_rawit_merah/2026-02-01_2026-02-28.json,28423564d45396ab3e5a966bf5fe37bc70e8e7c9bf3456548a311a3601c51d1b,200,20,2026-09-29T12:11:41Z
Cabai Rawit Merah,com_16,PIHPS Bank Indonesia,https://www.bi.go.id/hargapangan/WebSite/TabelHarga/GetGridDataKomoditas,PIHPS backend JSON GET,1,13,34,Pasar Kramatjati,3,2026-03-01,2026-03-31,data/raw/pihps/raw_json/cabai_rawit_merah/2026-03-01_2026-03-31.json,fea561504b01517f5d68220d0d8718aa54c3d9b6ba576ea6b4f73359dd28f8b2,200,22,2026-09-29T12:11:43Z
Cabai Rawit Merah,com_16,PIHPS Bank Indonesia,https://www.bi.go.id/hargapangan/WebSite/TabelHarga/GetGridDataKomoditas,PIHPS backend JSON GET,1,13,34,Pasar Kramatjati,3,2026-04-01,2026-04-30,data/raw/pihps/raw_json/cabai_rawit_merah/2026-04-01_2026-04-30.json,2e4aa02d4d8e838916c2b25b7106acc5f178de8fb9cedb9c1a2be9be2e6edca6,200,22,2026-09-29T12:11:45Z
Cabai Rawit Merah,com_16,PIHPS Bank Indonesia,https://www.bi.go.id/hargapangan/WebSite/TabelHarga/GetGridDataKomoditas,PIHPS backend JSON GET,1,13,34,Pasar Kramatjati,3,2026-05-01,2026-05-31,data/raw/pihps/raw_json/cabai_rawit_merah/2026-05-01_2026-05-31.json,99131bdd075b1a3106ce7d13a3183879052930db93612454cffd866ec7322b04,200,21,2026-09-29T12:11:48Z
Cabai Rawit Merah,com_16,PIHPS Bank Indonesia,https://www.bi.go.id/hargapangan/WebSite/TabelHarga/GetGridDataKomoditas,PIHPS backend JSON GET,1,13,34,Pasar Kramatjati,3,2026-06-01,2026-06-30,data/raw/pihps/raw_json/cabai_rawit_merah/2026-06-01_2026-06-30.json,3a66753815b206452eecd6d9601b90e9f426dc742c9b9c43e7760efdc63af772,200,22,2026-09-29T12:11:50Z
Cabai Rawit Merah,com_16,PIHPS Bank Indonesia,https://www.bi.go.id/hargapangan/WebSite/TabelHarga/GetGridDataKomoditas,PIHPS backend JSON GET,1,13,34,Pasar Kramatjati,3,2026-07-01,2026-07-31,data/raw/pihps/raw_json/cabai_rawit_merah/2026-07-01_2026-07-31.json,ba1c6d4c0e9cdb89ca36193face4f02264cdd48b24956c673e052278baa438f8,200,23,2026-09-29T12:11:52Z
Cabai Rawit Merah,com_16,PIHPS Bank Indonesia,https://www.bi.go.id/hargapangan/WebSite/TabelHarga/GetGridDataKomoditas,PIHPS backend JSON GET,1,13,34,Pasar Kramatjati,3,2026-08-01,2026-08-31,data/raw/pihps/raw_json/cabai_rawit_merah/2026-08-01_2026-08-31.json,02181ed80ed101a7d9d2b8f85fca3c1c90bfeaca839647c012426293b9a74898,200,21,2026-09-29T12:11:54Z
Cabai Rawit Merah,com_16,PIHPS Bank Indonesia,https://www.bi.go.id/hargapangan/WebSite/TabelHarga/GetGridDataKomoditas,PIHPS backend JSON GET,1,13,34,Pasar Kramatjati,3,2026-09-01,2026-09-29,data/raw/pihps/raw_json/cabai_rawit_merah/2026-09-01_2026-09-29.json,108c26323967f78d99b7abcba275a32c8df1a748e98051cf2eccbf12645e444b,200,21,2026-09-29T12:11:56Z
