set,location_id,year,start_date,end_date,model,request_url,http_status,raw_file,raw_sha256,raw_bytes,grid_latitude,grid_longitude,grid_elevation,utc_offset_seconds,timezone,n_days,n_null_values,api_weight,check,error,collected_at_utc
core,garut,2018,2018-01-01,2018-12-31,era5_seamless,https://archive-api.open-meteo.com/v1/archive?latitude=-7.35951&longitude=107.78883&start_date=2018-01-01&end_date=2018-12-31&daily=precipitation_sum%2Cprecipitation_hours%2Ctemperature_2m_mean%2Ctemperature_2m_max%2Ctemperature_2m_min%2Crelative_humidity_2m_mean%2Csunshine_duration%2Cet0_fao_evapotranspiration%2Csoil_moisture_7_to_28cm_mean&models=era5_seamless&temperature_unit=celsius&wind_speed_unit=ms&precipitation_unit=mm&timeformat=iso8601&timezone=Asia%2FJakarta&cell_selection=land,200,data/raw/openmeteo/core/garut/2018.json,2fedd43b1baf5eb6d55e77ae48a6e9603b662fa451a4afa66dca9c37fa48dd1e,22845,-7.4000015,107.80002,1252.0,25200,Asia/Jakarta,365,0,26.071,OK,,2026-10-02T16:13:13Z
core,garut,2019,2019-01-01,2019-12-31,era5_seamless,https://archive-api.open-meteo.com/v1/archive?latitude=-7.35951&longitude=107.78883&start_date=2019-01-01&end_date=2019-12-31&daily=precipitation_sum%2Cprecipitation_hours%2Ctemperature_2m_mean%2Ctemperature_2m_max%2Ctemperature_2m_min%2Crelative_humidity_2m_mean%2Csunshine_duration%2Cet0_fao_evapotranspiration%2Csoil_moisture_7_to_28cm_mean&models=era5_seamless&temperature_unit=celsius&wind_speed_unit=ms&precipitation_unit=mm&timeformat=iso8601&timezone=Asia%2FJakarta&cell_selection=land,200,data/raw/openmeteo/core/garut/2019.json,317b1c612b213fc46c03eda52bef9f891fa02ef4e8a0af48a1fcbc700dd7e9a4,22814,-7.4000015,107.80002,1252.0,25200,Asia/Jakarta,365,0,26.071,OK,,2026-10-02T16:13:14Z
core,garut,2020,2020-01-01,2020-12-31,era5_seamless,https://archive-api.open-meteo.com/v1/archive?latitude=-7.35951&longitude=107.78883&start_date=2020-01-01&end_date=2020-12-31&daily=precipitation_sum%2Cprecipitation_hours%2Ctemperature_2m_mean%2Ctemperature_2m_max%2Ctemperature_2m_min%2Crelative_humidity_2m_mean%2Csunshine_duration%2Cet0_fao_evapotranspiration%2Csoil_moisture_7_to_28cm_mean&models=era5_seamless&temperature_unit=celsius&wind_speed_unit=ms&precipitation_unit=mm&timeformat=iso8601&timezone=Asia%2FJakarta&cell_selection=land,200,data/raw/openmeteo/core/garut/2020.json,75f06164b19c15bb836234398ded778b9e583a1880953c462c160ad412b56e7a,22986,-7.4000015,107.80002,1252.0,25200,Asia/Jakarta,366,0,26.143,OK,,2026-10-02T16:13:16Z
core,garut,2021,2021-01-01,2021-12-31,era5_seamless,https://archive-api.open-meteo.com/v1/archive?latitude=-7.35951&longitude=107.78883&start_date=2021-01-01&end_date=2021-12-31&daily=precipitation_sum%2Cprecipitation_hours%2Ctemperature_2m_mean%2Ctemperature_2m_max%2Ctemperature_2m_min%2Crelative_humidity_2m_mean%2Csunshine_duration%2Cet0_fao_evapotranspiration%2Csoil_moisture_7_to_28cm_mean&models=era5_seamless&temperature_unit=celsius&wind_speed_unit=ms&precipitation_unit=mm&timeformat=iso8601&timezone=Asia%2FJakarta&cell_selection=land,200,data/raw/openmeteo/core/garut/2021.json,2b60ea72fbdf6fbc340e90a7208cd43925c74e537a2c88ea4a370fb9a691f960,22898,-7.4000015,107.80002,1252.0,25200,Asia/Jakarta,365,0,26.071,OK,,2026-10-02T16:13:17Z
core,garut,2022,2022-01-01,2022-12-31,era5_seamless,https://archive-api.open-meteo.com/v1/archive?latitude=-7.35951&longitude=107.78883&start_date=2022-01-01&end_date=2022-12-31&daily=precipitation_sum%2Cprecipitation_hours%2Ctemperature_2m_mean%2Ctemperature_2m_max%2Ctemperature_2m_min%2Crelative_humidity_2m_mean%2Csunshine_duration%2Cet0_fao_evapotranspiration%2Csoil_moisture_7_to_28cm_mean&models=era5_seamless&temperature_unit=celsius&wind_speed_unit=ms&precipitation_unit=mm&timeformat=iso8601&timezone=Asia%2FJakarta&cell_selection=land,200,data/raw/openmeteo/core/garut/2022.json,626214bab7f9d68ccb889b0894feb20dcdcbd5a889af559aa7a1f20c170ff90d,22982,-7.4000015,107.80002,1252.0,25200,Asia/Jakarta,365,0,26.071,OK,,2026-10-02T16:13:19Z
core,garut,2023,2023-01-01,2023-12-31,era5_seamless,https://archive-api.open-meteo.com/v1/archive?latitude=-7.35951&longitude=107.78883&start_date=2023-01-01&end_date=2023-12-31&daily=precipitation_sum%2Cprecipitation_hours%2Ctemperature_2m_mean%2Ctemperature_2m_max%2Ctemperature_2m_min%2Crelative_humidity_2m_mean%2Csunshine_duration%2Cet0_fao_evapotranspiration%2Csoil_moisture_7_to_28cm_mean&models=era5_seamless&temperature_unit=celsius&wind_speed_unit=ms&precipitation_unit=mm&timeformat=iso8601&timezone=Asia%2FJakarta&cell_selection=land,200,data/raw/openmeteo/core/garut/2023.json,1014e2a7299687310cf57320e310bb4ed2e9b08ce35c3bcdddaeb566f4511bdb,22864,-7.4000015,107.80002,1252.0,25200,Asia/Jakarta,365,0,26.071,OK,,2026-10-02T16:13:21Z
core,garut,2024,2024-01-01,2024-12-31,era5_seamless,https://archive-api.open-meteo.com/v1/archive?latitude=-7.35951&longitude=107.78883&start_date=2024-01-01&end_date=2024-12-31&daily=precipitation_sum%2Cprecipitation_hours%2Ctemperature_2m_mean%2Ctemperature_2m_max%2Ctemperature_2m_min%2Crelative_humidity_2m_mean%2Csunshine_duration%2Cet0_fao_evapotranspiration%2Csoil_moisture_7_to_28cm_mean&models=era5_seamless&temperature_unit=celsius&wind_speed_unit=ms&precipitation_unit=mm&timeformat=iso8601&timezone=Asia%2FJakarta&cell_selection=land,200,data/raw/openmeteo/core/garut/2024.json,eb058a932d65f5c540c851a44198444c011061c5d7d499839436745f432a2714,22995,-7.4000015,107.80002,1252.0,25200,Asia/Jakarta,366,0,26.143,OK,,2026-10-02T16:13:22Z
core,garut,2025,2025-01-01,2025-12-31,era5_seamless,https://archive-api.open-meteo.com/v1/archive?latitude=-7.35951&longitude=107.78883&start_date=2025-01-01&end_date=2025-12-31&daily=precipitation_sum%2Cprecipitation_hours%2Ctemperature_2m_mean%2Ctemperature_2m_max%2Ctemperature_2m_min%2Crelative_humidity_2m_mean%2Csunshine_duration%2Cet0_fao_evapotranspiration%2Csoil_moisture_7_to_28cm_mean&models=era5_seamless&temperature_unit=celsius&wind_speed_unit=ms&precipitation_unit=mm&timeformat=iso8601&timezone=Asia%2FJakarta&cell_selection=land,200,data/raw/openmeteo/core/garut/2025.json,30505ce9481fbcfbbcbd03374fcab0516e93b7f16fd3044d2337295af7b79b5e,22985,-7.4000015,107.80002,1252.0,25200,Asia/Jakarta,365,0,26.071,OK,,2026-10-02T16:13:24Z
core,garut,2026,2026-01-01,2026-09-30,era5_seamless,https://archive-api.open-meteo.com/v1/archive?latitude=-7.35951&longitude=107.78883&start_date=2026-01-01&end_date=2026-09-30&daily=precipitation_sum%2Cprecipitation_hours%2Ctemperature_2m_mean%2Ctemperature_2m_max%2Ctemperature_2m_min%2Crelative_humidity_2m_mean%2Csunshine_duration%2Cet0_fao_evapotranspiration%2Csoil_moisture_7_to_28cm_mean&models=era5_seamless&temperature_unit=celsius&wind_speed_unit=ms&precipitation_unit=mm&timeformat=iso8601&timezone=Asia%2FJakarta&cell_selection=land,200,data/raw/openmeteo/core/garut/2026.json,853c63b0889d5e7f07e16ad21a339b89420cfa79f69a21f3210e76d845905340,17252,-7.4000015,107.80002,1252.0,25200,Asia/Jakarta,273,38,19.5,OK,,2026-10-02T16:13:26Z
core,cianjur,2018,2018-01-01,2018-12-31,era5_seamless,https://archive-api.open-meteo.com/v1/archive?latitude=-7.13358&longitude=107.15776&start_date=2018-01-01&end_date=2018-12-31&daily=precipitation_sum%2Cprecipitation_hours%2Ctemperature_2m_mean%2Ctemperature_2m_max%2Ctemperature_2m_min%2Crelative_humidity_2m_mean%2Csunshine_duration%2Cet0_fao_evapotranspiration%2Csoil_moisture_7_to_28cm_mean&models=era5_seamless&temperature_unit=celsius&wind_speed_unit=ms&precipitation_unit=mm&timeformat=iso8601&timezone=Asia%2FJakarta&cell_selection=land,200,data/raw/openmeteo/core/cianjur/2018.json,a3bd016bc5bf6b6ea9aa66da137d121a6ba7882dd49f2f86d044b16f65d50a60,22900,-7.0999985,107.20001,726.0,25200,Asia/Jakarta,365,0,26.071,OK,,2026-10-02T16:13:27Z
core,cianjur,2019,2019-01-01,2019-12-31,era5_seamless,https://archive-api.open-meteo.com/v1/archive?latitude=-7.13358&longitude=107.15776&start_date=2019-01-01&end_date=2019-12-31&daily=precipitation_sum%2Cprecipitation_hours%2Ctemperature_2m_mean%2Ctemperature_2m_max%2Ctemperature_2m_min%2Crelative_humidity_2m_mean%2Csunshine_duration%2Cet0_fao_evapotranspiration%2Csoil_moisture_7_to_28cm_mean&models=era5_seamless&temperature_unit=celsius&wind_speed_unit=ms&precipitation_unit=mm&timeformat=iso8601&timezone=Asia%2FJakarta&cell_selection=land,200,data/raw/openmeteo/core/cianjur/2019.json,32c0c9bf5eab137942be4a0e0a60454d5836fa7da406b2727a0c1832397219cd,22840,-7.0999985,107.20001,726.0,25200,Asia/Jakarta,365,0,26.071,OK,,2026-10-02T16:13:28Z
core,cianjur,2020,2020-01-01,2020-12-31,era5_seamless,https://archive-api.open-meteo.com/v1/archive?latitude=-7.13358&longitude=107.15776&start_date=2020-01-01&end_date=2020-12-31&daily=precipitation_sum%2Cprecipitation_hours%2Ctemperature_2m_mean%2Ctemperature_2m_max%2Ctemperature_2m_min%2Crelative_humidity_2m_mean%2Csunshine_duration%2Cet0_fao_evapotranspiration%2Csoil_moisture_7_to_28cm_mean&models=era5_seamless&temperature_unit=celsius&wind_speed_unit=ms&precipitation_unit=mm&timeformat=iso8601&timezone=Asia%2FJakarta&cell_selection=land,200,data/raw/openmeteo/core/cianjur/2020.json,e801b93621fc6eee1c68322e9d4aa1150e8aef58c9939893cab1850864d20ed7,23037,-7.0999985,107.20001,726.0,25200,Asia/Jakarta,366,0,26.143,OK,,2026-10-02T16:13:30Z
core,cianjur,2021,2021-01-01,2021-12-31,era5_seamless,https://archive-api.open-meteo.com/v1/archive?latitude=-7.13358&longitude=107.15776&start_date=2021-01-01&end_date=2021-12-31&daily=precipitation_sum%2Cprecipitation_hours%2Ctemperature_2m_mean%2Ctemperature_2m_max%2Ctemperature_2m_min%2Crelative_humidity_2m_mean%2Csunshine_duration%2Cet0_fao_evapotranspiration%2Csoil_moisture_7_to_28cm_mean&models=era5_seamless&temperature_unit=celsius&wind_speed_unit=ms&precipitation_unit=mm&timeformat=iso8601&timezone=Asia%2FJakarta&cell_selection=land,200,data/raw/openmeteo/core/cianjur/2021.json,67fc10350f2fa3327ec95c1bd59b3ae45db432c595e1f47bf34565985f9c4c1d,22915,-7.0999985,107.20001,726.0,25200,Asia/Jakarta,365,0,26.071,OK,,2026-10-02T16:13:31Z
core,cianjur,2022,2022-01-01,2022-12-31,era5_seamless,https://archive-api.open-meteo.com/v1/archive?latitude=-7.13358&longitude=107.15776&start_date=2022-01-01&end_date=2022-12-31&daily=precipitation_sum%2Cprecipitation_hours%2Ctemperature_2m_mean%2Ctemperature_2m_max%2Ctemperature_2m_min%2Crelative_humidity_2m_mean%2Csunshine_duration%2Cet0_fao_evapotranspiration%2Csoil_moisture_7_to_28cm_mean&models=era5_seamless&temperature_unit=celsius&wind_speed_unit=ms&precipitation_unit=mm&timeformat=iso8601&timezone=Asia%2FJakarta&cell_selection=land,200,data/raw/openmeteo/core/cianjur/2022.json,429dfd0696d6a988a65089cda577e9f38eb44721536fe4520c7e3632de82ac8e,23024,-7.0999985,107.20001,726.0,25200,Asia/Jakarta,365,0,26.071,OK,,2026-10-02T16:13:32Z
core,cianjur,2023,2023-01-01,2023-12-31,era5_seamless,https://archive-api.open-meteo.com/v1/archive?latitude=-7.13358&longitude=107.15776&start_date=2023-01-01&end_date=2023-12-31&daily=precipitation_sum%2Cprecipitation_hours%2Ctemperature_2m_mean%2Ctemperature_2m_max%2Ctemperature_2m_min%2Crelative_humidity_2m_mean%2Csunshine_duration%2Cet0_fao_evapotranspiration%2Csoil_moisture_7_to_28cm_mean&models=era5_seamless&temperature_unit=celsius&wind_speed_unit=ms&precipitation_unit=mm&timeformat=iso8601&timezone=Asia%2FJakarta&cell_selection=land,200,data/raw/openmeteo/core/cianjur/2023.json,f4651995b139a831fb9df10dcdd5d89924dcd81529222936d5d4a14ffd812e58,22904,-7.0999985,107.20001,726.0,25200,Asia/Jakarta,365,0,26.071,OK,,2026-10-02T16:13:34Z
core,cianjur,2024,2024-01-01,2024-12-31,era5_seamless,https://archive-api.open-meteo.com/v1/archive?latitude=-7.13358&longitude=107.15776&start_date=2024-01-01&end_date=2024-12-31&daily=precipitation_sum%2Cprecipitation_hours%2Ctemperature_2m_mean%2Ctemperature_2m_max%2Ctemperature_2m_min%2Crelative_humidity_2m_mean%2Csunshine_duration%2Cet0_fao_evapotranspiration%2Csoil_moisture_7_to_28cm_mean&models=era5_seamless&temperature_unit=celsius&wind_speed_unit=ms&precipitation_unit=mm&timeformat=iso8601&timezone=Asia%2FJakarta&cell_selection=land,200,data/raw/openmeteo/core/cianjur/2024.json,e8791ce3c4618bc6add95910c53c1f4d210b57cdfa8d255b4cdc6261c79d8c17,23025,-7.0999985,107.20001,726.0,25200,Asia/Jakarta,366,0,26.143,OK,,2026-10-02T16:13:35Z
core,cianjur,2025,2025-01-01,2025-12-31,era5_seamless,https://archive-api.open-meteo.com/v1/archive?latitude=-7.13358&longitude=107.15776&start_date=2025-01-01&end_date=2025-12-31&daily=precipitation_sum%2Cprecipitation_hours%2Ctemperature_2m_mean%2Ctemperature_2m_max%2Ctemperature_2m_min%2Crelative_humidity_2m_mean%2Csunshine_duration%2Cet0_fao_evapotranspiration%2Csoil_moisture_7_to_28cm_mean&models=era5_seamless&temperature_unit=celsius&wind_speed_unit=ms&precipitation_unit=mm&timeformat=iso8601&timezone=Asia%2FJakarta&cell_selection=land,200,data/raw/openmeteo/core/cianjur/2025.json,51a7f3def3fd39952aa4a13c862f3eceb863138df51d0a930de1bb388e128b86,23030,-7.0999985,107.20001,726.0,25200,Asia/Jakarta,365,0,26.071,OK,,2026-10-02T16:13:37Z
core,cianjur,2026,2026-01-01,2026-09-30,era5_seamless,https://archive-api.open-meteo.com/v1/archive?latitude=-7.13358&longitude=107.15776&start_date=2026-01-01&end_date=2026-09-30&daily=precipitation_sum%2Cprecipitation_hours%2Ctemperature_2m_mean%2Ctemperature_2m_max%2Ctemperature_2m_min%2Crelative_humidity_2m_mean%2Csunshine_duration%2Cet0_fao_evapotranspiration%2Csoil_moisture_7_to_28cm_mean&models=era5_seamless&temperature_unit=celsius&wind_speed_unit=ms&precipitation_unit=mm&timeformat=iso8601&timezone=Asia%2FJakarta&cell_selection=land,200,data/raw/openmeteo/core/cianjur/2026.json,83683714c1a1e35529d3eea333fe5279abd4ccd897902267e1adcecd07f2f93a,17260,-7.0999985,107.20001,726.0,25200,Asia/Jakarta,273,38,19.5,OK,,2026-10-02T16:13:38Z
core,bandung_barat,2018,2018-01-01,2018-12-31,era5_seamless,https://archive-api.open-meteo.com/v1/archive?latitude=-6.89711&longitude=107.41495&start_date=2018-01-01&end_date=2018-12-31&daily=precipitation_sum%2Cprecipitation_hours%2Ctemperature_2m_mean%2Ctemperature_2m_max%2Ctemperature_2m_min%2Crelative_humidity_2m_mean%2Csunshine_duration%2Cet0_fao_evapotranspiration%2Csoil_moisture_7_to_28cm_mean&models=era5_seamless&temperature_unit=celsius&wind_speed_unit=ms&precipitation_unit=mm&timeformat=iso8601&timezone=Asia%2FJakarta&cell_selection=land,200,data/raw/openmeteo/core/bandung_barat/2018.json,aaa0607956a445259554284ae570de7ee496fb9c6b420df6ea96ed6b3338580a,22899,-6.9000015,107.399994,662.0,25200,Asia/Jakarta,365,0,26.071,OK,,2026-10-02T16:14:14Z
core,bandung_barat,2019,2019-01-01,2019-12-31,era5_seamless,https://archive-api.open-meteo.com/v1/archive?latitude=-6.89711&longitude=107.41495&start_date=2019-01-01&end_date=2019-12-31&daily=precipitation_sum%2Cprecipitation_hours%2Ctemperature_2m_mean%2Ctemperature_2m_max%2Ctemperature_2m_min%2Crelative_humidity_2m_mean%2Csunshine_duration%2Cet0_fao_evapotranspiration%2Csoil_moisture_7_to_28cm_mean&models=era5_seamless&temperature_unit=celsius&wind_speed_unit=ms&precipitation_unit=mm&timeformat=iso8601&timezone=Asia%2FJakarta&cell_selection=land,200,data/raw/openmeteo/core/bandung_barat/2019.json,d3f4019c7574af0a8d57702b161a43a0097fd4124e3fb08cf40f8eb4b269d03f,22875,-6.9000015,107.399994,662.0,25200,Asia/Jakarta,365,0,26.071,OK,,2026-10-02T16:14:15Z
core,bandung_barat,2020,2020-01-01,2020-12-31,era5_seamless,https://archive-api.open-meteo.com/v1/archive?latitude=-6.89711&longitude=107.41495&start_date=2020-01-01&end_date=2020-12-31&daily=precipitation_sum%2Cprecipitation_hours%2Ctemperature_2m_mean%2Ctemperature_2m_max%2Ctemperature_2m_min%2Crelative_humidity_2m_mean%2Csunshine_duration%2Cet0_fao_evapotranspiration%2Csoil_moisture_7_to_28cm_mean&models=era5_seamless&temperature_unit=celsius&wind_speed_unit=ms&precipitation_unit=mm&timeformat=iso8601&timezone=Asia%2FJakarta&cell_selection=land,200,data/raw/openmeteo/core/bandung_barat/2020.json,1e968dde81f6184f59580be867af7413d508476ad897172754fbdcf070e199b8,23009,-6.9000015,107.399994,662.0,25200,Asia/Jakarta,366,0,26.143,OK,,2026-10-02T16:14:17Z
core,bandung_barat,2021,2021-01-01,2021-12-31,era5_seamless,https://archive-api.open-meteo.com/v1/archive?latitude=-6.89711&longitude=107.41495&start_date=2021-01-01&end_date=2021-12-31&daily=precipitation_sum%2Cprecipitation_hours%2Ctemperature_2m_mean%2Ctemperature_2m_max%2Ctemperature_2m_min%2Crelative_humidity_2m_mean%2Csunshine_duration%2Cet0_fao_evapotranspiration%2Csoil_moisture_7_to_28cm_mean&models=era5_seamless&temperature_unit=celsius&wind_speed_unit=ms&precipitation_unit=mm&timeformat=iso8601&timezone=Asia%2FJakarta&cell_selection=land,200,data/raw/openmeteo/core/bandung_barat/2021.json,8adeec1d831701248e86ce81e1c62e8030e4012818791bcb273aefe4a3f1def1,22912,-6.9000015,107.399994,662.0,25200,Asia/Jakarta,365,0,26.071,OK,,2026-10-02T16:14:18Z
core,bandung_barat,2022,2022-01-01,2022-12-31,era5_seamless,https://archive-api.open-meteo.com/v1/archive?latitude=-6.89711&longitude=107.41495&start_date=2022-01-01&end_date=2022-12-31&daily=precipitation_sum%2Cprecipitation_hours%2Ctemperature_2m_mean%2Ctemperature_2m_max%2Ctemperature_2m_min%2Crelative_humidity_2m_mean%2Csunshine_duration%2Cet0_fao_evapotranspiration%2Csoil_moisture_7_to_28cm_mean&models=era5_seamless&temperature_unit=celsius&wind_speed_unit=ms&precipitation_unit=mm&timeformat=iso8601&timezone=Asia%2FJakarta&cell_selection=land,200,data/raw/openmeteo/core/bandung_barat/2022.json,a9cba6481ef7a58fb0588e8fc4707e9ae15cf40555cfd17f61b64975e2c91765,23024,-6.9000015,107.399994,662.0,25200,Asia/Jakarta,365,0,26.071,OK,,2026-10-02T16:14:20Z
core,bandung_barat,2023,2023-01-01,2023-12-31,era5_seamless,https://archive-api.open-meteo.com/v1/archive?latitude=-6.89711&longitude=107.41495&start_date=2023-01-01&end_date=2023-12-31&daily=precipitation_sum%2Cprecipitation_hours%2Ctemperature_2m_mean%2Ctemperature_2m_max%2Ctemperature_2m_min%2Crelative_humidity_2m_mean%2Csunshine_duration%2Cet0_fao_evapotranspiration%2Csoil_moisture_7_to_28cm_mean&models=era5_seamless&temperature_unit=celsius&wind_speed_unit=ms&precipitation_unit=mm&timeformat=iso8601&timezone=Asia%2FJakarta&cell_selection=land,200,data/raw/openmeteo/core/bandung_barat/2023.json,41b1dd81a01f82201d4d09cf5bea1a2f171818bc24ed82973e8bc340b15e7fdd,22919,-6.9000015,107.399994,662.0,25200,Asia/Jakarta,365,0,26.071,OK,,2026-10-02T16:14:21Z
core,bandung_barat,2024,2024-01-01,2024-12-31,era5_seamless,https://archive-api.open-meteo.com/v1/archive?latitude=-6.89711&longitude=107.41495&start_date=2024-01-01&end_date=2024-12-31&daily=precipitation_sum%2Cprecipitation_hours%2Ctemperature_2m_mean%2Ctemperature_2m_max%2Ctemperature_2m_min%2Crelative_humidity_2m_mean%2Csunshine_duration%2Cet0_fao_evapotranspiration%2Csoil_moisture_7_to_28cm_mean&models=era5_seamless&temperature_unit=celsius&wind_speed_unit=ms&precipitation_unit=mm&timeformat=iso8601&timezone=Asia%2FJakarta&cell_selection=land,200,data/raw/openmeteo/core/bandung_barat/2024.json,ef0c158909c406ecc9164b1312e93ee7b3ed54c9a933d1a97e73ea7ec46070b5,23046,-6.9000015,107.399994,662.0,25200,Asia/Jakarta,366,0,26.143,OK,,2026-10-02T16:14:23Z
core,bandung_barat,2025,2025-01-01,2025-12-31,era5_seamless,https://archive-api.open-meteo.com/v1/archive?latitude=-6.89711&longitude=107.41495&start_date=2025-01-01&end_date=2025-12-31&daily=precipitation_sum%2Cprecipitation_hours%2Ctemperature_2m_mean%2Ctemperature_2m_max%2Ctemperature_2m_min%2Crelative_humidity_2m_mean%2Csunshine_duration%2Cet0_fao_evapotranspiration%2Csoil_moisture_7_to_28cm_mean&models=era5_seamless&temperature_unit=celsius&wind_speed_unit=ms&precipitation_unit=mm&timeformat=iso8601&timezone=Asia%2FJakarta&cell_selection=land,200,data/raw/openmeteo/core/bandung_barat/2025.json,6f1ff84e37fd6f3db08e86d415a3b936eab6c30257dcc5899339f90ded136345,23019,-6.9000015,107.399994,662.0,25200,Asia/Jakarta,365,0,26.071,OK,,2026-10-02T16:14:26Z
core,bandung_barat,2026,2026-01-01,2026-09-30,era5_seamless,https://archive-api.open-meteo.com/v1/archive?latitude=-6.89711&longitude=107.41495&start_date=2026-01-01&end_date=2026-09-30&daily=precipitation_sum%2Cprecipitation_hours%2Ctemperature_2m_mean%2Ctemperature_2m_max%2Ctemperature_2m_min%2Crelative_humidity_2m_mean%2Csunshine_duration%2Cet0_fao_evapotranspiration%2Csoil_moisture_7_to_28cm_mean&models=era5_seamless&temperature_unit=celsius&wind_speed_unit=ms&precipitation_unit=mm&timeformat=iso8601&timezone=Asia%2FJakarta&cell_selection=land,200,data/raw/openmeteo/core/bandung_barat/2026.json,4a4538cebf892e83f739b1d273b8efcfd4db20f3886b725b1c3ad2c337c4c29c,17280,-6.9000015,107.399994,662.0,25200,Asia/Jakarta,273,38,19.5,OK,,2026-10-02T16:14:27Z
core,bandung,2018,2018-01-01,2018-12-31,era5_seamless,https://archive-api.open-meteo.com/v1/archive?latitude=-7.09994&longitude=107.61075&start_date=2018-01-01&end_date=2018-12-31&daily=precipitation_sum%2Cprecipitation_hours%2Ctemperature_2m_mean%2Ctemperature_2m_max%2Ctemperature_2m_min%2Crelative_humidity_2m_mean%2Csunshine_duration%2Cet0_fao_evapotranspiration%2Csoil_moisture_7_to_28cm_mean&models=era5_seamless&temperature_unit=celsius&wind_speed_unit=ms&precipitation_unit=mm&timeformat=iso8601&timezone=Asia%2FJakarta&cell_selection=land,200,data/raw/openmeteo/core/bandung/2018.json,66999dc18cf3a681d4284f204867bea95698cc3982ebf01dfadb5b11f4e553f9,22901,-7.0999985,107.600006,1247.0,25200,Asia/Jakarta,365,0,26.071,OK,,2026-10-02T16:14:28Z
core,bandung,2019,2019-01-01,2019-12-31,era5_seamless,https://archive-api.open-meteo.com/v1/archive?latitude=-7.09994&longitude=107.61075&start_date=2019-01-01&end_date=2019-12-31&daily=precipitation_sum%2Cprecipitation_hours%2Ctemperature_2m_mean%2Ctemperature_2m_max%2Ctemperature_2m_min%2Crelative_humidity_2m_mean%2Csunshine_duration%2Cet0_fao_evapotranspiration%2Csoil_moisture_7_to_28cm_mean&models=era5_seamless&temperature_unit=celsius&wind_speed_unit=ms&precipitation_unit=mm&timeformat=iso8601&timezone=Asia%2FJakarta&cell_selection=land,200,data/raw/openmeteo/core/bandung/2019.json,29ca2bdbb6236ef536bee9ef93913695e6f07a6841a9a9d6b3a63e6fe9576d03,22876,-7.0999985,107.600006,1247.0,25200,Asia/Jakarta,365,0,26.071,OK,,2026-10-02T16:14:30Z
core,bandung,2020,2020-01-01,2020-12-31,era5_seamless,https://archive-api.open-meteo.com/v1/archive?latitude=-7.09994&longitude=107.61075&start_date=2020-01-01&end_date=2020-12-31&daily=precipitation_sum%2Cprecipitation_hours%2Ctemperature_2m_mean%2Ctemperature_2m_max%2Ctemperature_2m_min%2Crelative_humidity_2m_mean%2Csunshine_duration%2Cet0_fao_evapotranspiration%2Csoil_moisture_7_to_28cm_mean&models=era5_seamless&temperature_unit=celsius&wind_speed_unit=ms&precipitation_unit=mm&timeformat=iso8601&timezone=Asia%2FJakarta&cell_selection=land,200,data/raw/openmeteo/core/bandung/2020.json,85982e2e4957de99ad9e279a8282e6d494886385b6f37509597e6e176bd65a04,23011,-7.0999985,107.600006,1247.0,25200,Asia/Jakarta,366,0,26.143,OK,,2026-10-02T16:14:31Z
core,bandung,2021,2021-01-01,2021-12-31,era5_seamless,https://archive-api.open-meteo.com/v1/archive?latitude=-7.09994&longitude=107.61075&start_date=2021-01-01&end_date=2021-12-31&daily=precipitation_sum%2Cprecipitation_hours%2Ctemperature_2m_mean%2Ctemperature_2m_max%2Ctemperature_2m_min%2Crelative_humidity_2m_mean%2Csunshine_duration%2Cet0_fao_evapotranspiration%2Csoil_moisture_7_to_28cm_mean&models=era5_seamless&temperature_unit=celsius&wind_speed_unit=ms&precipitation_unit=mm&timeformat=iso8601&timezone=Asia%2FJakarta&cell_selection=land,200,data/raw/openmeteo/core/bandung/2021.json,751c12c3571a9bd8ebbcc8dd726ac5babe8173f890632b9f43c63423244716d7,22911,-7.0999985,107.600006,1247.0,25200,Asia/Jakarta,365,0,26.071,OK,,2026-10-02T16:14:32Z
core,bandung,2022,2022-01-01,2022-12-31,era5_seamless,https://archive-api.open-meteo.com/v1/archive?latitude=-7.09994&longitude=107.61075&start_date=2022-01-01&end_date=2022-12-31&daily=precipitation_sum%2Cprecipitation_hours%2Ctemperature_2m_mean%2Ctemperature_2m_max%2Ctemperature_2m_min%2Crelative_humidity_2m_mean%2Csunshine_duration%2Cet0_fao_evapotranspiration%2Csoil_moisture_7_to_28cm_mean&models=era5_seamless&temperature_unit=celsius&wind_speed_unit=ms&precipitation_unit=mm&timeformat=iso8601&timezone=Asia%2FJakarta&cell_selection=land,200,data/raw/openmeteo/core/bandung/2022.json,935e1f17fd0bff0d616b7d2ec211e209954923731c62a893a92480854245f295,23027,-7.0999985,107.600006,1247.0,25200,Asia/Jakarta,365,0,26.071,OK,,2026-10-02T16:14:34Z
core,bandung,2023,2023-01-01,2023-12-31,era5_seamless,https://archive-api.open-meteo.com/v1/archive?latitude=-7.09994&longitude=107.61075&start_date=2023-01-01&end_date=2023-12-31&daily=precipitation_sum%2Cprecipitation_hours%2Ctemperature_2m_mean%2Ctemperature_2m_max%2Ctemperature_2m_min%2Crelative_humidity_2m_mean%2Csunshine_duration%2Cet0_fao_evapotranspiration%2Csoil_moisture_7_to_28cm_mean&models=era5_seamless&temperature_unit=celsius&wind_speed_unit=ms&precipitation_unit=mm&timeformat=iso8601&timezone=Asia%2FJakarta&cell_selection=land,200,data/raw/openmeteo/core/bandung/2023.json,0e6b62b099b4aba7d24ff24c9c0c8b92e3b37e2e649e92db51face2e64e88858,22919,-7.0999985,107.600006,1247.0,25200,Asia/Jakarta,365,0,26.071,OK,,2026-10-02T16:14:35Z
core,bandung,2024,2024-01-01,2024-12-31,era5_seamless,https://archive-api.open-meteo.com/v1/archive?latitude=-7.09994&longitude=107.61075&start_date=2024-01-01&end_date=2024-12-31&daily=precipitation_sum%2Cprecipitation_hours%2Ctemperature_2m_mean%2Ctemperature_2m_max%2Ctemperature_2m_min%2Crelative_humidity_2m_mean%2Csunshine_duration%2Cet0_fao_evapotranspiration%2Csoil_moisture_7_to_28cm_mean&models=era5_seamless&temperature_unit=celsius&wind_speed_unit=ms&precipitation_unit=mm&timeformat=iso8601&timezone=Asia%2FJakarta&cell_selection=land,200,data/raw/openmeteo/core/bandung/2024.json,8da481032fcd2c4caaf076a163f5f4f7f158e998565e00bf252c5460ae634ecd,23047,-7.0999985,107.600006,1247.0,25200,Asia/Jakarta,366,0,26.143,OK,,2026-10-02T16:14:36Z
core,bandung,2025,2025-01-01,2025-12-31,era5_seamless,https://archive-api.open-meteo.com/v1/archive?latitude=-7.09994&longitude=107.61075&start_date=2025-01-01&end_date=2025-12-31&daily=precipitation_sum%2Cprecipitation_hours%2Ctemperature_2m_mean%2Ctemperature_2m_max%2Ctemperature_2m_min%2Crelative_humidity_2m_mean%2Csunshine_duration%2Cet0_fao_evapotranspiration%2Csoil_moisture_7_to_28cm_mean&models=era5_seamless&temperature_unit=celsius&wind_speed_unit=ms&precipitation_unit=mm&timeformat=iso8601&timezone=Asia%2FJakarta&cell_selection=land,200,data/raw/openmeteo/core/bandung/2025.json,8ed575e93f2f81c7e885e36ba1eb3cea543072a8c1d6e45d1c07e3cee6ee6ec7,23021,-7.0999985,107.600006,1247.0,25200,Asia/Jakarta,365,0,26.071,OK,,2026-10-02T16:14:38Z
core,bandung,2026,2026-01-01,2026-09-30,era5_seamless,https://archive-api.open-meteo.com/v1/archive?latitude=-7.09994&longitude=107.61075&start_date=2026-01-01&end_date=2026-09-30&daily=precipitation_sum%2Cprecipitation_hours%2Ctemperature_2m_mean%2Ctemperature_2m_max%2Ctemperature_2m_min%2Crelative_humidity_2m_mean%2Csunshine_duration%2Cet0_fao_evapotranspiration%2Csoil_moisture_7_to_28cm_mean&models=era5_seamless&temperature_unit=celsius&wind_speed_unit=ms&precipitation_unit=mm&timeformat=iso8601&timezone=Asia%2FJakarta&cell_selection=land,200,data/raw/openmeteo/core/bandung/2026.json,297375b1fde65c43dd07c57966828261bd3f319c31d2e2f9bfe810d5e5040541,17281,-7.0999985,107.600006,1247.0,25200,Asia/Jakarta,273,38,19.5,OK,,2026-10-02T16:14:39Z
core,sumedang,2018,2018-01-01,2018-12-31,era5_seamless,https://archive-api.open-meteo.com/v1/archive?latitude=-6.82506&longitude=107.98087&start_date=2018-01-01&end_date=2018-12-31&daily=precipitation_sum%2Cprecipitation_hours%2Ctemperature_2m_mean%2Ctemperature_2m_max%2Ctemperature_2m_min%2Crelative_humidity_2m_mean%2Csunshine_duration%2Cet0_fao_evapotranspiration%2Csoil_moisture_7_to_28cm_mean&models=era5_seamless&temperature_unit=celsius&wind_speed_unit=ms&precipitation_unit=mm&timeformat=iso8601&timezone=Asia%2FJakarta&cell_selection=land,200,data/raw/openmeteo/core/sumedang/2018.json,00d16f8790bc1dc67f84a704753a60f26d0963718692c7c65e74ed11a2502eba,22799,-6.7999954,108.0,482.0,25200,Asia/Jakarta,365,0,26.071,OK,,2026-10-02T16:15:16Z
core,sumedang,2019,2019-01-01,2019-12-31,era5_seamless,https://archive-api.open-meteo.com/v1/archive?latitude=-6.82506&longitude=107.98087&start_date=2019-01-01&end_date=2019-12-31&daily=precipitation_sum%2Cprecipitation_hours%2Ctemperature_2m_mean%2Ctemperature_2m_max%2Ctemperature_2m_min%2Crelative_humidity_2m_mean%2Csunshine_duration%2Cet0_fao_evapotranspiration%2Csoil_moisture_7_to_28cm_mean&models=era5_seamless&temperature_unit=celsius&wind_speed_unit=ms&precipitation_unit=mm&timeformat=iso8601&timezone=Asia%2FJakarta&cell_selection=land,200,data/raw/openmeteo/core/sumedang/2019.json,5e9a9e0afd699b69b78a933eb46dd575c694b56ba9b434e9df2e54b96e68a4cf,22790,-6.7999954,108.0,482.0,25200,Asia/Jakarta,365,0,26.071,OK,,2026-10-02T16:15:17Z
core,sumedang,2020,2020-01-01,2020-12-31,era5_seamless,https://archive-api.open-meteo.com/v1/archive?latitude=-6.82506&longitude=107.98087&start_date=2020-01-01&end_date=2020-12-31&daily=precipitation_sum%2Cprecipitation_hours%2Ctemperature_2m_mean%2Ctemperature_2m_max%2Ctemperature_2m_min%2Crelative_humidity_2m_mean%2Csunshine_duration%2Cet0_fao_evapotranspiration%2Csoil_moisture_7_to_28cm_mean&models=era5_seamless&temperature_unit=celsius&wind_speed_unit=ms&precipitation_unit=mm&timeformat=iso8601&timezone=Asia%2FJakarta&cell_selection=land,200,data/raw/openmeteo/core/sumedang/2020.json,5b17a9320f0f91060fbe018711ef21b1ea24f258a4a1b827ba932a3be81fad8e,22915,-6.7999954,108.0,482.0,25200,Asia/Jakarta,366,0,26.143,OK,,2026-10-02T16:15:18Z
core,sumedang,2021,2021-01-01,2021-12-31,era5_seamless,https://archive-api.open-meteo.com/v1/archive?latitude=-6.82506&longitude=107.98087&start_date=2021-01-01&end_date=2021-12-31&daily=precipitation_sum%2Cprecipitation_hours%2Ctemperature_2m_mean%2Ctemperature_2m_max%2Ctemperature_2m_min%2Crelative_humidity_2m_mean%2Csunshine_duration%2Cet0_fao_evapotranspiration%2Csoil_moisture_7_to_28cm_mean&models=era5_seamless&temperature_unit=celsius&wind_speed_unit=ms&precipitation_unit=mm&timeformat=iso8601&timezone=Asia%2FJakarta&cell_selection=land,200,data/raw/openmeteo/core/sumedang/2021.json,92d8139f3f3429eba56ac3c2a051c744bdabf97b645847765d1e57e0024cd078,22839,-6.7999954,108.0,482.0,25200,Asia/Jakarta,365,0,26.071,OK,,2026-10-02T16:15:19Z
core,sumedang,2022,2022-01-01,2022-12-31,era5_seamless,https://archive-api.open-meteo.com/v1/archive?latitude=-6.82506&longitude=107.98087&start_date=2022-01-01&end_date=2022-12-31&daily=precipitation_sum%2Cprecipitation_hours%2Ctemperature_2m_mean%2Ctemperature_2m_max%2Ctemperature_2m_min%2Crelative_humidity_2m_mean%2Csunshine_duration%2Cet0_fao_evapotranspiration%2Csoil_moisture_7_to_28cm_mean&models=era5_seamless&temperature_unit=celsius&wind_speed_unit=ms&precipitation_unit=mm&timeformat=iso8601&timezone=Asia%2FJakarta&cell_selection=land,200,data/raw/openmeteo/core/sumedang/2022.json,504c7d369054fd86ed0900c72ae46693a300272b8d10a3a7ad9bdb3a6e53e2a5,22916,-6.7999954,108.0,482.0,25200,Asia/Jakarta,365,0,26.071,OK,,2026-10-02T16:15:22Z
core,sumedang,2023,2023-01-01,2023-12-31,era5_seamless,https://archive-api.open-meteo.com/v1/archive?latitude=-6.82506&longitude=107.98087&start_date=2023-01-01&end_date=2023-12-31&daily=precipitation_sum%2Cprecipitation_hours%2Ctemperature_2m_mean%2Ctemperature_2m_max%2Ctemperature_2m_min%2Crelative_humidity_2m_mean%2Csunshine_duration%2Cet0_fao_evapotranspiration%2Csoil_moisture_7_to_28cm_mean&models=era5_seamless&temperature_unit=celsius&wind_speed_unit=ms&precipitation_unit=mm&timeformat=iso8601&timezone=Asia%2FJakarta&cell_selection=land,200,data/raw/openmeteo/core/sumedang/2023.json,1e0efefb8717867666faf4ea8f835d152a4f3e6fcfcede4e5eadaab7dd73ba1e,22822,-6.7999954,108.0,482.0,25200,Asia/Jakarta,365,0,26.071,OK,,2026-10-02T16:15:24Z
core,sumedang,2024,2024-01-01,2024-12-31,era5_seamless,https://archive-api.open-meteo.com/v1/archive?latitude=-6.82506&longitude=107.98087&start_date=2024-01-01&end_date=2024-12-31&daily=precipitation_sum%2Cprecipitation_hours%2Ctemperature_2m_mean%2Ctemperature_2m_max%2Ctemperature_2m_min%2Crelative_humidity_2m_mean%2Csunshine_duration%2Cet0_fao_evapotranspiration%2Csoil_moisture_7_to_28cm_mean&models=era5_seamless&temperature_unit=celsius&wind_speed_unit=ms&precipitation_unit=mm&timeformat=iso8601&timezone=Asia%2FJakarta&cell_selection=land,200,data/raw/openmeteo/core/sumedang/2024.json,d903b645acc9796d815e39bc94b5d629bb481c2e0ed752b03d86a85193de3d9b,22930,-6.7999954,108.0,482.0,25200,Asia/Jakarta,366,0,26.143,OK,,2026-10-02T16:15:25Z
core,sumedang,2025,2025-01-01,2025-12-31,era5_seamless,https://archive-api.open-meteo.com/v1/archive?latitude=-6.82506&longitude=107.98087&start_date=2025-01-01&end_date=2025-12-31&daily=precipitation_sum%2Cprecipitation_hours%2Ctemperature_2m_mean%2Ctemperature_2m_max%2Ctemperature_2m_min%2Crelative_humidity_2m_mean%2Csunshine_duration%2Cet0_fao_evapotranspiration%2Csoil_moisture_7_to_28cm_mean&models=era5_seamless&temperature_unit=celsius&wind_speed_unit=ms&precipitation_unit=mm&timeformat=iso8601&timezone=Asia%2FJakarta&cell_selection=land,200,data/raw/openmeteo/core/sumedang/2025.json,d3300e87ede0a1bfbf352af18b338de1cf79e2e5d7b8d8ff310bb54ff8ac96bc,22926,-6.7999954,108.0,482.0,25200,Asia/Jakarta,365,0,26.071,OK,,2026-10-02T16:15:27Z
core,sumedang,2026,2026-01-01,2026-09-30,era5_seamless,https://archive-api.open-meteo.com/v1/archive?latitude=-6.82506&longitude=107.98087&start_date=2026-01-01&end_date=2026-09-30&daily=precipitation_sum%2Cprecipitation_hours%2Ctemperature_2m_mean%2Ctemperature_2m_max%2Ctemperature_2m_min%2Crelative_humidity_2m_mean%2Csunshine_duration%2Cet0_fao_evapotranspiration%2Csoil_moisture_7_to_28cm_mean&models=era5_seamless&temperature_unit=celsius&wind_speed_unit=ms&precipitation_unit=mm&timeformat=iso8601&timezone=Asia%2FJakarta&cell_selection=land,200,data/raw/openmeteo/core/sumedang/2026.json,dc3c07891839dc5f69a8c6be9fc0641145666154cf6d9dbafd01b02b398e3d15,17214,-6.7999954,108.0,482.0,25200,Asia/Jakarta,273,38,19.5,OK,,2026-10-02T16:15:28Z
core,magelang,2018,2018-01-01,2018-12-31,era5_seamless,https://archive-api.open-meteo.com/v1/archive?latitude=-7.50157&longitude=110.24663&start_date=2018-01-01&end_date=2018-12-31&daily=precipitation_sum%2Cprecipitation_hours%2Ctemperature_2m_mean%2Ctemperature_2m_max%2Ctemperature_2m_min%2Crelative_humidity_2m_mean%2Csunshine_duration%2Cet0_fao_evapotranspiration%2Csoil_moisture_7_to_28cm_mean&models=era5_seamless&temperature_unit=celsius&wind_speed_unit=ms&precipitation_unit=mm&timeformat=iso8601&timezone=Asia%2FJakarta&cell_selection=land,200,data/raw/openmeteo/core/magelang/2018.json,c01fa3c249b95d5864b86d2a7524673429fb47df0a0ad1baf09b443edab10a62,22842,-7.5,110.20001,348.0,25200,Asia/Jakarta,365,0,26.071,OK,,2026-10-02T16:15:30Z
core,magelang,2019,2019-01-01,2019-12-31,era5_seamless,https://archive-api.open-meteo.com/v1/archive?latitude=-7.50157&longitude=110.24663&start_date=2019-01-01&end_date=2019-12-31&daily=precipitation_sum%2Cprecipitation_hours%2Ctemperature_2m_mean%2Ctemperature_2m_max%2Ctemperature_2m_min%2Crelative_humidity_2m_mean%2Csunshine_duration%2Cet0_fao_evapotranspiration%2Csoil_moisture_7_to_28cm_mean&models=era5_seamless&temperature_unit=celsius&wind_speed_unit=ms&precipitation_unit=mm&timeformat=iso8601&timezone=Asia%2FJakarta&cell_selection=land,200,data/raw/openmeteo/core/magelang/2019.json,7a8bb5f4f59a474aa5b4badc6874e6154375d7431b168eadc040e2168d272622,22799,-7.5,110.20001,348.0,25200,Asia/Jakarta,365,0,26.071,OK,,2026-10-02T16:15:31Z
core,magelang,2020,2020-01-01,2020-12-31,era5_seamless,https://archive-api.open-meteo.com/v1/archive?latitude=-7.50157&longitude=110.24663&start_date=2020-01-01&end_date=2020-12-31&daily=precipitation_sum%2Cprecipitation_hours%2Ctemperature_2m_mean%2Ctemperature_2m_max%2Ctemperature_2m_min%2Crelative_humidity_2m_mean%2Csunshine_duration%2Cet0_fao_evapotranspiration%2Csoil_moisture_7_to_28cm_mean&models=era5_seamless&temperature_unit=celsius&wind_speed_unit=ms&precipitation_unit=mm&timeformat=iso8601&timezone=Asia%2FJakarta&cell_selection=land,200,data/raw/openmeteo/core/magelang/2020.json,34e1ea5d0c3ea274e938affbbf0d67b1139fab992f3d2f764f174df293d96b3c,22951,-7.5,110.20001,348.0,25200,Asia/Jakarta,366,0,26.143,OK,,2026-10-02T16:15:32Z
core,magelang,2021,2021-01-01,2021-12-31,era5_seamless,https://archive-api.open-meteo.com/v1/archive?latitude=-7.50157&longitude=110.24663&start_date=2021-01-01&end_date=2021-12-31&daily=precipitation_sum%2Cprecipitation_hours%2Ctemperature_2m_mean%2Ctemperature_2m_max%2Ctemperature_2m_min%2Crelative_humidity_2m_mean%2Csunshine_duration%2Cet0_fao_evapotranspiration%2Csoil_moisture_7_to_28cm_mean&models=era5_seamless&temperature_unit=celsius&wind_speed_unit=ms&precipitation_unit=mm&timeformat=iso8601&timezone=Asia%2FJakarta&cell_selection=land,200,data/raw/openmeteo/core/magelang/2021.json,ed8b49bee009fad16cf4562e079ca02af5cbc5a57eac85af18c7492bbb915dc1,22899,-7.5,110.20001,348.0,25200,Asia/Jakarta,365,0,26.071,OK,,2026-10-02T16:15:33Z
core,magelang,2022,2022-01-01,2022-12-31,era5_seamless,https://archive-api.open-meteo.com/v1/archive?latitude=-7.50157&longitude=110.24663&start_date=2022-01-01&end_date=2022-12-31&daily=precipitation_sum%2Cprecipitation_hours%2Ctemperature_2m_mean%2Ctemperature_2m_max%2Ctemperature_2m_min%2Crelative_humidity_2m_mean%2Csunshine_duration%2Cet0_fao_evapotranspiration%2Csoil_moisture_7_to_28cm_mean&models=era5_seamless&temperature_unit=celsius&wind_speed_unit=ms&precipitation_unit=mm&timeformat=iso8601&timezone=Asia%2FJakarta&cell_selection=land,200,data/raw/openmeteo/core/magelang/2022.json,94f63ca5f0b356574f2dc1d5ab350c13d3de99ec85e03759523b0db4bae459c9,22988,-7.5,110.20001,348.0,25200,Asia/Jakarta,365,0,26.071,OK,,2026-10-02T16:15:35Z
core,magelang,2023,2023-01-01,2023-12-31,era5_seamless,https://archive-api.open-meteo.com/v1/archive?latitude=-7.50157&longitude=110.24663&start_date=2023-01-01&end_date=2023-12-31&daily=precipitation_sum%2Cprecipitation_hours%2Ctemperature_2m_mean%2Ctemperature_2m_max%2Ctemperature_2m_min%2Crelative_humidity_2m_mean%2Csunshine_duration%2Cet0_fao_evapotranspiration%2Csoil_moisture_7_to_28cm_mean&models=era5_seamless&temperature_unit=celsius&wind_speed_unit=ms&precipitation_unit=mm&timeformat=iso8601&timezone=Asia%2FJakarta&cell_selection=land,200,data/raw/openmeteo/core/magelang/2023.json,72a5c64f23d8970d8dfb09e1b8e98aa8c01ff20cbd4cde1666260071458d674b,22855,-7.5,110.20001,348.0,25200,Asia/Jakarta,365,0,26.071,OK,,2026-10-02T16:15:37Z
core,magelang,2024,2024-01-01,2024-12-31,era5_seamless,https://archive-api.open-meteo.com/v1/archive?latitude=-7.50157&longitude=110.24663&start_date=2024-01-01&end_date=2024-12-31&daily=precipitation_sum%2Cprecipitation_hours%2Ctemperature_2m_mean%2Ctemperature_2m_max%2Ctemperature_2m_min%2Crelative_humidity_2m_mean%2Csunshine_duration%2Cet0_fao_evapotranspiration%2Csoil_moisture_7_to_28cm_mean&models=era5_seamless&temperature_unit=celsius&wind_speed_unit=ms&precipitation_unit=mm&timeformat=iso8601&timezone=Asia%2FJakarta&cell_selection=land,200,data/raw/openmeteo/core/magelang/2024.json,ea59778898803f72365c1dc4fb37f66212efa928bc9adaccbafe080d40368d9d,22996,-7.5,110.20001,348.0,25200,Asia/Jakarta,366,0,26.143,OK,,2026-10-02T16:15:38Z
core,magelang,2025,2025-01-01,2025-12-31,era5_seamless,https://archive-api.open-meteo.com/v1/archive?latitude=-7.50157&longitude=110.24663&start_date=2025-01-01&end_date=2025-12-31&daily=precipitation_sum%2Cprecipitation_hours%2Ctemperature_2m_mean%2Ctemperature_2m_max%2Ctemperature_2m_min%2Crelative_humidity_2m_mean%2Csunshine_duration%2Cet0_fao_evapotranspiration%2Csoil_moisture_7_to_28cm_mean&models=era5_seamless&temperature_unit=celsius&wind_speed_unit=ms&precipitation_unit=mm&timeformat=iso8601&timezone=Asia%2FJakarta&cell_selection=land,200,data/raw/openmeteo/core/magelang/2025.json,88f82b6a0c029ad8eb214707d16b884150e5faf8d5feabcad3d7dd5a570b59b5,22966,-7.5,110.20001,348.0,25200,Asia/Jakarta,365,0,26.071,OK,,2026-10-02T16:15:40Z
core,magelang,2026,2026-01-01,2026-09-30,era5_seamless,https://archive-api.open-meteo.com/v1/archive?latitude=-7.50157&longitude=110.24663&start_date=2026-01-01&end_date=2026-09-30&daily=precipitation_sum%2Cprecipitation_hours%2Ctemperature_2m_mean%2Ctemperature_2m_max%2Ctemperature_2m_min%2Crelative_humidity_2m_mean%2Csunshine_duration%2Cet0_fao_evapotranspiration%2Csoil_moisture_7_to_28cm_mean&models=era5_seamless&temperature_unit=celsius&wind_speed_unit=ms&precipitation_unit=mm&timeformat=iso8601&timezone=Asia%2FJakarta&cell_selection=land,200,data/raw/openmeteo/core/magelang/2026.json,fe3e1bd5389fbf9789fc4b52f4e653a19055c818f6367c5880d53b6fb305ae1d,17245,-7.5,110.20001,348.0,25200,Asia/Jakarta,273,38,19.5,OK,,2026-10-02T16:15:41Z
core,brebes,2018,2018-01-01,2018-12-31,era5_seamless,https://archive-api.open-meteo.com/v1/archive?latitude=-7.05928&longitude=108.92756&start_date=2018-01-01&end_date=2018-12-31&daily=precipitation_sum%2Cprecipitation_hours%2Ctemperature_2m_mean%2Ctemperature_2m_max%2Ctemperature_2m_min%2Crelative_humidity_2m_mean%2Csunshine_duration%2Cet0_fao_evapotranspiration%2Csoil_moisture_7_to_28cm_mean&models=era5_seamless&temperature_unit=celsius&wind_speed_unit=ms&precipitation_unit=mm&timeformat=iso8601&timezone=Asia%2FJakarta&cell_selection=land,200,data/raw/openmeteo/core/brebes/2018.json,0ef65d5c71563d7c9e8ac215870111237f3ffaf00e20c307804fa38a74d0379f,22849,-7.0999985,108.899994,63.0,25200,Asia/Jakarta,365,0,26.071,OK,,2026-10-02T16:16:17Z
core,brebes,2019,2019-01-01,2019-12-31,era5_seamless,https://archive-api.open-meteo.com/v1/archive?latitude=-7.05928&longitude=108.92756&start_date=2019-01-01&end_date=2019-12-31&daily=precipitation_sum%2Cprecipitation_hours%2Ctemperature_2m_mean%2Ctemperature_2m_max%2Ctemperature_2m_min%2Crelative_humidity_2m_mean%2Csunshine_duration%2Cet0_fao_evapotranspiration%2Csoil_moisture_7_to_28cm_mean&models=era5_seamless&temperature_unit=celsius&wind_speed_unit=ms&precipitation_unit=mm&timeformat=iso8601&timezone=Asia%2FJakarta&cell_selection=land,200,data/raw/openmeteo/core/brebes/2019.json,b982b9a3519211ad60ddf0e478debadc74e0a028e0174c277a0771b33025184a,22855,-7.0999985,108.899994,63.0,25200,Asia/Jakarta,365,0,26.071,OK,,2026-10-02T16:16:18Z
core,brebes,2020,2020-01-01,2020-12-31,era5_seamless,https://archive-api.open-meteo.com/v1/archive?latitude=-7.05928&longitude=108.92756&start_date=2020-01-01&end_date=2020-12-31&daily=precipitation_sum%2Cprecipitation_hours%2Ctemperature_2m_mean%2Ctemperature_2m_max%2Ctemperature_2m_min%2Crelative_humidity_2m_mean%2Csunshine_duration%2Cet0_fao_evapotranspiration%2Csoil_moisture_7_to_28cm_mean&models=era5_seamless&temperature_unit=celsius&wind_speed_unit=ms&precipitation_unit=mm&timeformat=iso8601&timezone=Asia%2FJakarta&cell_selection=land,200,data/raw/openmeteo/core/brebes/2020.json,ebe94124c12fcdf8e31bbc912fd040848ffb536b856b1a062d84f6a315050afb,22989,-7.0999985,108.899994,63.0,25200,Asia/Jakarta,366,0,26.143,OK,,2026-10-02T16:16:19Z
core,brebes,2021,2021-01-01,2021-12-31,era5_seamless,https://archive-api.open-meteo.com/v1/archive?latitude=-7.05928&longitude=108.92756&start_date=2021-01-01&end_date=2021-12-31&daily=precipitation_sum%2Cprecipitation_hours%2Ctemperature_2m_mean%2Ctemperature_2m_max%2Ctemperature_2m_min%2Crelative_humidity_2m_mean%2Csunshine_duration%2Cet0_fao_evapotranspiration%2Csoil_moisture_7_to_28cm_mean&models=era5_seamless&temperature_unit=celsius&wind_speed_unit=ms&precipitation_unit=mm&timeformat=iso8601&timezone=Asia%2FJakarta&cell_selection=land,200,data/raw/openmeteo/core/brebes/2021.json,53c18730681639ed325880e0293eb25763c8c551ab04111206df5a855a1c1839,22881,-7.0999985,108.899994,63.0,25200,Asia/Jakarta,365,0,26.071,OK,,2026-10-02T16:16:21Z
core,brebes,2022,2022-01-01,2022-12-31,era5_seamless,https://archive-api.open-meteo.com/v1/archive?latitude=-7.05928&longitude=108.92756&start_date=2022-01-01&end_date=2022-12-31&daily=precipitation_sum%2Cprecipitation_hours%2Ctemperature_2m_mean%2Ctemperature_2m_max%2Ctemperature_2m_min%2Crelative_humidity_2m_mean%2Csunshine_duration%2Cet0_fao_evapotranspiration%2Csoil_moisture_7_to_28cm_mean&models=era5_seamless&temperature_unit=celsius&wind_speed_unit=ms&precipitation_unit=mm&timeformat=iso8601&timezone=Asia%2FJakarta&cell_selection=land,200,data/raw/openmeteo/core/brebes/2022.json,f67cc11f8db9ffbb7238d295a0ba58780b5722faeafbc503d9577b25ec5010c6,22974,-7.0999985,108.899994,63.0,25200,Asia/Jakarta,365,0,26.071,OK,,2026-10-02T16:16:23Z
core,brebes,2023,2023-01-01,2023-12-31,era5_seamless,https://archive-api.open-meteo.com/v1/archive?latitude=-7.05928&longitude=108.92756&start_date=2023-01-01&end_date=2023-12-31&daily=precipitation_sum%2Cprecipitation_hours%2Ctemperature_2m_mean%2Ctemperature_2m_max%2Ctemperature_2m_min%2Crelative_humidity_2m_mean%2Csunshine_duration%2Cet0_fao_evapotranspiration%2Csoil_moisture_7_to_28cm_mean&models=era5_seamless&temperature_unit=celsius&wind_speed_unit=ms&precipitation_unit=mm&timeformat=iso8601&timezone=Asia%2FJakarta&cell_selection=land,200,data/raw/openmeteo/core/brebes/2023.json,cc40132a8ea18cba9779d8d4aba92819909630a725cad9964e569ba94891b4fb,22881,-7.0999985,108.899994,63.0,25200,Asia/Jakarta,365,0,26.071,OK,,2026-10-02T16:16:25Z
core,brebes,2024,2024-01-01,2024-12-31,era5_seamless,https://archive-api.open-meteo.com/v1/archive?latitude=-7.05928&longitude=108.92756&start_date=2024-01-01&end_date=2024-12-31&daily=precipitation_sum%2Cprecipitation_hours%2Ctemperature_2m_mean%2Ctemperature_2m_max%2Ctemperature_2m_min%2Crelative_humidity_2m_mean%2Csunshine_duration%2Cet0_fao_evapotranspiration%2Csoil_moisture_7_to_28cm_mean&models=era5_seamless&temperature_unit=celsius&wind_speed_unit=ms&precipitation_unit=mm&timeformat=iso8601&timezone=Asia%2FJakarta&cell_selection=land,200,data/raw/openmeteo/core/brebes/2024.json,0e228a191ee863451684733bf66c1e94954cb14ea3e0508ea7543d35e1aaecda,23017,-7.0999985,108.899994,63.0,25200,Asia/Jakarta,366,0,26.143,OK,,2026-10-02T16:16:26Z
core,brebes,2025,2025-01-01,2025-12-31,era5_seamless,https://archive-api.open-meteo.com/v1/archive?latitude=-7.05928&longitude=108.92756&start_date=2025-01-01&end_date=2025-12-31&daily=precipitation_sum%2Cprecipitation_hours%2Ctemperature_2m_mean%2Ctemperature_2m_max%2Ctemperature_2m_min%2Crelative_humidity_2m_mean%2Csunshine_duration%2Cet0_fao_evapotranspiration%2Csoil_moisture_7_to_28cm_mean&models=era5_seamless&temperature_unit=celsius&wind_speed_unit=ms&precipitation_unit=mm&timeformat=iso8601&timezone=Asia%2FJakarta&cell_selection=land,200,data/raw/openmeteo/core/brebes/2025.json,576dde140227dd8843962cf418c2e858504855596387148d71b4995d421dd346,22973,-7.0999985,108.899994,63.0,25200,Asia/Jakarta,365,0,26.071,OK,,2026-10-02T16:16:28Z
core,brebes,2026,2026-01-01,2026-09-30,era5_seamless,https://archive-api.open-meteo.com/v1/archive?latitude=-7.05928&longitude=108.92756&start_date=2026-01-01&end_date=2026-09-30&daily=precipitation_sum%2Cprecipitation_hours%2Ctemperature_2m_mean%2Ctemperature_2m_max%2Ctemperature_2m_min%2Crelative_humidity_2m_mean%2Csunshine_duration%2Cet0_fao_evapotranspiration%2Csoil_moisture_7_to_28cm_mean&models=era5_seamless&temperature_unit=celsius&wind_speed_unit=ms&precipitation_unit=mm&timeformat=iso8601&timezone=Asia%2FJakarta&cell_selection=land,200,data/raw/openmeteo/core/brebes/2026.json,d2204222dc8a43e9edadc810c6de8d48a150d9e9058106051c3e5328b7d525e5,17272,-7.0999985,108.899994,63.0,25200,Asia/Jakarta,273,38,19.5,OK,,2026-10-02T16:16:29Z
core,cirebon,2018,2018-01-01,2018-12-31,era5_seamless,https://archive-api.open-meteo.com/v1/archive?latitude=-6.74541&longitude=108.55129&start_date=2018-01-01&end_date=2018-12-31&daily=precipitation_sum%2Cprecipitation_hours%2Ctemperature_2m_mean%2Ctemperature_2m_max%2Ctemperature_2m_min%2Crelative_humidity_2m_mean%2Csunshine_duration%2Cet0_fao_evapotranspiration%2Csoil_moisture_7_to_28cm_mean&models=era5_seamless&temperature_unit=celsius&wind_speed_unit=ms&precipitation_unit=mm&timeformat=iso8601&timezone=Asia%2FJakarta&cell_selection=land,200,data/raw/openmeteo/core/cirebon/2018.json,bf79c9e81cb301fc3027b7004f5d9c1b30995d9c4123a89a486386505a038550,22783,-6.699997,108.5,13.0,25200,Asia/Jakarta,365,0,26.071,OK,,2026-10-02T16:16:30Z
core,cirebon,2019,2019-01-01,2019-12-31,era5_seamless,https://archive-api.open-meteo.com/v1/archive?latitude=-6.74541&longitude=108.55129&start_date=2019-01-01&end_date=2019-12-31&daily=precipitation_sum%2Cprecipitation_hours%2Ctemperature_2m_mean%2Ctemperature_2m_max%2Ctemperature_2m_min%2Crelative_humidity_2m_mean%2Csunshine_duration%2Cet0_fao_evapotranspiration%2Csoil_moisture_7_to_28cm_mean&models=era5_seamless&temperature_unit=celsius&wind_speed_unit=ms&precipitation_unit=mm&timeformat=iso8601&timezone=Asia%2FJakarta&cell_selection=land,200,data/raw/openmeteo/core/cirebon/2019.json,c0b4150383694cc75770946a4027882cb23862da6c2cfd02ee97afc41c873ed1,22795,-6.699997,108.5,13.0,25200,Asia/Jakarta,365,0,26.071,OK,,2026-10-02T16:16:32Z
core,cirebon,2020,2020-01-01,2020-12-31,era5_seamless,https://archive-api.open-meteo.com/v1/archive?latitude=-6.74541&longitude=108.55129&start_date=2020-01-01&end_date=2020-12-31&daily=precipitation_sum%2Cprecipitation_hours%2Ctemperature_2m_mean%2Ctemperature_2m_max%2Ctemperature_2m_min%2Crelative_humidity_2m_mean%2Csunshine_duration%2Cet0_fao_evapotranspiration%2Csoil_moisture_7_to_28cm_mean&models=era5_seamless&temperature_unit=celsius&wind_speed_unit=ms&precipitation_unit=mm&timeformat=iso8601&timezone=Asia%2FJakarta&cell_selection=land,200,data/raw/openmeteo/core/cirebon/2020.json,9412a1952a457511f0b700702a74bf8ba592dd4d37647b7677ea9d46bd382746,22894,-6.699997,108.5,13.0,25200,Asia/Jakarta,366,0,26.143,OK,,2026-10-02T16:16:33Z
core,cirebon,2021,2021-01-01,2021-12-31,era5_seamless,https://archive-api.open-meteo.com/v1/archive?latitude=-6.74541&longitude=108.55129&start_date=2021-01-01&end_date=2021-12-31&daily=precipitation_sum%2Cprecipitation_hours%2Ctemperature_2m_mean%2Ctemperature_2m_max%2Ctemperature_2m_min%2Crelative_humidity_2m_mean%2Csunshine_duration%2Cet0_fao_evapotranspiration%2Csoil_moisture_7_to_28cm_mean&models=era5_seamless&temperature_unit=celsius&wind_speed_unit=ms&precipitation_unit=mm&timeformat=iso8601&timezone=Asia%2FJakarta&cell_selection=land,200,data/raw/openmeteo/core/cirebon/2021.json,a3f87df0438b256ecd431bb99fe7513f2c2b812eb21aa306a36a0e303d9fdd90,22820,-6.699997,108.5,13.0,25200,Asia/Jakarta,365,0,26.071,OK,,2026-10-02T16:16:34Z
core,cirebon,2022,2022-01-01,2022-12-31,era5_seamless,https://archive-api.open-meteo.com/v1/archive?latitude=-6.74541&longitude=108.55129&start_date=2022-01-01&end_date=2022-12-31&daily=precipitation_sum%2Cprecipitation_hours%2Ctemperature_2m_mean%2Ctemperature_2m_max%2Ctemperature_2m_min%2Crelative_humidity_2m_mean%2Csunshine_duration%2Cet0_fao_evapotranspiration%2Csoil_moisture_7_to_28cm_mean&models=era5_seamless&temperature_unit=celsius&wind_speed_unit=ms&precipitation_unit=mm&timeformat=iso8601&timezone=Asia%2FJakarta&cell_selection=land,200,data/raw/openmeteo/core/cirebon/2022.json,419ba7503e721d0e203a9ce0d85c44710ef95ec8560f04c72d83cfbaa0f954dc,22878,-6.699997,108.5,13.0,25200,Asia/Jakarta,365,0,26.071,OK,,2026-10-02T16:16:36Z
core,cirebon,2023,2023-01-01,2023-12-31,era5_seamless,https://archive-api.open-meteo.com/v1/archive?latitude=-6.74541&longitude=108.55129&start_date=2023-01-01&end_date=2023-12-31&daily=precipitation_sum%2Cprecipitation_hours%2Ctemperature_2m_mean%2Ctemperature_2m_max%2Ctemperature_2m_min%2Crelative_humidity_2m_mean%2Csunshine_duration%2Cet0_fao_evapotranspiration%2Csoil_moisture_7_to_28cm_mean&models=era5_seamless&temperature_unit=celsius&wind_speed_unit=ms&precipitation_unit=mm&timeformat=iso8601&timezone=Asia%2FJakarta&cell_selection=land,200,data/raw/openmeteo/core/cirebon/2023.json,ada76b05613820d9e848f8dc1006553dd7603c3923e665ffc8182216a6636798,22806,-6.699997,108.5,13.0,25200,Asia/Jakarta,365,0,26.071,OK,,2026-10-02T16:16:38Z
core,cirebon,2024,2024-01-01,2024-12-31,era5_seamless,https://archive-api.open-meteo.com/v1/archive?latitude=-6.74541&longitude=108.55129&start_date=2024-01-01&end_date=2024-12-31&daily=precipitation_sum%2Cprecipitation_hours%2Ctemperature_2m_mean%2Ctemperature_2m_max%2Ctemperature_2m_min%2Crelative_humidity_2m_mean%2Csunshine_duration%2Cet0_fao_evapotranspiration%2Csoil_moisture_7_to_28cm_mean&models=era5_seamless&temperature_unit=celsius&wind_speed_unit=ms&precipitation_unit=mm&timeformat=iso8601&timezone=Asia%2FJakarta&cell_selection=land,200,data/raw/openmeteo/core/cirebon/2024.json,7888b04f99acce1dbdb02910b603183b3989262c9ad05ebbf5d0d30abea59dcc,22916,-6.699997,108.5,13.0,25200,Asia/Jakarta,366,0,26.143,OK,,2026-10-02T16:16:39Z
core,cirebon,2025,2025-01-01,2025-12-31,era5_seamless,https://archive-api.open-meteo.com/v1/archive?latitude=-6.74541&longitude=108.55129&start_date=2025-01-01&end_date=2025-12-31&daily=precipitation_sum%2Cprecipitation_hours%2Ctemperature_2m_mean%2Ctemperature_2m_max%2Ctemperature_2m_min%2Crelative_humidity_2m_mean%2Csunshine_duration%2Cet0_fao_evapotranspiration%2Csoil_moisture_7_to_28cm_mean&models=era5_seamless&temperature_unit=celsius&wind_speed_unit=ms&precipitation_unit=mm&timeformat=iso8601&timezone=Asia%2FJakarta&cell_selection=land,200,data/raw/openmeteo/core/cirebon/2025.json,52b7f6ff31f6ff6e961e8d29ef114d33609115ccaa1614b51bf42a8110b5ec28,22890,-6.699997,108.5,13.0,25200,Asia/Jakarta,365,0,26.071,OK,,2026-10-02T16:16:41Z
core,cirebon,2026,2026-01-01,2026-09-30,era5_seamless,https://archive-api.open-meteo.com/v1/archive?latitude=-6.74541&longitude=108.55129&start_date=2026-01-01&end_date=2026-09-30&daily=precipitation_sum%2Cprecipitation_hours%2Ctemperature_2m_mean%2Ctemperature_2m_max%2Ctemperature_2m_min%2Crelative_humidity_2m_mean%2Csunshine_duration%2Cet0_fao_evapotranspiration%2Csoil_moisture_7_to_28cm_mean&models=era5_seamless&temperature_unit=celsius&wind_speed_unit=ms&precipitation_unit=mm&timeformat=iso8601&timezone=Asia%2FJakarta&cell_selection=land,200,data/raw/openmeteo/core/cirebon/2026.json,5fb7f642a1cfa20c2d09c8fb4cb7ee75f0d20536f94814e60835dfcfb3d1e09a,17236,-6.699997,108.5,13.0,25200,Asia/Jakarta,273,38,19.5,OK,,2026-10-02T16:16:42Z
core,indramayu,2018,2018-01-01,2018-12-31,era5_seamless,https://archive-api.open-meteo.com/v1/archive?latitude=-6.44857&longitude=108.16875&start_date=2018-01-01&end_date=2018-12-31&daily=precipitation_sum%2Cprecipitation_hours%2Ctemperature_2m_mean%2Ctemperature_2m_max%2Ctemperature_2m_min%2Crelative_humidity_2m_mean%2Csunshine_duration%2Cet0_fao_evapotranspiration%2Csoil_moisture_7_to_28cm_mean&models=era5_seamless&temperature_unit=celsius&wind_speed_unit=ms&precipitation_unit=mm&timeformat=iso8601&timezone=Asia%2FJakarta&cell_selection=land,200,data/raw/openmeteo/core/indramayu/2018.json,255d13da9a115df8eb2298089dd53f2dbceeb84609610a912f86f379d3fd4a32,22764,-6.4000015,108.20001,8.0,25200,Asia/Jakarta,365,0,26.071,OK,,2026-10-02T16:17:18Z
core,indramayu,2019,2019-01-01,2019-12-31,era5_seamless,https://archive-api.open-meteo.com/v1/archive?latitude=-6.44857&longitude=108.16875&start_date=2019-01-01&end_date=2019-12-31&daily=precipitation_sum%2Cprecipitation_hours%2Ctemperature_2m_mean%2Ctemperature_2m_max%2Ctemperature_2m_min%2Crelative_humidity_2m_mean%2Csunshine_duration%2Cet0_fao_evapotranspiration%2Csoil_moisture_7_to_28cm_mean&models=era5_seamless&temperature_unit=celsius&wind_speed_unit=ms&precipitation_unit=mm&timeformat=iso8601&timezone=Asia%2FJakarta&cell_selection=land,200,data/raw/openmeteo/core/indramayu/2019.json,46c936a695b2ae88b621b5648b77380967728fc391fe493ba6682d1ea87e65d0,22779,-6.4000015,108.20001,8.0,25200,Asia/Jakarta,365,0,26.071,OK,,2026-10-02T16:17:19Z
core,indramayu,2020,2020-01-01,2020-12-31,era5_seamless,https://archive-api.open-meteo.com/v1/archive?latitude=-6.44857&longitude=108.16875&start_date=2020-01-01&end_date=2020-12-31&daily=precipitation_sum%2Cprecipitation_hours%2Ctemperature_2m_mean%2Ctemperature_2m_max%2Ctemperature_2m_min%2Crelative_humidity_2m_mean%2Csunshine_duration%2Cet0_fao_evapotranspiration%2Csoil_moisture_7_to_28cm_mean&models=era5_seamless&temperature_unit=celsius&wind_speed_unit=ms&precipitation_unit=mm&timeformat=iso8601&timezone=Asia%2FJakarta&cell_selection=land,200,data/raw/openmeteo/core/indramayu/2020.json,5a5fc15fba3aec3759f89d5561ad023198fc4da1bea0420222933ce57ca51876,22869,-6.4000015,108.20001,8.0,25200,Asia/Jakarta,366,0,26.143,OK,,2026-10-02T16:17:20Z
core,indramayu,2021,2021-01-01,2021-12-31,era5_seamless,https://archive-api.open-meteo.com/v1/archive?latitude=-6.44857&longitude=108.16875&start_date=2021-01-01&end_date=2021-12-31&daily=precipitation_sum%2Cprecipitation_hours%2Ctemperature_2m_mean%2Ctemperature_2m_max%2Ctemperature_2m_min%2Crelative_humidity_2m_mean%2Csunshine_duration%2Cet0_fao_evapotranspiration%2Csoil_moisture_7_to_28cm_mean&models=era5_seamless&temperature_unit=celsius&wind_speed_unit=ms&precipitation_unit=mm&timeformat=iso8601&timezone=Asia%2FJakarta&cell_selection=land,200,data/raw/openmeteo/core/indramayu/2021.json,efd3b24df4b47152f6e7cfc2bb97fb41ad6534cd9746792894cef1cd69000abe,22805,-6.4000015,108.20001,8.0,25200,Asia/Jakarta,365,0,26.071,OK,,2026-10-02T16:17:22Z
core,indramayu,2022,2022-01-01,2022-12-31,era5_seamless,https://archive-api.open-meteo.com/v1/archive?latitude=-6.44857&longitude=108.16875&start_date=2022-01-01&end_date=2022-12-31&daily=precipitation_sum%2Cprecipitation_hours%2Ctemperature_2m_mean%2Ctemperature_2m_max%2Ctemperature_2m_min%2Crelative_humidity_2m_mean%2Csunshine_duration%2Cet0_fao_evapotranspiration%2Csoil_moisture_7_to_28cm_mean&models=era5_seamless&temperature_unit=celsius&wind_speed_unit=ms&precipitation_unit=mm&timeformat=iso8601&timezone=Asia%2FJakarta&cell_selection=land,200,data/raw/openmeteo/core/indramayu/2022.json,d81aca3cc0aeefd3c3e00b015c1b92c9a35da49760fc9de81e919e3fbdc5f39f,22873,-6.4000015,108.20001,8.0,25200,Asia/Jakarta,365,0,26.071,OK,,2026-10-02T16:17:25Z
core,indramayu,2023,2023-01-01,2023-12-31,era5_seamless,https://archive-api.open-meteo.com/v1/archive?latitude=-6.44857&longitude=108.16875&start_date=2023-01-01&end_date=2023-12-31&daily=precipitation_sum%2Cprecipitation_hours%2Ctemperature_2m_mean%2Ctemperature_2m_max%2Ctemperature_2m_min%2Crelative_humidity_2m_mean%2Csunshine_duration%2Cet0_fao_evapotranspiration%2Csoil_moisture_7_to_28cm_mean&models=era5_seamless&temperature_unit=celsius&wind_speed_unit=ms&precipitation_unit=mm&timeformat=iso8601&timezone=Asia%2FJakarta&cell_selection=land,200,data/raw/openmeteo/core/indramayu/2023.json,c9c303d12bdf995864388780fd2e6b8e251e4a93a4a6dd1b2d89424efedbbdd8,22782,-6.4000015,108.20001,8.0,25200,Asia/Jakarta,365,0,26.071,OK,,2026-10-02T16:17:26Z
core,indramayu,2024,2024-01-01,2024-12-31,era5_seamless,https://archive-api.open-meteo.com/v1/archive?latitude=-6.44857&longitude=108.16875&start_date=2024-01-01&end_date=2024-12-31&daily=precipitation_sum%2Cprecipitation_hours%2Ctemperature_2m_mean%2Ctemperature_2m_max%2Ctemperature_2m_min%2Crelative_humidity_2m_mean%2Csunshine_duration%2Cet0_fao_evapotranspiration%2Csoil_moisture_7_to_28cm_mean&models=era5_seamless&temperature_unit=celsius&wind_speed_unit=ms&precipitation_unit=mm&timeformat=iso8601&timezone=Asia%2FJakarta&cell_selection=land,200,data/raw/openmeteo/core/indramayu/2024.json,e79938429f58add469024e1df61a378931420ba4559c6e11b5d08cef1e1c990f,22899,-6.4000015,108.20001,8.0,25200,Asia/Jakarta,366,0,26.143,OK,,2026-10-02T16:17:28Z
core,indramayu,2025,2025-01-01,2025-12-31,era5_seamless,https://archive-api.open-meteo.com/v1/archive?latitude=-6.44857&longitude=108.16875&start_date=2025-01-01&end_date=2025-12-31&daily=precipitation_sum%2Cprecipitation_hours%2Ctemperature_2m_mean%2Ctemperature_2m_max%2Ctemperature_2m_min%2Crelative_humidity_2m_mean%2Csunshine_duration%2Cet0_fao_evapotranspiration%2Csoil_moisture_7_to_28cm_mean&models=era5_seamless&temperature_unit=celsius&wind_speed_unit=ms&precipitation_unit=mm&timeformat=iso8601&timezone=Asia%2FJakarta&cell_selection=land,200,data/raw/openmeteo/core/indramayu/2025.json,125971223bf79f61699aa2cfac8841eac1e58b3f26c754c1de72c7719f6e1f5b,22884,-6.4000015,108.20001,8.0,25200,Asia/Jakarta,365,0,26.071,OK,,2026-10-02T16:17:30Z
core,indramayu,2026,2026-01-01,2026-09-30,era5_seamless,https://archive-api.open-meteo.com/v1/archive?latitude=-6.44857&longitude=108.16875&start_date=2026-01-01&end_date=2026-09-30&daily=precipitation_sum%2Cprecipitation_hours%2Ctemperature_2m_mean%2Ctemperature_2m_max%2Ctemperature_2m_min%2Crelative_humidity_2m_mean%2Csunshine_duration%2Cet0_fao_evapotranspiration%2Csoil_moisture_7_to_28cm_mean&models=era5_seamless&temperature_unit=celsius&wind_speed_unit=ms&precipitation_unit=mm&timeformat=iso8601&timezone=Asia%2FJakarta&cell_selection=land,200,data/raw/openmeteo/core/indramayu/2026.json,87d78df190c03168d6446aae096338a2060ddfe7686654a6c53bce43ffa867ac,17205,-6.4000015,108.20001,8.0,25200,Asia/Jakarta,273,38,19.5,OK,,2026-10-02T16:17:32Z
core,karawang,2018,2018-01-01,2018-12-31,era5_seamless,https://archive-api.open-meteo.com/v1/archive?latitude=-6.25204&longitude=107.35394&start_date=2018-01-01&end_date=2018-12-31&daily=precipitation_sum%2Cprecipitation_hours%2Ctemperature_2m_mean%2Ctemperature_2m_max%2Ctemperature_2m_min%2Crelative_humidity_2m_mean%2Csunshine_duration%2Cet0_fao_evapotranspiration%2Csoil_moisture_7_to_28cm_mean&models=era5_seamless&temperature_unit=celsius&wind_speed_unit=ms&precipitation_unit=mm&timeformat=iso8601&timezone=Asia%2FJakarta&cell_selection=land,200,data/raw/openmeteo/core/karawang/2018.json,0b9bb1b3a5544edda50f220eb45e9e1c107b412f2ebe1ce3e692a51f0e650a45,22824,-6.2999954,107.399994,9.0,25200,Asia/Jakarta,365,0,26.071,OK,,2026-10-02T16:17:33Z
core,karawang,2019,2019-01-01,2019-12-31,era5_seamless,https://archive-api.open-meteo.com/v1/archive?latitude=-6.25204&longitude=107.35394&start_date=2019-01-01&end_date=2019-12-31&daily=precipitation_sum%2Cprecipitation_hours%2Ctemperature_2m_mean%2Ctemperature_2m_max%2Ctemperature_2m_min%2Crelative_humidity_2m_mean%2Csunshine_duration%2Cet0_fao_evapotranspiration%2Csoil_moisture_7_to_28cm_mean&models=era5_seamless&temperature_unit=celsius&wind_speed_unit=ms&precipitation_unit=mm&timeformat=iso8601&timezone=Asia%2FJakarta&cell_selection=land,200,data/raw/openmeteo/core/karawang/2019.json,0dfb7ff18eb3e6fc7c9cce6e2975f3c3633094f0a5b3fb926c4f62ef884fe1cf,22815,-6.2999954,107.399994,9.0,25200,Asia/Jakarta,365,0,26.071,OK,,2026-10-02T16:17:34Z
core,karawang,2020,2020-01-01,2020-12-31,era5_seamless,https://archive-api.open-meteo.com/v1/archive?latitude=-6.25204&longitude=107.35394&start_date=2020-01-01&end_date=2020-12-31&daily=precipitation_sum%2Cprecipitation_hours%2Ctemperature_2m_mean%2Ctemperature_2m_max%2Ctemperature_2m_min%2Crelative_humidity_2m_mean%2Csunshine_duration%2Cet0_fao_evapotranspiration%2Csoil_moisture_7_to_28cm_mean&models=era5_seamless&temperature_unit=celsius&wind_speed_unit=ms&precipitation_unit=mm&timeformat=iso8601&timezone=Asia%2FJakarta&cell_selection=land,200,data/raw/openmeteo/core/karawang/2020.json,2ae427d01e1094ea2455f122debbd8dac41cb697881e465dc6189ada34d88655,22926,-6.2999954,107.399994,9.0,25200,Asia/Jakarta,366,0,26.143,OK,,2026-10-02T16:17:35Z
core,karawang,2021,2021-01-01,2021-12-31,era5_seamless,https://archive-api.open-meteo.com/v1/archive?latitude=-6.25204&longitude=107.35394&start_date=2021-01-01&end_date=2021-12-31&daily=precipitation_sum%2Cprecipitation_hours%2Ctemperature_2m_mean%2Ctemperature_2m_max%2Ctemperature_2m_min%2Crelative_humidity_2m_mean%2Csunshine_duration%2Cet0_fao_evapotranspiration%2Csoil_moisture_7_to_28cm_mean&models=era5_seamless&temperature_unit=celsius&wind_speed_unit=ms&precipitation_unit=mm&timeformat=iso8601&timezone=Asia%2FJakarta&cell_selection=land,200,data/raw/openmeteo/core/karawang/2021.json,7942840b4782428572b54fe1a4c407252bf74e364f80f5768d7d21bada569950,22856,-6.2999954,107.399994,9.0,25200,Asia/Jakarta,365,0,26.071,OK,,2026-10-02T16:17:37Z
core,karawang,2022,2022-01-01,2022-12-31,era5_seamless,https://archive-api.open-meteo.com/v1/archive?latitude=-6.25204&longitude=107.35394&start_date=2022-01-01&end_date=2022-12-31&daily=precipitation_sum%2Cprecipitation_hours%2Ctemperature_2m_mean%2Ctemperature_2m_max%2Ctemperature_2m_min%2Crelative_humidity_2m_mean%2Csunshine_duration%2Cet0_fao_evapotranspiration%2Csoil_moisture_7_to_28cm_mean&models=era5_seamless&temperature_unit=celsius&wind_speed_unit=ms&precipitation_unit=mm&timeformat=iso8601&timezone=Asia%2FJakarta&cell_selection=land,200,data/raw/openmeteo/core/karawang/2022.json,2e2be95d625fc8e01ac5d8474cefa5c24e898911e24a0ca84d8dfed6b65d9f00,22929,-6.2999954,107.399994,9.0,25200,Asia/Jakarta,365,0,26.071,OK,,2026-10-02T16:17:38Z
core,karawang,2023,2023-01-01,2023-12-31,era5_seamless,https://archive-api.open-meteo.com/v1/archive?latitude=-6.25204&longitude=107.35394&start_date=2023-01-01&end_date=2023-12-31&daily=precipitation_sum%2Cprecipitation_hours%2Ctemperature_2m_mean%2Ctemperature_2m_max%2Ctemperature_2m_min%2Crelative_humidity_2m_mean%2Csunshine_duration%2Cet0_fao_evapotranspiration%2Csoil_moisture_7_to_28cm_mean&models=era5_seamless&temperature_unit=celsius&wind_speed_unit=ms&precipitation_unit=mm&timeformat=iso8601&timezone=Asia%2FJakarta&cell_selection=land,200,data/raw/openmeteo/core/karawang/2023.json,da856b1f34cc63b98d208f5f49e516d9e135dd7e6329ca49fea4f6038132332a,22815,-6.2999954,107.399994,9.0,25200,Asia/Jakarta,365,0,26.071,OK,,2026-10-02T16:17:39Z
core,karawang,2024,2024-01-01,2024-12-31,era5_seamless,https://archive-api.open-meteo.com/v1/archive?latitude=-6.25204&longitude=107.35394&start_date=2024-01-01&end_date=2024-12-31&daily=precipitation_sum%2Cprecipitation_hours%2Ctemperature_2m_mean%2Ctemperature_2m_max%2Ctemperature_2m_min%2Crelative_humidity_2m_mean%2Csunshine_duration%2Cet0_fao_evapotranspiration%2Csoil_moisture_7_to_28cm_mean&models=era5_seamless&temperature_unit=celsius&wind_speed_unit=ms&precipitation_unit=mm&timeformat=iso8601&timezone=Asia%2FJakarta&cell_selection=land,200,data/raw/openmeteo/core/karawang/2024.json,fb174f397f86e3e261fe0f1984c250b996ecd989fa616a1c25f6e725167a624a,22962,-6.2999954,107.399994,9.0,25200,Asia/Jakarta,366,0,26.143,OK,,2026-10-02T16:17:40Z
core,karawang,2025,2025-01-01,2025-12-31,era5_seamless,https://archive-api.open-meteo.com/v1/archive?latitude=-6.25204&longitude=107.35394&start_date=2025-01-01&end_date=2025-12-31&daily=precipitation_sum%2Cprecipitation_hours%2Ctemperature_2m_mean%2Ctemperature_2m_max%2Ctemperature_2m_min%2Crelative_humidity_2m_mean%2Csunshine_duration%2Cet0_fao_evapotranspiration%2Csoil_moisture_7_to_28cm_mean&models=era5_seamless&temperature_unit=celsius&wind_speed_unit=ms&precipitation_unit=mm&timeformat=iso8601&timezone=Asia%2FJakarta&cell_selection=land,200,data/raw/openmeteo/core/karawang/2025.json,0352f8117d6abd3a55abfb59abdc403848f2be63879bff1002bb1204a94b8809,22912,-6.2999954,107.399994,9.0,25200,Asia/Jakarta,365,0,26.071,OK,,2026-10-02T16:17:42Z
core,karawang,2026,2026-01-01,2026-09-30,era5_seamless,https://archive-api.open-meteo.com/v1/archive?latitude=-6.25204&longitude=107.35394&start_date=2026-01-01&end_date=2026-09-30&daily=precipitation_sum%2Cprecipitation_hours%2Ctemperature_2m_mean%2Ctemperature_2m_max%2Ctemperature_2m_min%2Crelative_humidity_2m_mean%2Csunshine_duration%2Cet0_fao_evapotranspiration%2Csoil_moisture_7_to_28cm_mean&models=era5_seamless&temperature_unit=celsius&wind_speed_unit=ms&precipitation_unit=mm&timeformat=iso8601&timezone=Asia%2FJakarta&cell_selection=land,200,data/raw/openmeteo/core/karawang/2026.json,2b8842e8fc3da5805e96e30648fccec35ed26c66d5e7228b116f0c50b4d2c20b,17253,-6.2999954,107.399994,9.0,25200,Asia/Jakarta,273,38,19.5,OK,,2026-10-02T16:17:43Z
core,subang,2018,2018-01-01,2018-12-31,era5_seamless,https://archive-api.open-meteo.com/v1/archive?latitude=-6.48414&longitude=107.7322&start_date=2018-01-01&end_date=2018-12-31&daily=precipitation_sum%2Cprecipitation_hours%2Ctemperature_2m_mean%2Ctemperature_2m_max%2Ctemperature_2m_min%2Crelative_humidity_2m_mean%2Csunshine_duration%2Cet0_fao_evapotranspiration%2Csoil_moisture_7_to_28cm_mean&models=era5_seamless&temperature_unit=celsius&wind_speed_unit=ms&precipitation_unit=mm&timeformat=iso8601&timezone=Asia%2FJakarta&cell_selection=land,200,data/raw/openmeteo/core/subang/2018.json,a724a91756e1fcc5896a14970ee60e14f0e8ca4b19097eeb5bbfd874c7243e17,22798,-6.5,107.70001,60.0,25200,Asia/Jakarta,365,0,26.071,OK,,2026-10-02T16:18:19Z
core,subang,2019,2019-01-01,2019-12-31,era5_seamless,https://archive-api.open-meteo.com/v1/archive?latitude=-6.48414&longitude=107.7322&start_date=2019-01-01&end_date=2019-12-31&daily=precipitation_sum%2Cprecipitation_hours%2Ctemperature_2m_mean%2Ctemperature_2m_max%2Ctemperature_2m_min%2Crelative_humidity_2m_mean%2Csunshine_duration%2Cet0_fao_evapotranspiration%2Csoil_moisture_7_to_28cm_mean&models=era5_seamless&temperature_unit=celsius&wind_speed_unit=ms&precipitation_unit=mm&timeformat=iso8601&timezone=Asia%2FJakarta&cell_selection=land,200,data/raw/openmeteo/core/subang/2019.json,f1289168ca8351b2b93407b2d2843ca7c5ec0df9cc0d9ea9f05b1ebf95ea2bd3,22805,-6.5,107.70001,60.0,25200,Asia/Jakarta,365,0,26.071,OK,,2026-10-02T16:18:21Z
core,subang,2020,2020-01-01,2020-12-31,era5_seamless,https://archive-api.open-meteo.com/v1/archive?latitude=-6.48414&longitude=107.7322&start_date=2020-01-01&end_date=2020-12-31&daily=precipitation_sum%2Cprecipitation_hours%2Ctemperature_2m_mean%2Ctemperature_2m_max%2Ctemperature_2m_min%2Crelative_humidity_2m_mean%2Csunshine_duration%2Cet0_fao_evapotranspiration%2Csoil_moisture_7_to_28cm_mean&models=era5_seamless&temperature_unit=celsius&wind_speed_unit=ms&precipitation_unit=mm&timeformat=iso8601&timezone=Asia%2FJakarta&cell_selection=land,200,data/raw/openmeteo/core/subang/2020.json,7e4dcba7df56bed830e38dec2a3404dd21222a40c71ec538939c319c75878254,22910,-6.5,107.70001,60.0,25200,Asia/Jakarta,366,0,26.143,OK,,2026-10-02T16:18:22Z
core,subang,2021,2021-01-01,2021-12-31,era5_seamless,https://archive-api.open-meteo.com/v1/archive?latitude=-6.48414&longitude=107.7322&start_date=2021-01-01&end_date=2021-12-31&daily=precipitation_sum%2Cprecipitation_hours%2Ctemperature_2m_mean%2Ctemperature_2m_max%2Ctemperature_2m_min%2Crelative_humidity_2m_mean%2Csunshine_duration%2Cet0_fao_evapotranspiration%2Csoil_moisture_7_to_28cm_mean&models=era5_seamless&temperature_unit=celsius&wind_speed_unit=ms&precipitation_unit=mm&timeformat=iso8601&timezone=Asia%2FJakarta&cell_selection=land,200,data/raw/openmeteo/core/subang/2021.json,ef30bacfcf0bd230ef4396452962e0164c70dffab4b586e7164757cd5a8fedb4,22841,-6.5,107.70001,60.0,25200,Asia/Jakarta,365,0,26.071,OK,,2026-10-02T16:18:23Z
core,subang,2022,2022-01-01,2022-12-31,era5_seamless,https://archive-api.open-meteo.com/v1/archive?latitude=-6.48414&longitude=107.7322&start_date=2022-01-01&end_date=2022-12-31&daily=precipitation_sum%2Cprecipitation_hours%2Ctemperature_2m_mean%2Ctemperature_2m_max%2Ctemperature_2m_min%2Crelative_humidity_2m_mean%2Csunshine_duration%2Cet0_fao_evapotranspiration%2Csoil_moisture_7_to_28cm_mean&models=era5_seamless&temperature_unit=celsius&wind_speed_unit=ms&precipitation_unit=mm&timeformat=iso8601&timezone=Asia%2FJakarta&cell_selection=land,200,data/raw/openmeteo/core/subang/2022.json,02f6ba5528656e33f38c76631a0fa5fc3e9b9154ee3a9914f1cc8bde9928cf48,22942,-6.5,107.70001,60.0,25200,Asia/Jakarta,365,0,26.071,OK,,2026-10-02T16:18:26Z
core,subang,2023,2023-01-01,2023-12-31,era5_seamless,https://archive-api.open-meteo.com/v1/archive?latitude=-6.48414&longitude=107.7322&start_date=2023-01-01&end_date=2023-12-31&daily=precipitation_sum%2Cprecipitation_hours%2Ctemperature_2m_mean%2Ctemperature_2m_max%2Ctemperature_2m_min%2Crelative_humidity_2m_mean%2Csunshine_duration%2Cet0_fao_evapotranspiration%2Csoil_moisture_7_to_28cm_mean&models=era5_seamless&temperature_unit=celsius&wind_speed_unit=ms&precipitation_unit=mm&timeformat=iso8601&timezone=Asia%2FJakarta&cell_selection=land,200,data/raw/openmeteo/core/subang/2023.json,cbdfd7f5081f563c6d76de82c9b4517e3a39cde56a6ee51070e72b2bd1d153c0,22819,-6.5,107.70001,60.0,25200,Asia/Jakarta,365,0,26.071,OK,,2026-10-02T16:18:28Z
core,subang,2024,2024-01-01,2024-12-31,era5_seamless,https://archive-api.open-meteo.com/v1/archive?latitude=-6.48414&longitude=107.7322&start_date=2024-01-01&end_date=2024-12-31&daily=precipitation_sum%2Cprecipitation_hours%2Ctemperature_2m_mean%2Ctemperature_2m_max%2Ctemperature_2m_min%2Crelative_humidity_2m_mean%2Csunshine_duration%2Cet0_fao_evapotranspiration%2Csoil_moisture_7_to_28cm_mean&models=era5_seamless&temperature_unit=celsius&wind_speed_unit=ms&precipitation_unit=mm&timeformat=iso8601&timezone=Asia%2FJakarta&cell_selection=land,200,data/raw/openmeteo/core/subang/2024.json,e6f09510f56ee558ddf57ebac9008c1597d3a74798373f68957d522052d13407,22930,-6.5,107.70001,60.0,25200,Asia/Jakarta,366,0,26.143,OK,,2026-10-02T16:18:30Z
core,subang,2025,2025-01-01,2025-12-31,era5_seamless,https://archive-api.open-meteo.com/v1/archive?latitude=-6.48414&longitude=107.7322&start_date=2025-01-01&end_date=2025-12-31&daily=precipitation_sum%2Cprecipitation_hours%2Ctemperature_2m_mean%2Ctemperature_2m_max%2Ctemperature_2m_min%2Crelative_humidity_2m_mean%2Csunshine_duration%2Cet0_fao_evapotranspiration%2Csoil_moisture_7_to_28cm_mean&models=era5_seamless&temperature_unit=celsius&wind_speed_unit=ms&precipitation_unit=mm&timeformat=iso8601&timezone=Asia%2FJakarta&cell_selection=land,200,data/raw/openmeteo/core/subang/2025.json,84e561aa40d7df17fe52016bc6c31f04b0cf57e4c519df1679a3991291aa9da8,22931,-6.5,107.70001,60.0,25200,Asia/Jakarta,365,0,26.071,OK,,2026-10-02T16:18:31Z
core,subang,2026,2026-01-01,2026-09-30,era5_seamless,https://archive-api.open-meteo.com/v1/archive?latitude=-6.48414&longitude=107.7322&start_date=2026-01-01&end_date=2026-09-30&daily=precipitation_sum%2Cprecipitation_hours%2Ctemperature_2m_mean%2Ctemperature_2m_max%2Ctemperature_2m_min%2Crelative_humidity_2m_mean%2Csunshine_duration%2Cet0_fao_evapotranspiration%2Csoil_moisture_7_to_28cm_mean&models=era5_seamless&temperature_unit=celsius&wind_speed_unit=ms&precipitation_unit=mm&timeformat=iso8601&timezone=Asia%2FJakarta&cell_selection=land,200,data/raw/openmeteo/core/subang/2026.json,5373a4c70986d17875f589320de1006c7ba76fb931b507716e920de7aa1fd97f,17232,-6.5,107.70001,60.0,25200,Asia/Jakarta,273,38,19.5,OK,,2026-10-02T16:18:33Z
core,demak,2018,2018-01-01,2018-12-31,era5_seamless,https://archive-api.open-meteo.com/v1/archive?latitude=-6.91109&longitude=110.63202&start_date=2018-01-01&end_date=2018-12-31&daily=precipitation_sum%2Cprecipitation_hours%2Ctemperature_2m_mean%2Ctemperature_2m_max%2Ctemperature_2m_min%2Crelative_humidity_2m_mean%2Csunshine_duration%2Cet0_fao_evapotranspiration%2Csoil_moisture_7_to_28cm_mean&models=era5_seamless&temperature_unit=celsius&wind_speed_unit=ms&precipitation_unit=mm&timeformat=iso8601&timezone=Asia%2FJakarta&cell_selection=land,200,data/raw/openmeteo/core/demak/2018.json,e869545de3b86e5444524e2fe7b07fcd7dc2295965a71d132195e660455f4283,22750,-6.9000015,110.600006,5.0,25200,Asia/Jakarta,365,0,26.071,OK,,2026-10-02T16:18:34Z
core,demak,2019,2019-01-01,2019-12-31,era5_seamless,https://archive-api.open-meteo.com/v1/archive?latitude=-6.91109&longitude=110.63202&start_date=2019-01-01&end_date=2019-12-31&daily=precipitation_sum%2Cprecipitation_hours%2Ctemperature_2m_mean%2Ctemperature_2m_max%2Ctemperature_2m_min%2Crelative_humidity_2m_mean%2Csunshine_duration%2Cet0_fao_evapotranspiration%2Csoil_moisture_7_to_28cm_mean&models=era5_seamless&temperature_unit=celsius&wind_speed_unit=ms&precipitation_unit=mm&timeformat=iso8601&timezone=Asia%2FJakarta&cell_selection=land,200,data/raw/openmeteo/core/demak/2019.json,0dcb7d8f0b04f64712c436459aca88100ff9594b32259ae0536d6c8936a0f1bb,22763,-6.9000015,110.600006,5.0,25200,Asia/Jakarta,365,0,26.071,OK,,2026-10-02T16:18:35Z
core,demak,2020,2020-01-01,2020-12-31,era5_seamless,https://archive-api.open-meteo.com/v1/archive?latitude=-6.91109&longitude=110.63202&start_date=2020-01-01&end_date=2020-12-31&daily=precipitation_sum%2Cprecipitation_hours%2Ctemperature_2m_mean%2Ctemperature_2m_max%2Ctemperature_2m_min%2Crelative_humidity_2m_mean%2Csunshine_duration%2Cet0_fao_evapotranspiration%2Csoil_moisture_7_to_28cm_mean&models=era5_seamless&temperature_unit=celsius&wind_speed_unit=ms&precipitation_unit=mm&timeformat=iso8601&timezone=Asia%2FJakarta&cell_selection=land,200,data/raw/openmeteo/core/demak/2020.json,98049a79ce0e3d2ce11ad6e30ebf4dcf704b2c79d6ba8f898a649328ce6c73d0,22871,-6.9000015,110.600006,5.0,25200,Asia/Jakarta,366,0,26.143,OK,,2026-10-02T16:18:36Z
core,demak,2021,2021-01-01,2021-12-31,era5_seamless,https://archive-api.open-meteo.com/v1/archive?latitude=-6.91109&longitude=110.63202&start_date=2021-01-01&end_date=2021-12-31&daily=precipitation_sum%2Cprecipitation_hours%2Ctemperature_2m_mean%2Ctemperature_2m_max%2Ctemperature_2m_min%2Crelative_humidity_2m_mean%2Csunshine_duration%2Cet0_fao_evapotranspiration%2Csoil_moisture_7_to_28cm_mean&models=era5_seamless&temperature_unit=celsius&wind_speed_unit=ms&precipitation_unit=mm&timeformat=iso8601&timezone=Asia%2FJakarta&cell_selection=land,200,data/raw/openmeteo/core/demak/2021.json,e346062dd88d88e0d276a280c241133c018f3199aec171239859e49e7bcbe727,22813,-6.9000015,110.600006,5.0,25200,Asia/Jakarta,365,0,26.071,OK,,2026-10-02T16:18:38Z
core,demak,2022,2022-01-01,2022-12-31,era5_seamless,https://archive-api.open-meteo.com/v1/archive?latitude=-6.91109&longitude=110.63202&start_date=2022-01-01&end_date=2022-12-31&daily=precipitation_sum%2Cprecipitation_hours%2Ctemperature_2m_mean%2Ctemperature_2m_max%2Ctemperature_2m_min%2Crelative_humidity_2m_mean%2Csunshine_duration%2Cet0_fao_evapotranspiration%2Csoil_moisture_7_to_28cm_mean&models=era5_seamless&temperature_unit=celsius&wind_speed_unit=ms&precipitation_unit=mm&timeformat=iso8601&timezone=Asia%2FJakarta&cell_selection=land,200,data/raw/openmeteo/core/demak/2022.json,d856d7191fd61f118bfccf96e812fc52d4c8b1e20574c4360577133d2b629d33,22872,-6.9000015,110.600006,5.0,25200,Asia/Jakarta,365,0,26.071,OK,,2026-10-02T16:18:39Z
core,demak,2023,2023-01-01,2023-12-31,era5_seamless,https://archive-api.open-meteo.com/v1/archive?latitude=-6.91109&longitude=110.63202&start_date=2023-01-01&end_date=2023-12-31&daily=precipitation_sum%2Cprecipitation_hours%2Ctemperature_2m_mean%2Ctemperature_2m_max%2Ctemperature_2m_min%2Crelative_humidity_2m_mean%2Csunshine_duration%2Cet0_fao_evapotranspiration%2Csoil_moisture_7_to_28cm_mean&models=era5_seamless&temperature_unit=celsius&wind_speed_unit=ms&precipitation_unit=mm&timeformat=iso8601&timezone=Asia%2FJakarta&cell_selection=land,200,data/raw/openmeteo/core/demak/2023.json,5cf9a720ff4caf4fc66ae25e778d5409320c09c0ceec0702c406d787ac206186,22784,-6.9000015,110.600006,5.0,25200,Asia/Jakarta,365,0,26.071,OK,,2026-10-02T16:18:41Z
core,demak,2024,2024-01-01,2024-12-31,era5_seamless,https://archive-api.open-meteo.com/v1/archive?latitude=-6.91109&longitude=110.63202&start_date=2024-01-01&end_date=2024-12-31&daily=precipitation_sum%2Cprecipitation_hours%2Ctemperature_2m_mean%2Ctemperature_2m_max%2Ctemperature_2m_min%2Crelative_humidity_2m_mean%2Csunshine_duration%2Cet0_fao_evapotranspiration%2Csoil_moisture_7_to_28cm_mean&models=era5_seamless&temperature_unit=celsius&wind_speed_unit=ms&precipitation_unit=mm&timeformat=iso8601&timezone=Asia%2FJakarta&cell_selection=land,200,data/raw/openmeteo/core/demak/2024.json,bcc66be31ac7d1a78cfeb552ccca793a36e224530dd7b2386ee47455e974e3ee,22897,-6.9000015,110.600006,5.0,25200,Asia/Jakarta,366,0,26.143,OK,,2026-10-02T16:18:42Z
core,demak,2025,2025-01-01,2025-12-31,era5_seamless,https://archive-api.open-meteo.com/v1/archive?latitude=-6.91109&longitude=110.63202&start_date=2025-01-01&end_date=2025-12-31&daily=precipitation_sum%2Cprecipitation_hours%2Ctemperature_2m_mean%2Ctemperature_2m_max%2Ctemperature_2m_min%2Crelative_humidity_2m_mean%2Csunshine_duration%2Cet0_fao_evapotranspiration%2Csoil_moisture_7_to_28cm_mean&models=era5_seamless&temperature_unit=celsius&wind_speed_unit=ms&precipitation_unit=mm&timeformat=iso8601&timezone=Asia%2FJakarta&cell_selection=land,200,data/raw/openmeteo/core/demak/2025.json,6eab92eacc65539e60ffc150c1c40a2fc45c5db25f4d9f12d7065d867e96894e,22892,-6.9000015,110.600006,5.0,25200,Asia/Jakarta,365,0,26.071,OK,,2026-10-02T16:18:44Z
core,demak,2026,2026-01-01,2026-09-30,era5_seamless,https://archive-api.open-meteo.com/v1/archive?latitude=-6.91109&longitude=110.63202&start_date=2026-01-01&end_date=2026-09-30&daily=precipitation_sum%2Cprecipitation_hours%2Ctemperature_2m_mean%2Ctemperature_2m_max%2Ctemperature_2m_min%2Crelative_humidity_2m_mean%2Csunshine_duration%2Cet0_fao_evapotranspiration%2Csoil_moisture_7_to_28cm_mean&models=era5_seamless&temperature_unit=celsius&wind_speed_unit=ms&precipitation_unit=mm&timeformat=iso8601&timezone=Asia%2FJakarta&cell_selection=land,200,data/raw/openmeteo/core/demak/2026.json,505670d729f6691cbf80bbc3cbfb777de502d022e002313fdb85295ef82a53c1,17208,-6.9000015,110.600006,5.0,25200,Asia/Jakarta,273,38,19.5,OK,,2026-10-02T16:18:45Z
core,temanggung,2018,2018-01-01,2018-12-31,era5_seamless,https://archive-api.open-meteo.com/v1/archive?latitude=-7.25788&longitude=110.13565&start_date=2018-01-01&end_date=2018-12-31&daily=precipitation_sum%2Cprecipitation_hours%2Ctemperature_2m_mean%2Ctemperature_2m_max%2Ctemperature_2m_min%2Crelative_humidity_2m_mean%2Csunshine_duration%2Cet0_fao_evapotranspiration%2Csoil_moisture_7_to_28cm_mean&models=era5_seamless&temperature_unit=celsius&wind_speed_unit=ms&precipitation_unit=mm&timeformat=iso8601&timezone=Asia%2FJakarta&cell_selection=land,200,data/raw/openmeteo/core/temanggung/2018.json,0f7822abc2294944cd34e545d06e4eb41cdda62a3de65161f39f32c1c0c71d36,22830,-7.2999954,110.20001,675.0,25200,Asia/Jakarta,365,0,26.071,OK,,2026-10-02T16:19:21Z
core,temanggung,2019,2019-01-01,2019-12-31,era5_seamless,https://archive-api.open-meteo.com/v1/archive?latitude=-7.25788&longitude=110.13565&start_date=2019-01-01&end_date=2019-12-31&daily=precipitation_sum%2Cprecipitation_hours%2Ctemperature_2m_mean%2Ctemperature_2m_max%2Ctemperature_2m_min%2Crelative_humidity_2m_mean%2Csunshine_duration%2Cet0_fao_evapotranspiration%2Csoil_moisture_7_to_28cm_mean&models=era5_seamless&temperature_unit=celsius&wind_speed_unit=ms&precipitation_unit=mm&timeformat=iso8601&timezone=Asia%2FJakarta&cell_selection=land,200,data/raw/openmeteo/core/temanggung/2019.json,40c2a34a9d1149fcca5c8eb6564c03514c4a5ed8ab3e44d5fdb9c54728c97af0,22821,-7.2999954,110.20001,675.0,25200,Asia/Jakarta,365,0,26.071,OK,,2026-10-02T16:19:22Z
core,temanggung,2020,2020-01-01,2020-12-31,era5_seamless,https://archive-api.open-meteo.com/v1/archive?latitude=-7.25788&longitude=110.13565&start_date=2020-01-01&end_date=2020-12-31&daily=precipitation_sum%2Cprecipitation_hours%2Ctemperature_2m_mean%2Ctemperature_2m_max%2Ctemperature_2m_min%2Crelative_humidity_2m_mean%2Csunshine_duration%2Cet0_fao_evapotranspiration%2Csoil_moisture_7_to_28cm_mean&models=era5_seamless&temperature_unit=celsius&wind_speed_unit=ms&precipitation_unit=mm&timeformat=iso8601&timezone=Asia%2FJakarta&cell_selection=land,200,data/raw/openmeteo/core/temanggung/2020.json,759d8441d3c73b3246ed911a93366babfed98a08805e2cc75b0d7863648ab7e9,22952,-7.2999954,110.20001,675.0,25200,Asia/Jakarta,366,0,26.143,OK,,2026-10-02T16:19:23Z
core,temanggung,2021,2021-01-01,2021-12-31,era5_seamless,https://archive-api.open-meteo.com/v1/archive?latitude=-7.25788&longitude=110.13565&start_date=2021-01-01&end_date=2021-12-31&daily=precipitation_sum%2Cprecipitation_hours%2Ctemperature_2m_mean%2Ctemperature_2m_max%2Ctemperature_2m_min%2Crelative_humidity_2m_mean%2Csunshine_duration%2Cet0_fao_evapotranspiration%2Csoil_moisture_7_to_28cm_mean&models=era5_seamless&temperature_unit=celsius&wind_speed_unit=ms&precipitation_unit=mm&timeformat=iso8601&timezone=Asia%2FJakarta&cell_selection=land,200,data/raw/openmeteo/core/temanggung/2021.json,32693759f4a548997c6f738f949f1b54ac2d5537ad5dd99b89f05233ea8781cc,22908,-7.2999954,110.20001,675.0,25200,Asia/Jakarta,365,0,26.071,OK,,2026-10-02T16:19:24Z
core,temanggung,2022,2022-01-01,2022-12-31,era5_seamless,https://archive-api.open-meteo.com/v1/archive?latitude=-7.25788&longitude=110.13565&start_date=2022-01-01&end_date=2022-12-31&daily=precipitation_sum%2Cprecipitation_hours%2Ctemperature_2m_mean%2Ctemperature_2m_max%2Ctemperature_2m_min%2Crelative_humidity_2m_mean%2Csunshine_duration%2Cet0_fao_evapotranspiration%2Csoil_moisture_7_to_28cm_mean&models=era5_seamless&temperature_unit=celsius&wind_speed_unit=ms&precipitation_unit=mm&timeformat=iso8601&timezone=Asia%2FJakarta&cell_selection=land,200,data/raw/openmeteo/core/temanggung/2022.json,4436470445a8716505f0d2625eb4fc6c940f1289f89e658dc2c7b67932fcd3fe,22970,-7.2999954,110.20001,675.0,25200,Asia/Jakarta,365,0,26.071,OK,,2026-10-02T16:19:28Z
core,temanggung,2023,2023-01-01,2023-12-31,era5_seamless,https://archive-api.open-meteo.com/v1/archive?latitude=-7.25788&longitude=110.13565&start_date=2023-01-01&end_date=2023-12-31&daily=precipitation_sum%2Cprecipitation_hours%2Ctemperature_2m_mean%2Ctemperature_2m_max%2Ctemperature_2m_min%2Crelative_humidity_2m_mean%2Csunshine_duration%2Cet0_fao_evapotranspiration%2Csoil_moisture_7_to_28cm_mean&models=era5_seamless&temperature_unit=celsius&wind_speed_unit=ms&precipitation_unit=mm&timeformat=iso8601&timezone=Asia%2FJakarta&cell_selection=land,200,data/raw/openmeteo/core/temanggung/2023.json,2664a2de2df3e372ceedea16bd4fa0cef12d721e00d1803a9765fb389fe5f843,22895,-7.2999954,110.20001,675.0,25200,Asia/Jakarta,365,0,26.071,OK,,2026-10-02T16:19:30Z
core,temanggung,2024,2024-01-01,2024-12-31,era5_seamless,https://archive-api.open-meteo.com/v1/archive?latitude=-7.25788&longitude=110.13565&start_date=2024-01-01&end_date=2024-12-31&daily=precipitation_sum%2Cprecipitation_hours%2Ctemperature_2m_mean%2Ctemperature_2m_max%2Ctemperature_2m_min%2Crelative_humidity_2m_mean%2Csunshine_duration%2Cet0_fao_evapotranspiration%2Csoil_moisture_7_to_28cm_mean&models=era5_seamless&temperature_unit=celsius&wind_speed_unit=ms&precipitation_unit=mm&timeformat=iso8601&timezone=Asia%2FJakarta&cell_selection=land,200,data/raw/openmeteo/core/temanggung/2024.json,50c31c2a4608d39ade146bb42006f72de1b8b7fb8debdd519507da507d0a2433,22993,-7.2999954,110.20001,675.0,25200,Asia/Jakarta,366,0,26.143,OK,,2026-10-02T16:19:31Z
core,temanggung,2025,2025-01-01,2025-12-31,era5_seamless,https://archive-api.open-meteo.com/v1/archive?latitude=-7.25788&longitude=110.13565&start_date=2025-01-01&end_date=2025-12-31&daily=precipitation_sum%2Cprecipitation_hours%2Ctemperature_2m_mean%2Ctemperature_2m_max%2Ctemperature_2m_min%2Crelative_humidity_2m_mean%2Csunshine_duration%2Cet0_fao_evapotranspiration%2Csoil_moisture_7_to_28cm_mean&models=era5_seamless&temperature_unit=celsius&wind_speed_unit=ms&precipitation_unit=mm&timeformat=iso8601&timezone=Asia%2FJakarta&cell_selection=land,200,data/raw/openmeteo/core/temanggung/2025.json,2c6d32748340acc5e775ec897c57d6dcff1bc6785a2d2ca6af8999362f3a379e,22974,-7.2999954,110.20001,675.0,25200,Asia/Jakarta,365,0,26.071,OK,,2026-10-02T16:19:33Z
core,temanggung,2026,2026-01-01,2026-09-30,era5_seamless,https://archive-api.open-meteo.com/v1/archive?latitude=-7.25788&longitude=110.13565&start_date=2026-01-01&end_date=2026-09-30&daily=precipitation_sum%2Cprecipitation_hours%2Ctemperature_2m_mean%2Ctemperature_2m_max%2Ctemperature_2m_min%2Crelative_humidity_2m_mean%2Csunshine_duration%2Cet0_fao_evapotranspiration%2Csoil_moisture_7_to_28cm_mean&models=era5_seamless&temperature_unit=celsius&wind_speed_unit=ms&precipitation_unit=mm&timeformat=iso8601&timezone=Asia%2FJakarta&cell_selection=land,200,data/raw/openmeteo/core/temanggung/2026.json,6773090b6cc85af30b47f0590b0405379649f6de4d5240e3f16d0c5cd78325e1,17273,-7.2999954,110.20001,675.0,25200,Asia/Jakarta,273,38,19.5,OK,,2026-10-02T16:19:34Z
core,nganjuk,2018,2018-01-01,2018-12-31,era5_seamless,https://archive-api.open-meteo.com/v1/archive?latitude=-7.59737&longitude=111.9384&start_date=2018-01-01&end_date=2018-12-31&daily=precipitation_sum%2Cprecipitation_hours%2Ctemperature_2m_mean%2Ctemperature_2m_max%2Ctemperature_2m_min%2Crelative_humidity_2m_mean%2Csunshine_duration%2Cet0_fao_evapotranspiration%2Csoil_moisture_7_to_28cm_mean&models=era5_seamless&temperature_unit=celsius&wind_speed_unit=ms&precipitation_unit=mm&timeformat=iso8601&timezone=Asia%2FJakarta&cell_selection=land,200,data/raw/openmeteo/core/nganjuk/2018.json,54effb7461e2b9b4fb8d7895959486cbbcc15b3ac4d33a92fc86a55567d42613,22735,-7.5999985,111.899994,49.0,25200,Asia/Jakarta,365,0,26.071,OK,,2026-10-02T16:19:36Z
core,nganjuk,2019,2019-01-01,2019-12-31,era5_seamless,https://archive-api.open-meteo.com/v1/archive?latitude=-7.59737&longitude=111.9384&start_date=2019-01-01&end_date=2019-12-31&daily=precipitation_sum%2Cprecipitation_hours%2Ctemperature_2m_mean%2Ctemperature_2m_max%2Ctemperature_2m_min%2Crelative_humidity_2m_mean%2Csunshine_duration%2Cet0_fao_evapotranspiration%2Csoil_moisture_7_to_28cm_mean&models=era5_seamless&temperature_unit=celsius&wind_speed_unit=ms&precipitation_unit=mm&timeformat=iso8601&timezone=Asia%2FJakarta&cell_selection=land,200,data/raw/openmeteo/core/nganjuk/2019.json,1e51315885ed1224b5b610f3b3b6e678d580c7625e89626ad5ecb2fcee35a708,22753,-7.5999985,111.899994,49.0,25200,Asia/Jakarta,365,0,26.071,OK,,2026-10-02T16:19:37Z
core,nganjuk,2020,2020-01-01,2020-12-31,era5_seamless,https://archive-api.open-meteo.com/v1/archive?latitude=-7.59737&longitude=111.9384&start_date=2020-01-01&end_date=2020-12-31&daily=precipitation_sum%2Cprecipitation_hours%2Ctemperature_2m_mean%2Ctemperature_2m_max%2Ctemperature_2m_min%2Crelative_humidity_2m_mean%2Csunshine_duration%2Cet0_fao_evapotranspiration%2Csoil_moisture_7_to_28cm_mean&models=era5_seamless&temperature_unit=celsius&wind_speed_unit=ms&precipitation_unit=mm&timeformat=iso8601&timezone=Asia%2FJakarta&cell_selection=land,200,data/raw/openmeteo/core/nganjuk/2020.json,a638dea7eb82800aa8c9639e9f494a402eea18a3c914d95b53cbe4d34eab6d51,22866,-7.5999985,111.899994,49.0,25200,Asia/Jakarta,366,0,26.143,OK,,2026-10-02T16:19:38Z
core,nganjuk,2021,2021-01-01,2021-12-31,era5_seamless,https://archive-api.open-meteo.com/v1/archive?latitude=-7.59737&longitude=111.9384&start_date=2021-01-01&end_date=2021-12-31&daily=precipitation_sum%2Cprecipitation_hours%2Ctemperature_2m_mean%2Ctemperature_2m_max%2Ctemperature_2m_min%2Crelative_humidity_2m_mean%2Csunshine_duration%2Cet0_fao_evapotranspiration%2Csoil_moisture_7_to_28cm_mean&models=era5_seamless&temperature_unit=celsius&wind_speed_unit=ms&precipitation_unit=mm&timeformat=iso8601&timezone=Asia%2FJakarta&cell_selection=land,200,data/raw/openmeteo/core/nganjuk/2021.json,c01461252f63b5913a3316a0e1895d0891d4e6d0ac1fb45abe33c1a5df64da0b,22813,-7.5999985,111.899994,49.0,25200,Asia/Jakarta,365,0,26.071,OK,,2026-10-02T16:19:39Z
core,nganjuk,2022,2022-01-01,2022-12-31,era5_seamless,https://archive-api.open-meteo.com/v1/archive?latitude=-7.59737&longitude=111.9384&start_date=2022-01-01&end_date=2022-12-31&daily=precipitation_sum%2Cprecipitation_hours%2Ctemperature_2m_mean%2Ctemperature_2m_max%2Ctemperature_2m_min%2Crelative_humidity_2m_mean%2Csunshine_duration%2Cet0_fao_evapotranspiration%2Csoil_moisture_7_to_28cm_mean&models=era5_seamless&temperature_unit=celsius&wind_speed_unit=ms&precipitation_unit=mm&timeformat=iso8601&timezone=Asia%2FJakarta&cell_selection=land,200,data/raw/openmeteo/core/nganjuk/2022.json,38ba026567e8f9c0ec224bc11d7f883b221db04b918a4ae57c83eb4af9d3dad4,22862,-7.5999985,111.899994,49.0,25200,Asia/Jakarta,365,0,26.071,OK,,2026-10-02T16:19:41Z
core,nganjuk,2023,2023-01-01,2023-12-31,era5_seamless,https://archive-api.open-meteo.com/v1/archive?latitude=-7.59737&longitude=111.9384&start_date=2023-01-01&end_date=2023-12-31&daily=precipitation_sum%2Cprecipitation_hours%2Ctemperature_2m_mean%2Ctemperature_2m_max%2Ctemperature_2m_min%2Crelative_humidity_2m_mean%2Csunshine_duration%2Cet0_fao_evapotranspiration%2Csoil_moisture_7_to_28cm_mean&models=era5_seamless&temperature_unit=celsius&wind_speed_unit=ms&precipitation_unit=mm&timeformat=iso8601&timezone=Asia%2FJakarta&cell_selection=land,200,data/raw/openmeteo/core/nganjuk/2023.json,5dc6b24d9ff68e79a92a261f55f562be001286d0de85ad826107b7eee582ad52,22791,-7.5999985,111.899994,49.0,25200,Asia/Jakarta,365,0,26.071,OK,,2026-10-02T16:19:43Z
core,nganjuk,2024,2024-01-01,2024-12-31,era5_seamless,https://archive-api.open-meteo.com/v1/archive?latitude=-7.59737&longitude=111.9384&start_date=2024-01-01&end_date=2024-12-31&daily=precipitation_sum%2Cprecipitation_hours%2Ctemperature_2m_mean%2Ctemperature_2m_max%2Ctemperature_2m_min%2Crelative_humidity_2m_mean%2Csunshine_duration%2Cet0_fao_evapotranspiration%2Csoil_moisture_7_to_28cm_mean&models=era5_seamless&temperature_unit=celsius&wind_speed_unit=ms&precipitation_unit=mm&timeformat=iso8601&timezone=Asia%2FJakarta&cell_selection=land,200,data/raw/openmeteo/core/nganjuk/2024.json,bfbc5aa24e786df6643e7ba49e08057cc9dd2ceda438e9091acd364ae8aff42e,22889,-7.5999985,111.899994,49.0,25200,Asia/Jakarta,366,0,26.143,OK,,2026-10-02T16:19:44Z
core,nganjuk,2025,2025-01-01,2025-12-31,era5_seamless,https://archive-api.open-meteo.com/v1/archive?latitude=-7.59737&longitude=111.9384&start_date=2025-01-01&end_date=2025-12-31&daily=precipitation_sum%2Cprecipitation_hours%2Ctemperature_2m_mean%2Ctemperature_2m_max%2Ctemperature_2m_min%2Crelative_humidity_2m_mean%2Csunshine_duration%2Cet0_fao_evapotranspiration%2Csoil_moisture_7_to_28cm_mean&models=era5_seamless&temperature_unit=celsius&wind_speed_unit=ms&precipitation_unit=mm&timeformat=iso8601&timezone=Asia%2FJakarta&cell_selection=land,200,data/raw/openmeteo/core/nganjuk/2025.json,9feee825fd2eb13acdeb912f5dee7b6865c33897440598202b19933d334d1792,22874,-7.5999985,111.899994,49.0,25200,Asia/Jakarta,365,0,26.071,OK,,2026-10-02T16:19:46Z
core,nganjuk,2026,2026-01-01,2026-09-30,era5_seamless,https://archive-api.open-meteo.com/v1/archive?latitude=-7.59737&longitude=111.9384&start_date=2026-01-01&end_date=2026-09-30&daily=precipitation_sum%2Cprecipitation_hours%2Ctemperature_2m_mean%2Ctemperature_2m_max%2Ctemperature_2m_min%2Crelative_humidity_2m_mean%2Csunshine_duration%2Cet0_fao_evapotranspiration%2Csoil_moisture_7_to_28cm_mean&models=era5_seamless&temperature_unit=celsius&wind_speed_unit=ms&precipitation_unit=mm&timeformat=iso8601&timezone=Asia%2FJakarta&cell_selection=land,200,data/raw/openmeteo/core/nganjuk/2026.json,22d5b4c97abea1db8df55e1322b67da1a8b4b35144bcfbf5d3a7e1f254cc6e56,17235,-7.5999985,111.899994,49.0,25200,Asia/Jakarta,273,38,19.5,OK,,2026-10-02T16:19:47Z
core,bima,2018,2018-01-01,2018-12-31,era5_seamless,https://archive-api.open-meteo.com/v1/archive?latitude=-8.47469&longitude=118.6187&start_date=2018-01-01&end_date=2018-12-31&daily=precipitation_sum%2Cprecipitation_hours%2Ctemperature_2m_mean%2Ctemperature_2m_max%2Ctemperature_2m_min%2Crelative_humidity_2m_mean%2Csunshine_duration%2Cet0_fao_evapotranspiration%2Csoil_moisture_7_to_28cm_mean&models=era5_seamless&temperature_unit=celsius&wind_speed_unit=ms&precipitation_unit=mm&timeformat=iso8601&timezone=Asia%2FJakarta&cell_selection=land,200,data/raw/openmeteo/core/bima/2018.json,83ff900fdba8ee17dd09ffa4d0117677a6a86670daed592a0becf8ca49065171,22760,-8.5,118.600006,139.0,25200,Asia/Jakarta,365,0,26.071,OK,,2026-10-02T16:20:22Z
core,bima,2019,2019-01-01,2019-12-31,era5_seamless,https://archive-api.open-meteo.com/v1/archive?latitude=-8.47469&longitude=118.6187&start_date=2019-01-01&end_date=2019-12-31&daily=precipitation_sum%2Cprecipitation_hours%2Ctemperature_2m_mean%2Ctemperature_2m_max%2Ctemperature_2m_min%2Crelative_humidity_2m_mean%2Csunshine_duration%2Cet0_fao_evapotranspiration%2Csoil_moisture_7_to_28cm_mean&models=era5_seamless&temperature_unit=celsius&wind_speed_unit=ms&precipitation_unit=mm&timeformat=iso8601&timezone=Asia%2FJakarta&cell_selection=land,200,data/raw/openmeteo/core/bima/2019.json,7e26b9a5d52c4e9de97b811e55d205224506a8ec9338b940ae7e427185769b94,22740,-8.5,118.600006,139.0,25200,Asia/Jakarta,365,0,26.071,OK,,2026-10-02T16:20:23Z
core,bima,2020,2020-01-01,2020-12-31,era5_seamless,https://archive-api.open-meteo.com/v1/archive?latitude=-8.47469&longitude=118.6187&start_date=2020-01-01&end_date=2020-12-31&daily=precipitation_sum%2Cprecipitation_hours%2Ctemperature_2m_mean%2Ctemperature_2m_max%2Ctemperature_2m_min%2Crelative_humidity_2m_mean%2Csunshine_duration%2Cet0_fao_evapotranspiration%2Csoil_moisture_7_to_28cm_mean&models=era5_seamless&temperature_unit=celsius&wind_speed_unit=ms&precipitation_unit=mm&timeformat=iso8601&timezone=Asia%2FJakarta&cell_selection=land,200,data/raw/openmeteo/core/bima/2020.json,b9d598f30254bac5b9a7545d86b7ec9c028e0314d35a3c8e023b097af194a573,22828,-8.5,118.600006,139.0,25200,Asia/Jakarta,366,0,26.143,OK,,2026-10-02T16:20:24Z
core,bima,2021,2021-01-01,2021-12-31,era5_seamless,https://archive-api.open-meteo.com/v1/archive?latitude=-8.47469&longitude=118.6187&start_date=2021-01-01&end_date=2021-12-31&daily=precipitation_sum%2Cprecipitation_hours%2Ctemperature_2m_mean%2Ctemperature_2m_max%2Ctemperature_2m_min%2Crelative_humidity_2m_mean%2Csunshine_duration%2Cet0_fao_evapotranspiration%2Csoil_moisture_7_to_28cm_mean&models=era5_seamless&temperature_unit=celsius&wind_speed_unit=ms&precipitation_unit=mm&timeformat=iso8601&timezone=Asia%2FJakarta&cell_selection=land,200,data/raw/openmeteo/core/bima/2021.json,450da1d614244e61be02fc4fa3303d4715486e710dcd516fc5f6cf885342bbdd,22777,-8.5,118.600006,139.0,25200,Asia/Jakarta,365,0,26.071,OK,,2026-10-02T16:20:26Z
core,bima,2022,2022-01-01,2022-12-31,era5_seamless,https://archive-api.open-meteo.com/v1/archive?latitude=-8.47469&longitude=118.6187&start_date=2022-01-01&end_date=2022-12-31&daily=precipitation_sum%2Cprecipitation_hours%2Ctemperature_2m_mean%2Ctemperature_2m_max%2Ctemperature_2m_min%2Crelative_humidity_2m_mean%2Csunshine_duration%2Cet0_fao_evapotranspiration%2Csoil_moisture_7_to_28cm_mean&models=era5_seamless&temperature_unit=celsius&wind_speed_unit=ms&precipitation_unit=mm&timeformat=iso8601&timezone=Asia%2FJakarta&cell_selection=land,200,data/raw/openmeteo/core/bima/2022.json,e1a4da2efcb031c9d8eabf14bb24fdadfb78550c78dfddc2af03fa84d253962c,22824,-8.5,118.600006,139.0,25200,Asia/Jakarta,365,0,26.071,OK,,2026-10-02T16:20:30Z
core,bima,2023,2023-01-01,2023-12-31,era5_seamless,https://archive-api.open-meteo.com/v1/archive?latitude=-8.47469&longitude=118.6187&start_date=2023-01-01&end_date=2023-12-31&daily=precipitation_sum%2Cprecipitation_hours%2Ctemperature_2m_mean%2Ctemperature_2m_max%2Ctemperature_2m_min%2Crelative_humidity_2m_mean%2Csunshine_duration%2Cet0_fao_evapotranspiration%2Csoil_moisture_7_to_28cm_mean&models=era5_seamless&temperature_unit=celsius&wind_speed_unit=ms&precipitation_unit=mm&timeformat=iso8601&timezone=Asia%2FJakarta&cell_selection=land,200,data/raw/openmeteo/core/bima/2023.json,21fd70b03effb1a14fdff8dbd1dbc3542ee5af7843a6acc40fff5b352020a80a,22770,-8.5,118.600006,139.0,25200,Asia/Jakarta,365,0,26.071,OK,,2026-10-02T16:20:32Z
core,bima,2024,2024-01-01,2024-12-31,era5_seamless,https://archive-api.open-meteo.com/v1/archive?latitude=-8.47469&longitude=118.6187&start_date=2024-01-01&end_date=2024-12-31&daily=precipitation_sum%2Cprecipitation_hours%2Ctemperature_2m_mean%2Ctemperature_2m_max%2Ctemperature_2m_min%2Crelative_humidity_2m_mean%2Csunshine_duration%2Cet0_fao_evapotranspiration%2Csoil_moisture_7_to_28cm_mean&models=era5_seamless&temperature_unit=celsius&wind_speed_unit=ms&precipitation_unit=mm&timeformat=iso8601&timezone=Asia%2FJakarta&cell_selection=land,200,data/raw/openmeteo/core/bima/2024.json,ed84c175d9c07717173613da39b160254f962f4ceb39197c7572b1bd4f5085e5,22872,-8.5,118.600006,139.0,25200,Asia/Jakarta,366,0,26.143,OK,,2026-10-02T16:20:34Z
core,bima,2025,2025-01-01,2025-12-31,era5_seamless,https://archive-api.open-meteo.com/v1/archive?latitude=-8.47469&longitude=118.6187&start_date=2025-01-01&end_date=2025-12-31&daily=precipitation_sum%2Cprecipitation_hours%2Ctemperature_2m_mean%2Ctemperature_2m_max%2Ctemperature_2m_min%2Crelative_humidity_2m_mean%2Csunshine_duration%2Cet0_fao_evapotranspiration%2Csoil_moisture_7_to_28cm_mean&models=era5_seamless&temperature_unit=celsius&wind_speed_unit=ms&precipitation_unit=mm&timeformat=iso8601&timezone=Asia%2FJakarta&cell_selection=land,200,data/raw/openmeteo/core/bima/2025.json,ce3d16b0e7f42a53bdcc24be127485bc9a1de0fcd6816ae200fcb7fecc801f84,22842,-8.5,118.600006,139.0,25200,Asia/Jakarta,365,0,26.071,OK,,2026-10-02T16:20:35Z
core,bima,2026,2026-01-01,2026-09-30,era5_seamless,https://archive-api.open-meteo.com/v1/archive?latitude=-8.47469&longitude=118.6187&start_date=2026-01-01&end_date=2026-09-30&daily=precipitation_sum%2Cprecipitation_hours%2Ctemperature_2m_mean%2Ctemperature_2m_max%2Ctemperature_2m_min%2Crelative_humidity_2m_mean%2Csunshine_duration%2Cet0_fao_evapotranspiration%2Csoil_moisture_7_to_28cm_mean&models=era5_seamless&temperature_unit=celsius&wind_speed_unit=ms&precipitation_unit=mm&timeformat=iso8601&timezone=Asia%2FJakarta&cell_selection=land,200,data/raw/openmeteo/core/bima/2026.json,92e432a9763fee8bbac924a34f91812b778e3fa5d2239c2ca0a8ca69997346a9,17197,-8.5,118.600006,139.0,25200,Asia/Jakarta,273,38,19.5,OK,,2026-10-02T16:20:37Z
core,sragen,2018,2018-01-01,2018-12-31,era5_seamless,https://archive-api.open-meteo.com/v1/archive?latitude=-7.3872&longitude=110.97751&start_date=2018-01-01&end_date=2018-12-31&daily=precipitation_sum%2Cprecipitation_hours%2Ctemperature_2m_mean%2Ctemperature_2m_max%2Ctemperature_2m_min%2Crelative_humidity_2m_mean%2Csunshine_duration%2Cet0_fao_evapotranspiration%2Csoil_moisture_7_to_28cm_mean&models=era5_seamless&temperature_unit=celsius&wind_speed_unit=ms&precipitation_unit=mm&timeformat=iso8601&timezone=Asia%2FJakarta&cell_selection=land,200,data/raw/openmeteo/core/sragen/2018.json,df9e621389eb291a951b47cb8a5bd4a8ea017c1a787627720f77fc8232898d05,22764,-7.4000015,111.0,78.0,25200,Asia/Jakarta,365,0,26.071,OK,,2026-10-02T16:20:38Z
core,sragen,2019,2019-01-01,2019-12-31,era5_seamless,https://archive-api.open-meteo.com/v1/archive?latitude=-7.3872&longitude=110.97751&start_date=2019-01-01&end_date=2019-12-31&daily=precipitation_sum%2Cprecipitation_hours%2Ctemperature_2m_mean%2Ctemperature_2m_max%2Ctemperature_2m_min%2Crelative_humidity_2m_mean%2Csunshine_duration%2Cet0_fao_evapotranspiration%2Csoil_moisture_7_to_28cm_mean&models=era5_seamless&temperature_unit=celsius&wind_speed_unit=ms&precipitation_unit=mm&timeformat=iso8601&timezone=Asia%2FJakarta&cell_selection=land,200,data/raw/openmeteo/core/sragen/2019.json,ef7f4d961d5c2255ec4d5eb4f486989644804db39e6d9e643d8cd66aed4ab085,22769,-7.4000015,111.0,78.0,25200,Asia/Jakarta,365,0,26.071,OK,,2026-10-02T16:20:40Z
core,sragen,2020,2020-01-01,2020-12-31,era5_seamless,https://archive-api.open-meteo.com/v1/archive?latitude=-7.3872&longitude=110.97751&start_date=2020-01-01&end_date=2020-12-31&daily=precipitation_sum%2Cprecipitation_hours%2Ctemperature_2m_mean%2Ctemperature_2m_max%2Ctemperature_2m_min%2Crelative_humidity_2m_mean%2Csunshine_duration%2Cet0_fao_evapotranspiration%2Csoil_moisture_7_to_28cm_mean&models=era5_seamless&temperature_unit=celsius&wind_speed_unit=ms&precipitation_unit=mm&timeformat=iso8601&timezone=Asia%2FJakarta&cell_selection=land,200,data/raw/openmeteo/core/sragen/2020.json,86de8bfd436f6a480cd6f360d849342fdc3beb9e3d541c4d4fac0f944d9f340f,22868,-7.4000015,111.0,78.0,25200,Asia/Jakarta,366,0,26.143,OK,,2026-10-02T16:20:41Z
core,sragen,2021,2021-01-01,2021-12-31,era5_seamless,https://archive-api.open-meteo.com/v1/archive?latitude=-7.3872&longitude=110.97751&start_date=2021-01-01&end_date=2021-12-31&daily=precipitation_sum%2Cprecipitation_hours%2Ctemperature_2m_mean%2Ctemperature_2m_max%2Ctemperature_2m_min%2Crelative_humidity_2m_mean%2Csunshine_duration%2Cet0_fao_evapotranspiration%2Csoil_moisture_7_to_28cm_mean&models=era5_seamless&temperature_unit=celsius&wind_speed_unit=ms&precipitation_unit=mm&timeformat=iso8601&timezone=Asia%2FJakarta&cell_selection=land,200,data/raw/openmeteo/core/sragen/2021.json,0035b5093c8b9d99c0bb2d1b74c97b672f0de2085a81a97127f2e72a89dd8588,22834,-7.4000015,111.0,78.0,25200,Asia/Jakarta,365,0,26.071,OK,,2026-10-02T16:20:42Z
core,sragen,2022,2022-01-01,2022-12-31,era5_seamless,https://archive-api.open-meteo.com/v1/archive?latitude=-7.3872&longitude=110.97751&start_date=2022-01-01&end_date=2022-12-31&daily=precipitation_sum%2Cprecipitation_hours%2Ctemperature_2m_mean%2Ctemperature_2m_max%2Ctemperature_2m_min%2Crelative_humidity_2m_mean%2Csunshine_duration%2Cet0_fao_evapotranspiration%2Csoil_moisture_7_to_28cm_mean&models=era5_seamless&temperature_unit=celsius&wind_speed_unit=ms&precipitation_unit=mm&timeformat=iso8601&timezone=Asia%2FJakarta&cell_selection=land,200,data/raw/openmeteo/core/sragen/2022.json,8381fcd771ee69df174195eea485f1ebf6d3a1273de5678b3e37154666a4fd64,22895,-7.4000015,111.0,78.0,25200,Asia/Jakarta,365,0,26.071,OK,,2026-10-02T16:20:44Z
core,sragen,2023,2023-01-01,2023-12-31,era5_seamless,https://archive-api.open-meteo.com/v1/archive?latitude=-7.3872&longitude=110.97751&start_date=2023-01-01&end_date=2023-12-31&daily=precipitation_sum%2Cprecipitation_hours%2Ctemperature_2m_mean%2Ctemperature_2m_max%2Ctemperature_2m_min%2Crelative_humidity_2m_mean%2Csunshine_duration%2Cet0_fao_evapotranspiration%2Csoil_moisture_7_to_28cm_mean&models=era5_seamless&temperature_unit=celsius&wind_speed_unit=ms&precipitation_unit=mm&timeformat=iso8601&timezone=Asia%2FJakarta&cell_selection=land,200,data/raw/openmeteo/core/sragen/2023.json,02f62352b735233460b1762cb7384cded33907ef2a88267c4d77fb3f398f5566,22783,-7.4000015,111.0,78.0,25200,Asia/Jakarta,365,0,26.071,OK,,2026-10-02T16:20:45Z
core,sragen,2024,2024-01-01,2024-12-31,era5_seamless,https://archive-api.open-meteo.com/v1/archive?latitude=-7.3872&longitude=110.97751&start_date=2024-01-01&end_date=2024-12-31&daily=precipitation_sum%2Cprecipitation_hours%2Ctemperature_2m_mean%2Ctemperature_2m_max%2Ctemperature_2m_min%2Crelative_humidity_2m_mean%2Csunshine_duration%2Cet0_fao_evapotranspiration%2Csoil_moisture_7_to_28cm_mean&models=era5_seamless&temperature_unit=celsius&wind_speed_unit=ms&precipitation_unit=mm&timeformat=iso8601&timezone=Asia%2FJakarta&cell_selection=land,200,data/raw/openmeteo/core/sragen/2024.json,e7734e322b8f764de9185c261a523526075e9551817b2c1cea323a842ae5eef6,22923,-7.4000015,111.0,78.0,25200,Asia/Jakarta,366,0,26.143,OK,,2026-10-02T16:20:46Z
core,sragen,2025,2025-01-01,2025-12-31,era5_seamless,https://archive-api.open-meteo.com/v1/archive?latitude=-7.3872&longitude=110.97751&start_date=2025-01-01&end_date=2025-12-31&daily=precipitation_sum%2Cprecipitation_hours%2Ctemperature_2m_mean%2Ctemperature_2m_max%2Ctemperature_2m_min%2Crelative_humidity_2m_mean%2Csunshine_duration%2Cet0_fao_evapotranspiration%2Csoil_moisture_7_to_28cm_mean&models=era5_seamless&temperature_unit=celsius&wind_speed_unit=ms&precipitation_unit=mm&timeformat=iso8601&timezone=Asia%2FJakarta&cell_selection=land,200,data/raw/openmeteo/core/sragen/2025.json,63e3b13247653a7e72455ae32aad95c581430ac3ff5ea339eaffc75df9689533,22882,-7.4000015,111.0,78.0,25200,Asia/Jakarta,365,0,26.071,OK,,2026-10-02T16:20:48Z
core,sragen,2026,2026-01-01,2026-09-30,era5_seamless,https://archive-api.open-meteo.com/v1/archive?latitude=-7.3872&longitude=110.97751&start_date=2026-01-01&end_date=2026-09-30&daily=precipitation_sum%2Cprecipitation_hours%2Ctemperature_2m_mean%2Ctemperature_2m_max%2Ctemperature_2m_min%2Crelative_humidity_2m_mean%2Csunshine_duration%2Cet0_fao_evapotranspiration%2Csoil_moisture_7_to_28cm_mean&models=era5_seamless&temperature_unit=celsius&wind_speed_unit=ms&precipitation_unit=mm&timeformat=iso8601&timezone=Asia%2FJakarta&cell_selection=land,200,data/raw/openmeteo/core/sragen/2026.json,fef5fdcaa0ec7674de5bff35fb58fba8028b10dc7c684fbdd584484455859cbf,17225,-7.4000015,111.0,78.0,25200,Asia/Jakarta,273,38,19.5,OK,,2026-10-02T16:20:50Z
core,cilacap,2018,2018-01-01,2018-12-31,era5_seamless,https://archive-api.open-meteo.com/v1/archive?latitude=-7.49089&longitude=108.89037&start_date=2018-01-01&end_date=2018-12-31&daily=precipitation_sum%2Cprecipitation_hours%2Ctemperature_2m_mean%2Ctemperature_2m_max%2Ctemperature_2m_min%2Crelative_humidity_2m_mean%2Csunshine_duration%2Cet0_fao_evapotranspiration%2Csoil_moisture_7_to_28cm_mean&models=era5_seamless&temperature_unit=celsius&wind_speed_unit=ms&precipitation_unit=mm&timeformat=iso8601&timezone=Asia%2FJakarta&cell_selection=land,200,data/raw/openmeteo/core/cilacap/2018.json,a8c4d92cae9a2814efbb8317186f5122fc561fd01425b2c37a6427c1871481b5,22843,-7.5,108.899994,21.0,25200,Asia/Jakarta,365,0,26.071,OK,,2026-10-02T16:21:23Z
core,cilacap,2019,2019-01-01,2019-12-31,era5_seamless,https://archive-api.open-meteo.com/v1/archive?latitude=-7.49089&longitude=108.89037&start_date=2019-01-01&end_date=2019-12-31&daily=precipitation_sum%2Cprecipitation_hours%2Ctemperature_2m_mean%2Ctemperature_2m_max%2Ctemperature_2m_min%2Crelative_humidity_2m_mean%2Csunshine_duration%2Cet0_fao_evapotranspiration%2Csoil_moisture_7_to_28cm_mean&models=era5_seamless&temperature_unit=celsius&wind_speed_unit=ms&precipitation_unit=mm&timeformat=iso8601&timezone=Asia%2FJakarta&cell_selection=land,200,data/raw/openmeteo/core/cilacap/2019.json,b5458fd74148ad0cff6d5cc1421eeb1c975df198dcdd6694835a1bfbb32731e2,22798,-7.5,108.899994,21.0,25200,Asia/Jakarta,365,0,26.071,OK,,2026-10-02T16:21:24Z
core,cilacap,2020,2020-01-01,2020-12-31,era5_seamless,https://archive-api.open-meteo.com/v1/archive?latitude=-7.49089&longitude=108.89037&start_date=2020-01-01&end_date=2020-12-31&daily=precipitation_sum%2Cprecipitation_hours%2Ctemperature_2m_mean%2Ctemperature_2m_max%2Ctemperature_2m_min%2Crelative_humidity_2m_mean%2Csunshine_duration%2Cet0_fao_evapotranspiration%2Csoil_moisture_7_to_28cm_mean&models=era5_seamless&temperature_unit=celsius&wind_speed_unit=ms&precipitation_unit=mm&timeformat=iso8601&timezone=Asia%2FJakarta&cell_selection=land,200,data/raw/openmeteo/core/cilacap/2020.json,53db6a1cee67a9d15ed23b070b98a3fd2f6cde4df73b2085ef57bd3297bc51a5,22978,-7.5,108.899994,21.0,25200,Asia/Jakarta,366,0,26.143,OK,,2026-10-02T16:21:26Z
core,cilacap,2021,2021-01-01,2021-12-31,era5_seamless,https://archive-api.open-meteo.com/v1/archive?latitude=-7.49089&longitude=108.89037&start_date=2021-01-01&end_date=2021-12-31&daily=precipitation_sum%2Cprecipitation_hours%2Ctemperature_2m_mean%2Ctemperature_2m_max%2Ctemperature_2m_min%2Crelative_humidity_2m_mean%2Csunshine_duration%2Cet0_fao_evapotranspiration%2Csoil_moisture_7_to_28cm_mean&models=era5_seamless&temperature_unit=celsius&wind_speed_unit=ms&precipitation_unit=mm&timeformat=iso8601&timezone=Asia%2FJakarta&cell_selection=land,200,data/raw/openmeteo/core/cilacap/2021.json,5078408e1bb94a0cef26f3a4d52384e61faed07b68a6abde5f5316afea5395e2,22890,-7.5,108.899994,21.0,25200,Asia/Jakarta,365,0,26.071,OK,,2026-10-02T16:21:27Z
core,cilacap,2022,2022-01-01,2022-12-31,era5_seamless,https://archive-api.open-meteo.com/v1/archive?latitude=-7.49089&longitude=108.89037&start_date=2022-01-01&end_date=2022-12-31&daily=precipitation_sum%2Cprecipitation_hours%2Ctemperature_2m_mean%2Ctemperature_2m_max%2Ctemperature_2m_min%2Crelative_humidity_2m_mean%2Csunshine_duration%2Cet0_fao_evapotranspiration%2Csoil_moisture_7_to_28cm_mean&models=era5_seamless&temperature_unit=celsius&wind_speed_unit=ms&precipitation_unit=mm&timeformat=iso8601&timezone=Asia%2FJakarta&cell_selection=land,200,data/raw/openmeteo/core/cilacap/2022.json,1430af3e29cc94cb5af844dff2b03bdd7851020cd6e8d28bc1bde9f0cc1cc38e,23003,-7.5,108.899994,21.0,25200,Asia/Jakarta,365,0,26.071,OK,,2026-10-02T16:21:31Z
core,cilacap,2023,2023-01-01,2023-12-31,era5_seamless,https://archive-api.open-meteo.com/v1/archive?latitude=-7.49089&longitude=108.89037&start_date=2023-01-01&end_date=2023-12-31&daily=precipitation_sum%2Cprecipitation_hours%2Ctemperature_2m_mean%2Ctemperature_2m_max%2Ctemperature_2m_min%2Crelative_humidity_2m_mean%2Csunshine_duration%2Cet0_fao_evapotranspiration%2Csoil_moisture_7_to_28cm_mean&models=era5_seamless&temperature_unit=celsius&wind_speed_unit=ms&precipitation_unit=mm&timeformat=iso8601&timezone=Asia%2FJakarta&cell_selection=land,200,data/raw/openmeteo/core/cilacap/2023.json,8c0e788f5506c060b3cb691c20196793f4d710d2434af64f7645138bc88f390c,22881,-7.5,108.899994,21.0,25200,Asia/Jakarta,365,0,26.071,OK,,2026-10-02T16:21:33Z
core,cilacap,2024,2024-01-01,2024-12-31,era5_seamless,https://archive-api.open-meteo.com/v1/archive?latitude=-7.49089&longitude=108.89037&start_date=2024-01-01&end_date=2024-12-31&daily=precipitation_sum%2Cprecipitation_hours%2Ctemperature_2m_mean%2Ctemperature_2m_max%2Ctemperature_2m_min%2Crelative_humidity_2m_mean%2Csunshine_duration%2Cet0_fao_evapotranspiration%2Csoil_moisture_7_to_28cm_mean&models=era5_seamless&temperature_unit=celsius&wind_speed_unit=ms&precipitation_unit=mm&timeformat=iso8601&timezone=Asia%2FJakarta&cell_selection=land,200,data/raw/openmeteo/core/cilacap/2024.json,0f1f14d866ee6d727246f89f8ff644e837671d06f1b4fad5ecd2d8e06d170c7c,22999,-7.5,108.899994,21.0,25200,Asia/Jakarta,366,0,26.143,OK,,2026-10-02T16:21:35Z
core,cilacap,2025,2025-01-01,2025-12-31,era5_seamless,https://archive-api.open-meteo.com/v1/archive?latitude=-7.49089&longitude=108.89037&start_date=2025-01-01&end_date=2025-12-31&daily=precipitation_sum%2Cprecipitation_hours%2Ctemperature_2m_mean%2Ctemperature_2m_max%2Ctemperature_2m_min%2Crelative_humidity_2m_mean%2Csunshine_duration%2Cet0_fao_evapotranspiration%2Csoil_moisture_7_to_28cm_mean&models=era5_seamless&temperature_unit=celsius&wind_speed_unit=ms&precipitation_unit=mm&timeformat=iso8601&timezone=Asia%2FJakarta&cell_selection=land,200,data/raw/openmeteo/core/cilacap/2025.json,e6109a0f17065f9538424745b23fa479b28c6d2b2c599840005407fd4b642a07,22975,-7.5,108.899994,21.0,25200,Asia/Jakarta,365,0,26.071,OK,,2026-10-02T16:21:37Z
core,cilacap,2026,2026-01-01,2026-09-30,era5_seamless,https://archive-api.open-meteo.com/v1/archive?latitude=-7.49089&longitude=108.89037&start_date=2026-01-01&end_date=2026-09-30&daily=precipitation_sum%2Cprecipitation_hours%2Ctemperature_2m_mean%2Ctemperature_2m_max%2Ctemperature_2m_min%2Crelative_humidity_2m_mean%2Csunshine_duration%2Cet0_fao_evapotranspiration%2Csoil_moisture_7_to_28cm_mean&models=era5_seamless&temperature_unit=celsius&wind_speed_unit=ms&precipitation_unit=mm&timeformat=iso8601&timezone=Asia%2FJakarta&cell_selection=land,200,data/raw/openmeteo/core/cilacap/2026.json,6ccdd1ad3dfcf693689dbc800e4ab73882a2e472c7cf6adb4de970e6488424f6,17255,-7.5,108.899994,21.0,25200,Asia/Jakarta,273,38,19.5,OK,,2026-10-02T16:21:38Z
core,sukoharjo,2018,2018-01-01,2018-12-31,era5_seamless,https://archive-api.open-meteo.com/v1/archive?latitude=-7.6808&longitude=110.83464&start_date=2018-01-01&end_date=2018-12-31&daily=precipitation_sum%2Cprecipitation_hours%2Ctemperature_2m_mean%2Ctemperature_2m_max%2Ctemperature_2m_min%2Crelative_humidity_2m_mean%2Csunshine_duration%2Cet0_fao_evapotranspiration%2Csoil_moisture_7_to_28cm_mean&models=era5_seamless&temperature_unit=celsius&wind_speed_unit=ms&precipitation_unit=mm&timeformat=iso8601&timezone=Asia%2FJakarta&cell_selection=land,200,data/raw/openmeteo/core/sukoharjo/2018.json,fee1636d876a67880eace7d8b7b28cd660d6999b20065cf2f2bc67319963aea3,22764,-7.699997,110.80002,99.0,25200,Asia/Jakarta,365,0,26.071,OK,,2026-10-02T16:21:39Z
core,sukoharjo,2019,2019-01-01,2019-12-31,era5_seamless,https://archive-api.open-meteo.com/v1/archive?latitude=-7.6808&longitude=110.83464&start_date=2019-01-01&end_date=2019-12-31&daily=precipitation_sum%2Cprecipitation_hours%2Ctemperature_2m_mean%2Ctemperature_2m_max%2Ctemperature_2m_min%2Crelative_humidity_2m_mean%2Csunshine_duration%2Cet0_fao_evapotranspiration%2Csoil_moisture_7_to_28cm_mean&models=era5_seamless&temperature_unit=celsius&wind_speed_unit=ms&precipitation_unit=mm&timeformat=iso8601&timezone=Asia%2FJakarta&cell_selection=land,200,data/raw/openmeteo/core/sukoharjo/2019.json,876b9902faa8d1a3f6ba71fe500055a6b5ef32f248fe76946c5401f6e9393bb8,22765,-7.699997,110.80002,99.0,25200,Asia/Jakarta,365,0,26.071,OK,,2026-10-02T16:21:41Z
core,sukoharjo,2020,2020-01-01,2020-12-31,era5_seamless,https://archive-api.open-meteo.com/v1/archive?latitude=-7.6808&longitude=110.83464&start_date=2020-01-01&end_date=2020-12-31&daily=precipitation_sum%2Cprecipitation_hours%2Ctemperature_2m_mean%2Ctemperature_2m_max%2Ctemperature_2m_min%2Crelative_humidity_2m_mean%2Csunshine_duration%2Cet0_fao_evapotranspiration%2Csoil_moisture_7_to_28cm_mean&models=era5_seamless&temperature_unit=celsius&wind_speed_unit=ms&precipitation_unit=mm&timeformat=iso8601&timezone=Asia%2FJakarta&cell_selection=land,200,data/raw/openmeteo/core/sukoharjo/2020.json,e3bea385aca0ade292dbd0bd2a75e9ab1add31fdd41dd1507214954ccac872fe,22886,-7.699997,110.80002,99.0,25200,Asia/Jakarta,366,0,26.143,OK,,2026-10-02T16:21:42Z
core,sukoharjo,2021,2021-01-01,2021-12-31,era5_seamless,https://archive-api.open-meteo.com/v1/archive?latitude=-7.6808&longitude=110.83464&start_date=2021-01-01&end_date=2021-12-31&daily=precipitation_sum%2Cprecipitation_hours%2Ctemperature_2m_mean%2Ctemperature_2m_max%2Ctemperature_2m_min%2Crelative_humidity_2m_mean%2Csunshine_duration%2Cet0_fao_evapotranspiration%2Csoil_moisture_7_to_28cm_mean&models=era5_seamless&temperature_unit=celsius&wind_speed_unit=ms&precipitation_unit=mm&timeformat=iso8601&timezone=Asia%2FJakarta&cell_selection=land,200,data/raw/openmeteo/core/sukoharjo/2021.json,7564e7a950381582ed89de7ff5f00215d2c33d4a56fee35593a6e8487c499ce8,22820,-7.699997,110.80002,99.0,25200,Asia/Jakarta,365,0,26.071,OK,,2026-10-02T16:21:43Z
core,sukoharjo,2022,2022-01-01,2022-12-31,era5_seamless,https://archive-api.open-meteo.com/v1/archive?latitude=-7.6808&longitude=110.83464&start_date=2022-01-01&end_date=2022-12-31&daily=precipitation_sum%2Cprecipitation_hours%2Ctemperature_2m_mean%2Ctemperature_2m_max%2Ctemperature_2m_min%2Crelative_humidity_2m_mean%2Csunshine_duration%2Cet0_fao_evapotranspiration%2Csoil_moisture_7_to_28cm_mean&models=era5_seamless&temperature_unit=celsius&wind_speed_unit=ms&precipitation_unit=mm&timeformat=iso8601&timezone=Asia%2FJakarta&cell_selection=land,200,data/raw/openmeteo/core/sukoharjo/2022.json,20960d102a3d15088d386fcba63035428c97120b3e98d453d6b350fee6be3a7b,22892,-7.699997,110.80002,99.0,25200,Asia/Jakarta,365,0,26.071,OK,,2026-10-02T17:13:45Z
core,sukoharjo,2023,2023-01-01,2023-12-31,era5_seamless,https://archive-api.open-meteo.com/v1/archive?latitude=-7.6808&longitude=110.83464&start_date=2023-01-01&end_date=2023-12-31&daily=precipitation_sum%2Cprecipitation_hours%2Ctemperature_2m_mean%2Ctemperature_2m_max%2Ctemperature_2m_min%2Crelative_humidity_2m_mean%2Csunshine_duration%2Cet0_fao_evapotranspiration%2Csoil_moisture_7_to_28cm_mean&models=era5_seamless&temperature_unit=celsius&wind_speed_unit=ms&precipitation_unit=mm&timeformat=iso8601&timezone=Asia%2FJakarta&cell_selection=land,200,data/raw/openmeteo/core/sukoharjo/2023.json,f37893d0dfee8f2bc37153a3985d4d68c48fb606cb238533418c37aed2d4b4a3,22782,-7.699997,110.80002,99.0,25200,Asia/Jakarta,365,0,26.071,OK,,2026-10-02T17:13:47Z
core,sukoharjo,2024,2024-01-01,2024-12-31,era5_seamless,https://archive-api.open-meteo.com/v1/archive?latitude=-7.6808&longitude=110.83464&start_date=2024-01-01&end_date=2024-12-31&daily=precipitation_sum%2Cprecipitation_hours%2Ctemperature_2m_mean%2Ctemperature_2m_max%2Ctemperature_2m_min%2Crelative_humidity_2m_mean%2Csunshine_duration%2Cet0_fao_evapotranspiration%2Csoil_moisture_7_to_28cm_mean&models=era5_seamless&temperature_unit=celsius&wind_speed_unit=ms&precipitation_unit=mm&timeformat=iso8601&timezone=Asia%2FJakarta&cell_selection=land,200,data/raw/openmeteo/core/sukoharjo/2024.json,fc8efdd1ef3bd0514f208b1013af2c3b7c4ded0d204e3f4190be17da52a1be34,22929,-7.699997,110.80002,99.0,25200,Asia/Jakarta,366,0,26.143,OK,,2026-10-02T17:13:48Z
core,sukoharjo,2025,2025-01-01,2025-12-31,era5_seamless,https://archive-api.open-meteo.com/v1/archive?latitude=-7.6808&longitude=110.83464&start_date=2025-01-01&end_date=2025-12-31&daily=precipitation_sum%2Cprecipitation_hours%2Ctemperature_2m_mean%2Ctemperature_2m_max%2Ctemperature_2m_min%2Crelative_humidity_2m_mean%2Csunshine_duration%2Cet0_fao_evapotranspiration%2Csoil_moisture_7_to_28cm_mean&models=era5_seamless&temperature_unit=celsius&wind_speed_unit=ms&precipitation_unit=mm&timeformat=iso8601&timezone=Asia%2FJakarta&cell_selection=land,200,data/raw/openmeteo/core/sukoharjo/2025.json,1a126985e32e8ec127d535da24f06014497cd2e0f96a300a1ffb022e32516b9e,22887,-7.699997,110.80002,99.0,25200,Asia/Jakarta,365,0,26.071,OK,,2026-10-02T17:13:50Z
core,sukoharjo,2026,2026-01-01,2026-09-30,era5_seamless,https://archive-api.open-meteo.com/v1/archive?latitude=-7.6808&longitude=110.83464&start_date=2026-01-01&end_date=2026-09-30&daily=precipitation_sum%2Cprecipitation_hours%2Ctemperature_2m_mean%2Ctemperature_2m_max%2Ctemperature_2m_min%2Crelative_humidity_2m_mean%2Csunshine_duration%2Cet0_fao_evapotranspiration%2Csoil_moisture_7_to_28cm_mean&models=era5_seamless&temperature_unit=celsius&wind_speed_unit=ms&precipitation_unit=mm&timeformat=iso8601&timezone=Asia%2FJakarta&cell_selection=land,200,data/raw/openmeteo/core/sukoharjo/2026.json,f7a2850cafb9b5685f23d6a51913578c28e58f9d87f74ce8afd565ecab120007,17224,-7.699997,110.80002,99.0,25200,Asia/Jakarta,273,38,19.5,OK,,2026-10-02T17:13:51Z
reserve,garut,2018,2018-01-01,2018-12-31,era5_seamless,https://archive-api.open-meteo.com/v1/archive?latitude=-7.35951&longitude=107.78883&start_date=2018-01-01&end_date=2018-12-31&daily=relative_humidity_2m_max%2Crelative_humidity_2m_min%2Cvapour_pressure_deficit_max%2Cshortwave_radiation_sum%2Ccloud_cover_mean%2Cwind_speed_10m_max%2Cwind_speed_10m_mean%2Csoil_moisture_0_to_7cm_mean%2Csoil_moisture_28_to_100cm_mean%2Csoil_temperature_0_to_7cm_mean%2Crain_sum&models=era5_seamless&temperature_unit=celsius&wind_speed_unit=ms&precipitation_unit=mm&timeformat=iso8601&timezone=Asia%2FJakarta&cell_selection=land,200,data/raw/openmeteo/reserve/garut/2018.json,5a11439acc0a56e1619d6e8f0ee55b042e8da738010a7cd67b7a4ffddd25e0c2,24738,-7.4000015,107.80002,1252.0,25200,Asia/Jakarta,365,0,28.679,OK,,2026-10-02T17:13:53Z
reserve,garut,2019,2019-01-01,2019-12-31,era5_seamless,https://archive-api.open-meteo.com/v1/archive?latitude=-7.35951&longitude=107.78883&start_date=2019-01-01&end_date=2019-12-31&daily=relative_humidity_2m_max%2Crelative_humidity_2m_min%2Cvapour_pressure_deficit_max%2Cshortwave_radiation_sum%2Ccloud_cover_mean%2Cwind_speed_10m_max%2Cwind_speed_10m_mean%2Csoil_moisture_0_to_7cm_mean%2Csoil_moisture_28_to_100cm_mean%2Csoil_temperature_0_to_7cm_mean%2Crain_sum&models=era5_seamless&temperature_unit=celsius&wind_speed_unit=ms&precipitation_unit=mm&timeformat=iso8601&timezone=Asia%2FJakarta&cell_selection=land,200,data/raw/openmeteo/reserve/garut/2019.json,b7ec663adc6488cd461bf0052ccb128c5bf73206a0069eae2dc0d19b2659a387,24735,-7.4000015,107.80002,1252.0,25200,Asia/Jakarta,365,0,28.679,OK,,2026-10-02T17:13:54Z
reserve,garut,2020,2020-01-01,2020-12-31,era5_seamless,https://archive-api.open-meteo.com/v1/archive?latitude=-7.35951&longitude=107.78883&start_date=2020-01-01&end_date=2020-12-31&daily=relative_humidity_2m_max%2Crelative_humidity_2m_min%2Cvapour_pressure_deficit_max%2Cshortwave_radiation_sum%2Ccloud_cover_mean%2Cwind_speed_10m_max%2Cwind_speed_10m_mean%2Csoil_moisture_0_to_7cm_mean%2Csoil_moisture_28_to_100cm_mean%2Csoil_temperature_0_to_7cm_mean%2Crain_sum&models=era5_seamless&temperature_unit=celsius&wind_speed_unit=ms&precipitation_unit=mm&timeformat=iso8601&timezone=Asia%2FJakarta&cell_selection=land,200,data/raw/openmeteo/reserve/garut/2020.json,bce83ec5b8238255a6f7b6fb48d181b86ed2661986c7ca981101e29e73b5a3fd,24847,-7.4000015,107.80002,1252.0,25200,Asia/Jakarta,366,0,28.757,OK,,2026-10-02T17:13:55Z
reserve,garut,2021,2021-01-01,2021-12-31,era5_seamless,https://archive-api.open-meteo.com/v1/archive?latitude=-7.35951&longitude=107.78883&start_date=2021-01-01&end_date=2021-12-31&daily=relative_humidity_2m_max%2Crelative_humidity_2m_min%2Cvapour_pressure_deficit_max%2Cshortwave_radiation_sum%2Ccloud_cover_mean%2Cwind_speed_10m_max%2Cwind_speed_10m_mean%2Csoil_moisture_0_to_7cm_mean%2Csoil_moisture_28_to_100cm_mean%2Csoil_temperature_0_to_7cm_mean%2Crain_sum&models=era5_seamless&temperature_unit=celsius&wind_speed_unit=ms&precipitation_unit=mm&timeformat=iso8601&timezone=Asia%2FJakarta&cell_selection=land,200,data/raw/openmeteo/reserve/garut/2021.json,dd4fc51e696fb8ecdeda246378ac1206f6511bc689d5b215e65bf9d25ba22a79,24779,-7.4000015,107.80002,1252.0,25200,Asia/Jakarta,365,0,28.679,OK,,2026-10-02T17:13:57Z
reserve,garut,2022,2022-01-01,2022-12-31,era5_seamless,https://archive-api.open-meteo.com/v1/archive?latitude=-7.35951&longitude=107.78883&start_date=2022-01-01&end_date=2022-12-31&daily=relative_humidity_2m_max%2Crelative_humidity_2m_min%2Cvapour_pressure_deficit_max%2Cshortwave_radiation_sum%2Ccloud_cover_mean%2Cwind_speed_10m_max%2Cwind_speed_10m_mean%2Csoil_moisture_0_to_7cm_mean%2Csoil_moisture_28_to_100cm_mean%2Csoil_temperature_0_to_7cm_mean%2Crain_sum&models=era5_seamless&temperature_unit=celsius&wind_speed_unit=ms&precipitation_unit=mm&timeformat=iso8601&timezone=Asia%2FJakarta&cell_selection=land,200,data/raw/openmeteo/reserve/garut/2022.json,524a44099e045c559556df61d83db68dc9407f7a176681bfc8c3c4482cd0b873,24806,-7.4000015,107.80002,1252.0,25200,Asia/Jakarta,365,0,28.679,OK,,2026-10-02T17:13:59Z
reserve,garut,2023,2023-01-01,2023-12-31,era5_seamless,https://archive-api.open-meteo.com/v1/archive?latitude=-7.35951&longitude=107.78883&start_date=2023-01-01&end_date=2023-12-31&daily=relative_humidity_2m_max%2Crelative_humidity_2m_min%2Cvapour_pressure_deficit_max%2Cshortwave_radiation_sum%2Ccloud_cover_mean%2Cwind_speed_10m_max%2Cwind_speed_10m_mean%2Csoil_moisture_0_to_7cm_mean%2Csoil_moisture_28_to_100cm_mean%2Csoil_temperature_0_to_7cm_mean%2Crain_sum&models=era5_seamless&temperature_unit=celsius&wind_speed_unit=ms&precipitation_unit=mm&timeformat=iso8601&timezone=Asia%2FJakarta&cell_selection=land,200,data/raw/openmeteo/reserve/garut/2023.json,6764097e4f5cf601ad9d50208bbbbdaf07f555f9046b196af46bddac024c0125,24726,-7.4000015,107.80002,1252.0,25200,Asia/Jakarta,365,0,28.679,OK,,2026-10-02T17:14:01Z
reserve,garut,2024,2024-01-01,2024-12-31,era5_seamless,https://archive-api.open-meteo.com/v1/archive?latitude=-7.35951&longitude=107.78883&start_date=2024-01-01&end_date=2024-12-31&daily=relative_humidity_2m_max%2Crelative_humidity_2m_min%2Cvapour_pressure_deficit_max%2Cshortwave_radiation_sum%2Ccloud_cover_mean%2Cwind_speed_10m_max%2Cwind_speed_10m_mean%2Csoil_moisture_0_to_7cm_mean%2Csoil_moisture_28_to_100cm_mean%2Csoil_temperature_0_to_7cm_mean%2Crain_sum&models=era5_seamless&temperature_unit=celsius&wind_speed_unit=ms&precipitation_unit=mm&timeformat=iso8601&timezone=Asia%2FJakarta&cell_selection=land,200,data/raw/openmeteo/reserve/garut/2024.json,e3089bc0364bc5a171f0506d7b694d2da44b4eba9012461708c0456999ca42a0,24843,-7.4000015,107.80002,1252.0,25200,Asia/Jakarta,366,0,28.757,OK,,2026-10-02T17:14:04Z
reserve,garut,2025,2025-01-01,2025-12-31,era5_seamless,https://archive-api.open-meteo.com/v1/archive?latitude=-7.35951&longitude=107.78883&start_date=2025-01-01&end_date=2025-12-31&daily=relative_humidity_2m_max%2Crelative_humidity_2m_min%2Cvapour_pressure_deficit_max%2Cshortwave_radiation_sum%2Ccloud_cover_mean%2Cwind_speed_10m_max%2Cwind_speed_10m_mean%2Csoil_moisture_0_to_7cm_mean%2Csoil_moisture_28_to_100cm_mean%2Csoil_temperature_0_to_7cm_mean%2Crain_sum&models=era5_seamless&temperature_unit=celsius&wind_speed_unit=ms&precipitation_unit=mm&timeformat=iso8601&timezone=Asia%2FJakarta&cell_selection=land,200,data/raw/openmeteo/reserve/garut/2025.json,cea7da0d501639adb6b8ae7ed8e0082026bfd1acaa01d3da7b47af5ef20d79cc,24806,-7.4000015,107.80002,1252.0,25200,Asia/Jakarta,365,0,28.679,OK,,2026-10-02T17:14:07Z
reserve,garut,2026,2026-01-01,2026-09-30,era5_seamless,https://archive-api.open-meteo.com/v1/archive?latitude=-7.35951&longitude=107.78883&start_date=2026-01-01&end_date=2026-09-30&daily=relative_humidity_2m_max%2Crelative_humidity_2m_min%2Cvapour_pressure_deficit_max%2Cshortwave_radiation_sum%2Ccloud_cover_mean%2Cwind_speed_10m_max%2Cwind_speed_10m_mean%2Csoil_moisture_0_to_7cm_mean%2Csoil_moisture_28_to_100cm_mean%2Csoil_temperature_0_to_7cm_mean%2Crain_sum&models=era5_seamless&temperature_unit=celsius&wind_speed_unit=ms&precipitation_unit=mm&timeformat=iso8601&timezone=Asia%2FJakarta&cell_selection=land,200,data/raw/openmeteo/reserve/garut/2026.json,5e000d29e071f473d70cc869f545b671201056f1b1b01a3e2bb56cff08cd91b7,18735,-7.4000015,107.80002,1252.0,25200,Asia/Jakarta,273,53,21.45,OK,,2026-10-02T17:14:09Z
reserve,cianjur,2018,2018-01-01,2018-12-31,era5_seamless,https://archive-api.open-meteo.com/v1/archive?latitude=-7.13358&longitude=107.15776&start_date=2018-01-01&end_date=2018-12-31&daily=relative_humidity_2m_max%2Crelative_humidity_2m_min%2Cvapour_pressure_deficit_max%2Cshortwave_radiation_sum%2Ccloud_cover_mean%2Cwind_speed_10m_max%2Cwind_speed_10m_mean%2Csoil_moisture_0_to_7cm_mean%2Csoil_moisture_28_to_100cm_mean%2Csoil_temperature_0_to_7cm_mean%2Crain_sum&models=era5_seamless&temperature_unit=celsius&wind_speed_unit=ms&precipitation_unit=mm&timeformat=iso8601&timezone=Asia%2FJakarta&cell_selection=land,200,data/raw/openmeteo/reserve/cianjur/2018.json,727894be618a29bd5ac24e2e877e3df86d456e1213bd783b4d469d2eb559208e,24784,-7.0999985,107.20001,726.0,25200,Asia/Jakarta,365,0,28.679,OK,,2026-10-02T17:14:10Z
reserve,cianjur,2019,2019-01-01,2019-12-31,era5_seamless,https://archive-api.open-meteo.com/v1/archive?latitude=-7.13358&longitude=107.15776&start_date=2019-01-01&end_date=2019-12-31&daily=relative_humidity_2m_max%2Crelative_humidity_2m_min%2Cvapour_pressure_deficit_max%2Cshortwave_radiation_sum%2Ccloud_cover_mean%2Cwind_speed_10m_max%2Cwind_speed_10m_mean%2Csoil_moisture_0_to_7cm_mean%2Csoil_moisture_28_to_100cm_mean%2Csoil_temperature_0_to_7cm_mean%2Crain_sum&models=era5_seamless&temperature_unit=celsius&wind_speed_unit=ms&precipitation_unit=mm&timeformat=iso8601&timezone=Asia%2FJakarta&cell_selection=land,200,data/raw/openmeteo/reserve/cianjur/2019.json,d839d290a674cb429a180eeb758086870b5aa4847ef32d926200786a0403880e,24758,-7.0999985,107.20001,726.0,25200,Asia/Jakarta,365,0,28.679,OK,,2026-10-02T17:14:11Z
reserve,cianjur,2020,2020-01-01,2020-12-31,era5_seamless,https://archive-api.open-meteo.com/v1/archive?latitude=-7.13358&longitude=107.15776&start_date=2020-01-01&end_date=2020-12-31&daily=relative_humidity_2m_max%2Crelative_humidity_2m_min%2Cvapour_pressure_deficit_max%2Cshortwave_radiation_sum%2Ccloud_cover_mean%2Cwind_speed_10m_max%2Cwind_speed_10m_mean%2Csoil_moisture_0_to_7cm_mean%2Csoil_moisture_28_to_100cm_mean%2Csoil_temperature_0_to_7cm_mean%2Crain_sum&models=era5_seamless&temperature_unit=celsius&wind_speed_unit=ms&precipitation_unit=mm&timeformat=iso8601&timezone=Asia%2FJakarta&cell_selection=land,200,data/raw/openmeteo/reserve/cianjur/2020.json,2b32f800ed706b590484aecdd6e7a1d1610ca8606c833607ee878f0115a58e4a,24904,-7.0999985,107.20001,726.0,25200,Asia/Jakarta,366,0,28.757,OK,,2026-10-02T17:14:35Z
reserve,cianjur,2021,2021-01-01,2021-12-31,era5_seamless,https://archive-api.open-meteo.com/v1/archive?latitude=-7.13358&longitude=107.15776&start_date=2021-01-01&end_date=2021-12-31&daily=relative_humidity_2m_max%2Crelative_humidity_2m_min%2Cvapour_pressure_deficit_max%2Cshortwave_radiation_sum%2Ccloud_cover_mean%2Cwind_speed_10m_max%2Cwind_speed_10m_mean%2Csoil_moisture_0_to_7cm_mean%2Csoil_moisture_28_to_100cm_mean%2Csoil_temperature_0_to_7cm_mean%2Crain_sum&models=era5_seamless&temperature_unit=celsius&wind_speed_unit=ms&precipitation_unit=mm&timeformat=iso8601&timezone=Asia%2FJakarta&cell_selection=land,200,data/raw/openmeteo/reserve/cianjur/2021.json,0b78864435f849a369c3dcf2d334bda63d657c7bcfca9a68336cd70354ec52d7,24829,-7.0999985,107.20001,726.0,25200,Asia/Jakarta,365,0,28.679,OK,,2026-10-02T17:14:46Z
reserve,cianjur,2022,2022-01-01,2022-12-31,era5_seamless,https://archive-api.open-meteo.com/v1/archive?latitude=-7.13358&longitude=107.15776&start_date=2022-01-01&end_date=2022-12-31&daily=relative_humidity_2m_max%2Crelative_humidity_2m_min%2Cvapour_pressure_deficit_max%2Cshortwave_radiation_sum%2Ccloud_cover_mean%2Cwind_speed_10m_max%2Cwind_speed_10m_mean%2Csoil_moisture_0_to_7cm_mean%2Csoil_moisture_28_to_100cm_mean%2Csoil_temperature_0_to_7cm_mean%2Crain_sum&models=era5_seamless&temperature_unit=celsius&wind_speed_unit=ms&precipitation_unit=mm&timeformat=iso8601&timezone=Asia%2FJakarta&cell_selection=land,200,data/raw/openmeteo/reserve/cianjur/2022.json,47c8a9d770bf66a762e4c0b776d6691a426eab0d0fe004e43ac1cbc2370049f5,24845,-7.0999985,107.20001,726.0,25200,Asia/Jakarta,365,0,28.679,OK,,2026-10-02T17:14:48Z
reserve,cianjur,2023,2023-01-01,2023-12-31,era5_seamless,https://archive-api.open-meteo.com/v1/archive?latitude=-7.13358&longitude=107.15776&start_date=2023-01-01&end_date=2023-12-31&daily=relative_humidity_2m_max%2Crelative_humidity_2m_min%2Cvapour_pressure_deficit_max%2Cshortwave_radiation_sum%2Ccloud_cover_mean%2Cwind_speed_10m_max%2Cwind_speed_10m_mean%2Csoil_moisture_0_to_7cm_mean%2Csoil_moisture_28_to_100cm_mean%2Csoil_temperature_0_to_7cm_mean%2Crain_sum&models=era5_seamless&temperature_unit=celsius&wind_speed_unit=ms&precipitation_unit=mm&timeformat=iso8601&timezone=Asia%2FJakarta&cell_selection=land,200,data/raw/openmeteo/reserve/cianjur/2023.json,28e08eb83bbbc713f6b2ab73f830b803694469698bb0f70ced2e8338b18e7037,24746,-7.0999985,107.20001,726.0,25200,Asia/Jakarta,365,0,28.679,OK,,2026-10-02T17:14:50Z
reserve,cianjur,2024,2024-01-01,2024-12-31,era5_seamless,https://archive-api.open-meteo.com/v1/archive?latitude=-7.13358&longitude=107.15776&start_date=2024-01-01&end_date=2024-12-31&daily=relative_humidity_2m_max%2Crelative_humidity_2m_min%2Cvapour_pressure_deficit_max%2Cshortwave_radiation_sum%2Ccloud_cover_mean%2Cwind_speed_10m_max%2Cwind_speed_10m_mean%2Csoil_moisture_0_to_7cm_mean%2Csoil_moisture_28_to_100cm_mean%2Csoil_temperature_0_to_7cm_mean%2Crain_sum&models=era5_seamless&temperature_unit=celsius&wind_speed_unit=ms&precipitation_unit=mm&timeformat=iso8601&timezone=Asia%2FJakarta&cell_selection=land,200,data/raw/openmeteo/reserve/cianjur/2024.json,64b0440f7b8fa729a4019a50cfbb8991037630e4b4ca9d44c31f8ad1f40a9c8c,24886,-7.0999985,107.20001,726.0,25200,Asia/Jakarta,366,0,28.757,OK,,2026-10-02T17:14:52Z
reserve,cianjur,2025,2025-01-01,2025-12-31,era5_seamless,https://archive-api.open-meteo.com/v1/archive?latitude=-7.13358&longitude=107.15776&start_date=2025-01-01&end_date=2025-12-31&daily=relative_humidity_2m_max%2Crelative_humidity_2m_min%2Cvapour_pressure_deficit_max%2Cshortwave_radiation_sum%2Ccloud_cover_mean%2Cwind_speed_10m_max%2Cwind_speed_10m_mean%2Csoil_moisture_0_to_7cm_mean%2Csoil_moisture_28_to_100cm_mean%2Csoil_temperature_0_to_7cm_mean%2Crain_sum&models=era5_seamless&temperature_unit=celsius&wind_speed_unit=ms&precipitation_unit=mm&timeformat=iso8601&timezone=Asia%2FJakarta&cell_selection=land,200,data/raw/openmeteo/reserve/cianjur/2025.json,326a2d7b85001e7871f9adc4117423157ed4b832da313a4c3d59fa5e6d73d30d,24841,-7.0999985,107.20001,726.0,25200,Asia/Jakarta,365,0,28.679,OK,,2026-10-02T17:14:54Z
reserve,cianjur,2026,2026-01-01,2026-09-30,era5_seamless,https://archive-api.open-meteo.com/v1/archive?latitude=-7.13358&longitude=107.15776&start_date=2026-01-01&end_date=2026-09-30&daily=relative_humidity_2m_max%2Crelative_humidity_2m_min%2Cvapour_pressure_deficit_max%2Cshortwave_radiation_sum%2Ccloud_cover_mean%2Cwind_speed_10m_max%2Cwind_speed_10m_mean%2Csoil_moisture_0_to_7cm_mean%2Csoil_moisture_28_to_100cm_mean%2Csoil_temperature_0_to_7cm_mean%2Crain_sum&models=era5_seamless&temperature_unit=celsius&wind_speed_unit=ms&precipitation_unit=mm&timeformat=iso8601&timezone=Asia%2FJakarta&cell_selection=land,200,data/raw/openmeteo/reserve/cianjur/2026.json,63e5b965c41a4d45882a0851efabb84f1e3da2b8b0b157821595b44a5dc89f1d,18740,-7.0999985,107.20001,726.0,25200,Asia/Jakarta,273,53,21.45,OK,,2026-10-02T17:14:56Z
reserve,bandung_barat,2018,2018-01-01,2018-12-31,era5_seamless,https://archive-api.open-meteo.com/v1/archive?latitude=-6.89711&longitude=107.41495&start_date=2018-01-01&end_date=2018-12-31&daily=relative_humidity_2m_max%2Crelative_humidity_2m_min%2Cvapour_pressure_deficit_max%2Cshortwave_radiation_sum%2Ccloud_cover_mean%2Cwind_speed_10m_max%2Cwind_speed_10m_mean%2Csoil_moisture_0_to_7cm_mean%2Csoil_moisture_28_to_100cm_mean%2Csoil_temperature_0_to_7cm_mean%2Crain_sum&models=era5_seamless&temperature_unit=celsius&wind_speed_unit=ms&precipitation_unit=mm&timeformat=iso8601&timezone=Asia%2FJakarta&cell_selection=land,200,data/raw/openmeteo/reserve/bandung_barat/2018.json,db3434d732a003096ea9f7e76008a385aa64d5b52d056e5f3bce76dfd17d3e8f,24774,-6.9000015,107.399994,662.0,25200,Asia/Jakarta,365,0,28.679,OK,,2026-10-02T17:14:57Z
reserve,bandung_barat,2019,2019-01-01,2019-12-31,era5_seamless,https://archive-api.open-meteo.com/v1/archive?latitude=-6.89711&longitude=107.41495&start_date=2019-01-01&end_date=2019-12-31&daily=relative_humidity_2m_max%2Crelative_humidity_2m_min%2Cvapour_pressure_deficit_max%2Cshortwave_radiation_sum%2Ccloud_cover_mean%2Cwind_speed_10m_max%2Cwind_speed_10m_mean%2Csoil_moisture_0_to_7cm_mean%2Csoil_moisture_28_to_100cm_mean%2Csoil_temperature_0_to_7cm_mean%2Crain_sum&models=era5_seamless&temperature_unit=celsius&wind_speed_unit=ms&precipitation_unit=mm&timeformat=iso8601&timezone=Asia%2FJakarta&cell_selection=land,200,data/raw/openmeteo/reserve/bandung_barat/2019.json,419c9ac09745e74eb9e15e5eaeb483cc74b828e62d7b7e9986b3d862489834cf,24768,-6.9000015,107.399994,662.0,25200,Asia/Jakarta,365,0,28.679,OK,,2026-10-02T17:14:59Z
reserve,bandung_barat,2020,2020-01-01,2020-12-31,era5_seamless,https://archive-api.open-meteo.com/v1/archive?latitude=-6.89711&longitude=107.41495&start_date=2020-01-01&end_date=2020-12-31&daily=relative_humidity_2m_max%2Crelative_humidity_2m_min%2Cvapour_pressure_deficit_max%2Cshortwave_radiation_sum%2Ccloud_cover_mean%2Cwind_speed_10m_max%2Cwind_speed_10m_mean%2Csoil_moisture_0_to_7cm_mean%2Csoil_moisture_28_to_100cm_mean%2Csoil_temperature_0_to_7cm_mean%2Crain_sum&models=era5_seamless&temperature_unit=celsius&wind_speed_unit=ms&precipitation_unit=mm&timeformat=iso8601&timezone=Asia%2FJakarta&cell_selection=land,200,data/raw/openmeteo/reserve/bandung_barat/2020.json,86ad01510ee7fc13c7423d8dfdd0178d29e18c0f59722fd527661dacc4d6cbb1,24875,-6.9000015,107.399994,662.0,25200,Asia/Jakarta,366,0,28.757,OK,,2026-10-02T17:15:00Z
reserve,bandung_barat,2021,2021-01-01,2021-12-31,era5_seamless,https://archive-api.open-meteo.com/v1/archive?latitude=-6.89711&longitude=107.41495&start_date=2021-01-01&end_date=2021-12-31&daily=relative_humidity_2m_max%2Crelative_humidity_2m_min%2Cvapour_pressure_deficit_max%2Cshortwave_radiation_sum%2Ccloud_cover_mean%2Cwind_speed_10m_max%2Cwind_speed_10m_mean%2Csoil_moisture_0_to_7cm_mean%2Csoil_moisture_28_to_100cm_mean%2Csoil_temperature_0_to_7cm_mean%2Crain_sum&models=era5_seamless&temperature_unit=celsius&wind_speed_unit=ms&precipitation_unit=mm&timeformat=iso8601&timezone=Asia%2FJakarta&cell_selection=land,200,data/raw/openmeteo/reserve/bandung_barat/2021.json,b33cfc7bc1005703ce5d4360b993d81c1f8807e97d1227fc8afedacc51ebf8cf,24798,-6.9000015,107.399994,662.0,25200,Asia/Jakarta,365,0,28.679,OK,,2026-10-02T17:15:01Z
reserve,bandung_barat,2022,2022-01-01,2022-12-31,era5_seamless,https://archive-api.open-meteo.com/v1/archive?latitude=-6.89711&longitude=107.41495&start_date=2022-01-01&end_date=2022-12-31&daily=relative_humidity_2m_max%2Crelative_humidity_2m_min%2Cvapour_pressure_deficit_max%2Cshortwave_radiation_sum%2Ccloud_cover_mean%2Cwind_speed_10m_max%2Cwind_speed_10m_mean%2Csoil_moisture_0_to_7cm_mean%2Csoil_moisture_28_to_100cm_mean%2Csoil_temperature_0_to_7cm_mean%2Crain_sum&models=era5_seamless&temperature_unit=celsius&wind_speed_unit=ms&precipitation_unit=mm&timeformat=iso8601&timezone=Asia%2FJakarta&cell_selection=land,200,data/raw/openmeteo/reserve/bandung_barat/2022.json,84e96388d113bde57b7424f2b7b2ccedf763b91e92431efb5b1b0717c5f8d31d,24817,-6.9000015,107.399994,662.0,25200,Asia/Jakarta,365,0,28.679,OK,,2026-10-02T17:15:03Z
reserve,bandung_barat,2023,2023-01-01,2023-12-31,era5_seamless,https://archive-api.open-meteo.com/v1/archive?latitude=-6.89711&longitude=107.41495&start_date=2023-01-01&end_date=2023-12-31&daily=relative_humidity_2m_max%2Crelative_humidity_2m_min%2Cvapour_pressure_deficit_max%2Cshortwave_radiation_sum%2Ccloud_cover_mean%2Cwind_speed_10m_max%2Cwind_speed_10m_mean%2Csoil_moisture_0_to_7cm_mean%2Csoil_moisture_28_to_100cm_mean%2Csoil_temperature_0_to_7cm_mean%2Crain_sum&models=era5_seamless&temperature_unit=celsius&wind_speed_unit=ms&precipitation_unit=mm&timeformat=iso8601&timezone=Asia%2FJakarta&cell_selection=land,200,data/raw/openmeteo/reserve/bandung_barat/2023.json,9c0926b8cbd9b6d06074e485710921e5bd59a63dd69ffb7f1a221953adf23442,24730,-6.9000015,107.399994,662.0,25200,Asia/Jakarta,365,0,28.679,OK,,2026-10-02T17:15:05Z
reserve,bandung_barat,2024,2024-01-01,2024-12-31,era5_seamless,https://archive-api.open-meteo.com/v1/archive?latitude=-6.89711&longitude=107.41495&start_date=2024-01-01&end_date=2024-12-31&daily=relative_humidity_2m_max%2Crelative_humidity_2m_min%2Cvapour_pressure_deficit_max%2Cshortwave_radiation_sum%2Ccloud_cover_mean%2Cwind_speed_10m_max%2Cwind_speed_10m_mean%2Csoil_moisture_0_to_7cm_mean%2Csoil_moisture_28_to_100cm_mean%2Csoil_temperature_0_to_7cm_mean%2Crain_sum&models=era5_seamless&temperature_unit=celsius&wind_speed_unit=ms&precipitation_unit=mm&timeformat=iso8601&timezone=Asia%2FJakarta&cell_selection=land,200,data/raw/openmeteo/reserve/bandung_barat/2024.json,7c1dd0dffd8f552d1d7ed3e1b4f0c03659c6a6cf2d461d7386a8d6edd4c89ec9,24858,-6.9000015,107.399994,662.0,25200,Asia/Jakarta,366,0,28.757,OK,,2026-10-02T17:15:09Z
reserve,bandung_barat,2025,2025-01-01,2025-12-31,era5_seamless,https://archive-api.open-meteo.com/v1/archive?latitude=-6.89711&longitude=107.41495&start_date=2025-01-01&end_date=2025-12-31&daily=relative_humidity_2m_max%2Crelative_humidity_2m_min%2Cvapour_pressure_deficit_max%2Cshortwave_radiation_sum%2Ccloud_cover_mean%2Cwind_speed_10m_max%2Cwind_speed_10m_mean%2Csoil_moisture_0_to_7cm_mean%2Csoil_moisture_28_to_100cm_mean%2Csoil_temperature_0_to_7cm_mean%2Crain_sum&models=era5_seamless&temperature_unit=celsius&wind_speed_unit=ms&precipitation_unit=mm&timeformat=iso8601&timezone=Asia%2FJakarta&cell_selection=land,200,data/raw/openmeteo/reserve/bandung_barat/2025.json,047fc8ccbdad0949f83c8a35b67f29839c0324cedc07ce3030772736d94997e1,24815,-6.9000015,107.399994,662.0,25200,Asia/Jakarta,365,0,28.679,OK,,2026-10-02T17:15:12Z
reserve,bandung_barat,2026,2026-01-01,2026-09-30,era5_seamless,https://archive-api.open-meteo.com/v1/archive?latitude=-6.89711&longitude=107.41495&start_date=2026-01-01&end_date=2026-09-30&daily=relative_humidity_2m_max%2Crelative_humidity_2m_min%2Cvapour_pressure_deficit_max%2Cshortwave_radiation_sum%2Ccloud_cover_mean%2Cwind_speed_10m_max%2Cwind_speed_10m_mean%2Csoil_moisture_0_to_7cm_mean%2Csoil_moisture_28_to_100cm_mean%2Csoil_temperature_0_to_7cm_mean%2Crain_sum&models=era5_seamless&temperature_unit=celsius&wind_speed_unit=ms&precipitation_unit=mm&timeformat=iso8601&timezone=Asia%2FJakarta&cell_selection=land,200,data/raw/openmeteo/reserve/bandung_barat/2026.json,d9440b9ef87587deacc1389415846231d6f7d4f90e26613c2779539ebdc67608,18733,-6.9000015,107.399994,662.0,25200,Asia/Jakarta,273,53,21.45,OK,,2026-10-02T17:15:15Z
reserve,bandung,2018,2018-01-01,2018-12-31,era5_seamless,https://archive-api.open-meteo.com/v1/archive?latitude=-7.09994&longitude=107.61075&start_date=2018-01-01&end_date=2018-12-31&daily=relative_humidity_2m_max%2Crelative_humidity_2m_min%2Cvapour_pressure_deficit_max%2Cshortwave_radiation_sum%2Ccloud_cover_mean%2Cwind_speed_10m_max%2Cwind_speed_10m_mean%2Csoil_moisture_0_to_7cm_mean%2Csoil_moisture_28_to_100cm_mean%2Csoil_temperature_0_to_7cm_mean%2Crain_sum&models=era5_seamless&temperature_unit=celsius&wind_speed_unit=ms&precipitation_unit=mm&timeformat=iso8601&timezone=Asia%2FJakarta&cell_selection=land,200,data/raw/openmeteo/reserve/bandung/2018.json,d1091a40895398082ea3c14ab6949f01a3ec1deb0a6e1e3dd269157f5343d34f,24792,-7.0999985,107.600006,1247.0,25200,Asia/Jakarta,365,0,28.679,OK,,2026-10-02T17:15:16Z
reserve,bandung,2019,2019-01-01,2019-12-31,era5_seamless,https://archive-api.open-meteo.com/v1/archive?latitude=-7.09994&longitude=107.61075&start_date=2019-01-01&end_date=2019-12-31&daily=relative_humidity_2m_max%2Crelative_humidity_2m_min%2Cvapour_pressure_deficit_max%2Cshortwave_radiation_sum%2Ccloud_cover_mean%2Cwind_speed_10m_max%2Cwind_speed_10m_mean%2Csoil_moisture_0_to_7cm_mean%2Csoil_moisture_28_to_100cm_mean%2Csoil_temperature_0_to_7cm_mean%2Crain_sum&models=era5_seamless&temperature_unit=celsius&wind_speed_unit=ms&precipitation_unit=mm&timeformat=iso8601&timezone=Asia%2FJakarta&cell_selection=land,200,data/raw/openmeteo/reserve/bandung/2019.json,38ac2d963c7289432f3faf66c393c12b7f7c11b53b12435f98193f825bfb2dde,24782,-7.0999985,107.600006,1247.0,25200,Asia/Jakarta,365,0,28.679,OK,,2026-10-02T17:15:36Z
reserve,bandung,2020,2020-01-01,2020-12-31,era5_seamless,https://archive-api.open-meteo.com/v1/archive?latitude=-7.09994&longitude=107.61075&start_date=2020-01-01&end_date=2020-12-31&daily=relative_humidity_2m_max%2Crelative_humidity_2m_min%2Cvapour_pressure_deficit_max%2Cshortwave_radiation_sum%2Ccloud_cover_mean%2Cwind_speed_10m_max%2Cwind_speed_10m_mean%2Csoil_moisture_0_to_7cm_mean%2Csoil_moisture_28_to_100cm_mean%2Csoil_temperature_0_to_7cm_mean%2Crain_sum&models=era5_seamless&temperature_unit=celsius&wind_speed_unit=ms&precipitation_unit=mm&timeformat=iso8601&timezone=Asia%2FJakarta&cell_selection=land,200,data/raw/openmeteo/reserve/bandung/2020.json,9937346d2da076db56a7a6d8744d4b3ed23fd7dc1bf74de3974a507b5068fedc,24910,-7.0999985,107.600006,1247.0,25200,Asia/Jakarta,366,0,28.757,OK,,2026-10-02T17:15:48Z
reserve,bandung,2021,2021-01-01,2021-12-31,era5_seamless,https://archive-api.open-meteo.com/v1/archive?latitude=-7.09994&longitude=107.61075&start_date=2021-01-01&end_date=2021-12-31&daily=relative_humidity_2m_max%2Crelative_humidity_2m_min%2Cvapour_pressure_deficit_max%2Cshortwave_radiation_sum%2Ccloud_cover_mean%2Cwind_speed_10m_max%2Cwind_speed_10m_mean%2Csoil_moisture_0_to_7cm_mean%2Csoil_moisture_28_to_100cm_mean%2Csoil_temperature_0_to_7cm_mean%2Crain_sum&models=era5_seamless&temperature_unit=celsius&wind_speed_unit=ms&precipitation_unit=mm&timeformat=iso8601&timezone=Asia%2FJakarta&cell_selection=land,200,data/raw/openmeteo/reserve/bandung/2021.json,73547031e1eb3833d457e63618cb848392a749660fa5e36ebca393fcf8d847e1,24843,-7.0999985,107.600006,1247.0,25200,Asia/Jakarta,365,0,28.679,OK,,2026-10-02T17:15:49Z
reserve,bandung,2022,2022-01-01,2022-12-31,era5_seamless,https://archive-api.open-meteo.com/v1/archive?latitude=-7.09994&longitude=107.61075&start_date=2022-01-01&end_date=2022-12-31&daily=relative_humidity_2m_max%2Crelative_humidity_2m_min%2Cvapour_pressure_deficit_max%2Cshortwave_radiation_sum%2Ccloud_cover_mean%2Cwind_speed_10m_max%2Cwind_speed_10m_mean%2Csoil_moisture_0_to_7cm_mean%2Csoil_moisture_28_to_100cm_mean%2Csoil_temperature_0_to_7cm_mean%2Crain_sum&models=era5_seamless&temperature_unit=celsius&wind_speed_unit=ms&precipitation_unit=mm&timeformat=iso8601&timezone=Asia%2FJakarta&cell_selection=land,200,data/raw/openmeteo/reserve/bandung/2022.json,bb0a87e4a320072fdbd2ab184397fd55e7b5c161fe5e35c0cd25a539d35ea401,24882,-7.0999985,107.600006,1247.0,25200,Asia/Jakarta,365,0,28.679,OK,,2026-10-02T17:15:52Z
reserve,bandung,2023,2023-01-01,2023-12-31,era5_seamless,https://archive-api.open-meteo.com/v1/archive?latitude=-7.09994&longitude=107.61075&start_date=2023-01-01&end_date=2023-12-31&daily=relative_humidity_2m_max%2Crelative_humidity_2m_min%2Cvapour_pressure_deficit_max%2Cshortwave_radiation_sum%2Ccloud_cover_mean%2Cwind_speed_10m_max%2Cwind_speed_10m_mean%2Csoil_moisture_0_to_7cm_mean%2Csoil_moisture_28_to_100cm_mean%2Csoil_temperature_0_to_7cm_mean%2Crain_sum&models=era5_seamless&temperature_unit=celsius&wind_speed_unit=ms&precipitation_unit=mm&timeformat=iso8601&timezone=Asia%2FJakarta&cell_selection=land,200,data/raw/openmeteo/reserve/bandung/2023.json,0de1173ef27590326006532e922b0a27950c32ffa66829060af4fd116e1c2c70,24761,-7.0999985,107.600006,1247.0,25200,Asia/Jakarta,365,0,28.679,OK,,2026-10-02T17:15:53Z
reserve,bandung,2024,2024-01-01,2024-12-31,era5_seamless,https://archive-api.open-meteo.com/v1/archive?latitude=-7.09994&longitude=107.61075&start_date=2024-01-01&end_date=2024-12-31&daily=relative_humidity_2m_max%2Crelative_humidity_2m_min%2Cvapour_pressure_deficit_max%2Cshortwave_radiation_sum%2Ccloud_cover_mean%2Cwind_speed_10m_max%2Cwind_speed_10m_mean%2Csoil_moisture_0_to_7cm_mean%2Csoil_moisture_28_to_100cm_mean%2Csoil_temperature_0_to_7cm_mean%2Crain_sum&models=era5_seamless&temperature_unit=celsius&wind_speed_unit=ms&precipitation_unit=mm&timeformat=iso8601&timezone=Asia%2FJakarta&cell_selection=land,200,data/raw/openmeteo/reserve/bandung/2024.json,5076d5cc7582f72c14dbc97752513cbab3d3f125710b626daa37322c47ab4235,24891,-7.0999985,107.600006,1247.0,25200,Asia/Jakarta,366,0,28.757,OK,,2026-10-02T17:15:55Z
reserve,bandung,2025,2025-01-01,2025-12-31,era5_seamless,https://archive-api.open-meteo.com/v1/archive?latitude=-7.09994&longitude=107.61075&start_date=2025-01-01&end_date=2025-12-31&daily=relative_humidity_2m_max%2Crelative_humidity_2m_min%2Cvapour_pressure_deficit_max%2Cshortwave_radiation_sum%2Ccloud_cover_mean%2Cwind_speed_10m_max%2Cwind_speed_10m_mean%2Csoil_moisture_0_to_7cm_mean%2Csoil_moisture_28_to_100cm_mean%2Csoil_temperature_0_to_7cm_mean%2Crain_sum&models=era5_seamless&temperature_unit=celsius&wind_speed_unit=ms&precipitation_unit=mm&timeformat=iso8601&timezone=Asia%2FJakarta&cell_selection=land,200,data/raw/openmeteo/reserve/bandung/2025.json,638df340d861129f58568aa33f91cc0f9e3776d817157735fdf28e9e8f63d8b8,24883,-7.0999985,107.600006,1247.0,25200,Asia/Jakarta,365,0,28.679,OK,,2026-10-02T17:15:59Z
reserve,bandung,2026,2026-01-01,2026-09-30,era5_seamless,https://archive-api.open-meteo.com/v1/archive?latitude=-7.09994&longitude=107.61075&start_date=2026-01-01&end_date=2026-09-30&daily=relative_humidity_2m_max%2Crelative_humidity_2m_min%2Cvapour_pressure_deficit_max%2Cshortwave_radiation_sum%2Ccloud_cover_mean%2Cwind_speed_10m_max%2Cwind_speed_10m_mean%2Csoil_moisture_0_to_7cm_mean%2Csoil_moisture_28_to_100cm_mean%2Csoil_temperature_0_to_7cm_mean%2Crain_sum&models=era5_seamless&temperature_unit=celsius&wind_speed_unit=ms&precipitation_unit=mm&timeformat=iso8601&timezone=Asia%2FJakarta&cell_selection=land,200,data/raw/openmeteo/reserve/bandung/2026.json,d0ba62e0d28a80d1461beec355b126e138dacf0aaa976cd3645a6f4f357d75e1,18751,-7.0999985,107.600006,1247.0,25200,Asia/Jakarta,273,53,21.45,OK,,2026-10-02T17:16:01Z
reserve,sumedang,2018,2018-01-01,2018-12-31,era5_seamless,https://archive-api.open-meteo.com/v1/archive?latitude=-6.82506&longitude=107.98087&start_date=2018-01-01&end_date=2018-12-31&daily=relative_humidity_2m_max%2Crelative_humidity_2m_min%2Cvapour_pressure_deficit_max%2Cshortwave_radiation_sum%2Ccloud_cover_mean%2Cwind_speed_10m_max%2Cwind_speed_10m_mean%2Csoil_moisture_0_to_7cm_mean%2Csoil_moisture_28_to_100cm_mean%2Csoil_temperature_0_to_7cm_mean%2Crain_sum&models=era5_seamless&temperature_unit=celsius&wind_speed_unit=ms&precipitation_unit=mm&timeformat=iso8601&timezone=Asia%2FJakarta&cell_selection=land,200,data/raw/openmeteo/reserve/sumedang/2018.json,4663ea2133accae6c3eb43dd089e212663201d863578f7c1b6a1e611ae97874f,24779,-6.7999954,108.0,482.0,25200,Asia/Jakarta,365,0,28.679,OK,,2026-10-02T17:16:02Z
reserve,sumedang,2019,2019-01-01,2019-12-31,era5_seamless,https://archive-api.open-meteo.com/v1/archive?latitude=-6.82506&longitude=107.98087&start_date=2019-01-01&end_date=2019-12-31&daily=relative_humidity_2m_max%2Crelative_humidity_2m_min%2Cvapour_pressure_deficit_max%2Cshortwave_radiation_sum%2Ccloud_cover_mean%2Cwind_speed_10m_max%2Cwind_speed_10m_mean%2Csoil_moisture_0_to_7cm_mean%2Csoil_moisture_28_to_100cm_mean%2Csoil_temperature_0_to_7cm_mean%2Crain_sum&models=era5_seamless&temperature_unit=celsius&wind_speed_unit=ms&precipitation_unit=mm&timeformat=iso8601&timezone=Asia%2FJakarta&cell_selection=land,200,data/raw/openmeteo/reserve/sumedang/2019.json,3ab149a3b8f5343aa78c7695d096ef1c1d23bfaec7a6f7ff773539c0c863b213,24766,-6.7999954,108.0,482.0,25200,Asia/Jakarta,365,0,28.679,OK,,2026-10-02T17:16:03Z
reserve,sumedang,2020,2020-01-01,2020-12-31,era5_seamless,https://archive-api.open-meteo.com/v1/archive?latitude=-6.82506&longitude=107.98087&start_date=2020-01-01&end_date=2020-12-31&daily=relative_humidity_2m_max%2Crelative_humidity_2m_min%2Cvapour_pressure_deficit_max%2Cshortwave_radiation_sum%2Ccloud_cover_mean%2Cwind_speed_10m_max%2Cwind_speed_10m_mean%2Csoil_moisture_0_to_7cm_mean%2Csoil_moisture_28_to_100cm_mean%2Csoil_temperature_0_to_7cm_mean%2Crain_sum&models=era5_seamless&temperature_unit=celsius&wind_speed_unit=ms&precipitation_unit=mm&timeformat=iso8601&timezone=Asia%2FJakarta&cell_selection=land,200,data/raw/openmeteo/reserve/sumedang/2020.json,e13bbb82b457befd9b141ca31165c3869a6e7b51e07b18d47acd11eb377f5be3,24922,-6.7999954,108.0,482.0,25200,Asia/Jakarta,366,0,28.757,OK,,2026-10-02T17:16:05Z
reserve,sumedang,2021,2021-01-01,2021-12-31,era5_seamless,https://archive-api.open-meteo.com/v1/archive?latitude=-6.82506&longitude=107.98087&start_date=2021-01-01&end_date=2021-12-31&daily=relative_humidity_2m_max%2Crelative_humidity_2m_min%2Cvapour_pressure_deficit_max%2Cshortwave_radiation_sum%2Ccloud_cover_mean%2Cwind_speed_10m_max%2Cwind_speed_10m_mean%2Csoil_moisture_0_to_7cm_mean%2Csoil_moisture_28_to_100cm_mean%2Csoil_temperature_0_to_7cm_mean%2Crain_sum&models=era5_seamless&temperature_unit=celsius&wind_speed_unit=ms&precipitation_unit=mm&timeformat=iso8601&timezone=Asia%2FJakarta&cell_selection=land,200,data/raw/openmeteo/reserve/sumedang/2021.json,a9ba7730ce99727ab3fde30279117c60e04372a7408a6ceba12d89cf797bff70,24851,-6.7999954,108.0,482.0,25200,Asia/Jakarta,365,0,28.679,OK,,2026-10-02T17:16:06Z
reserve,sumedang,2022,2022-01-01,2022-12-31,era5_seamless,https://archive-api.open-meteo.com/v1/archive?latitude=-6.82506&longitude=107.98087&start_date=2022-01-01&end_date=2022-12-31&daily=relative_humidity_2m_max%2Crelative_humidity_2m_min%2Cvapour_pressure_deficit_max%2Cshortwave_radiation_sum%2Ccloud_cover_mean%2Cwind_speed_10m_max%2Cwind_speed_10m_mean%2Csoil_moisture_0_to_7cm_mean%2Csoil_moisture_28_to_100cm_mean%2Csoil_temperature_0_to_7cm_mean%2Crain_sum&models=era5_seamless&temperature_unit=celsius&wind_speed_unit=ms&precipitation_unit=mm&timeformat=iso8601&timezone=Asia%2FJakarta&cell_selection=land,200,data/raw/openmeteo/reserve/sumedang/2022.json,9bb640afbd45dbd9dee48ba7ed13c4a923936c4197d715fcd7bb481eba0226ab,24862,-6.7999954,108.0,482.0,25200,Asia/Jakarta,365,0,28.679,OK,,2026-10-02T17:16:08Z
reserve,sumedang,2023,2023-01-01,2023-12-31,era5_seamless,https://archive-api.open-meteo.com/v1/archive?latitude=-6.82506&longitude=107.98087&start_date=2023-01-01&end_date=2023-12-31&daily=relative_humidity_2m_max%2Crelative_humidity_2m_min%2Cvapour_pressure_deficit_max%2Cshortwave_radiation_sum%2Ccloud_cover_mean%2Cwind_speed_10m_max%2Cwind_speed_10m_mean%2Csoil_moisture_0_to_7cm_mean%2Csoil_moisture_28_to_100cm_mean%2Csoil_temperature_0_to_7cm_mean%2Crain_sum&models=era5_seamless&temperature_unit=celsius&wind_speed_unit=ms&precipitation_unit=mm&timeformat=iso8601&timezone=Asia%2FJakarta&cell_selection=land,200,data/raw/openmeteo/reserve/sumedang/2023.json,cc80b883b7d969979abac1fda19a79c3ff1dba89e6117572fa91a533f7e96efc,24749,-6.7999954,108.0,482.0,25200,Asia/Jakarta,365,0,28.679,OK,,2026-10-02T17:16:10Z
reserve,sumedang,2024,2024-01-01,2024-12-31,era5_seamless,https://archive-api.open-meteo.com/v1/archive?latitude=-6.82506&longitude=107.98087&start_date=2024-01-01&end_date=2024-12-31&daily=relative_humidity_2m_max%2Crelative_humidity_2m_min%2Cvapour_pressure_deficit_max%2Cshortwave_radiation_sum%2Ccloud_cover_mean%2Cwind_speed_10m_max%2Cwind_speed_10m_mean%2Csoil_moisture_0_to_7cm_mean%2Csoil_moisture_28_to_100cm_mean%2Csoil_temperature_0_to_7cm_mean%2Crain_sum&models=era5_seamless&temperature_unit=celsius&wind_speed_unit=ms&precipitation_unit=mm&timeformat=iso8601&timezone=Asia%2FJakarta&cell_selection=land,200,data/raw/openmeteo/reserve/sumedang/2024.json,6102c6a9f156ea8bfc5596186708d9bae7dd02ddfb6f4747616958d3391ec430,24901,-6.7999954,108.0,482.0,25200,Asia/Jakarta,366,0,28.757,OK,,2026-10-02T17:16:14Z
reserve,sumedang,2025,2025-01-01,2025-12-31,era5_seamless,https://archive-api.open-meteo.com/v1/archive?latitude=-6.82506&longitude=107.98087&start_date=2025-01-01&end_date=2025-12-31&daily=relative_humidity_2m_max%2Crelative_humidity_2m_min%2Cvapour_pressure_deficit_max%2Cshortwave_radiation_sum%2Ccloud_cover_mean%2Cwind_speed_10m_max%2Cwind_speed_10m_mean%2Csoil_moisture_0_to_7cm_mean%2Csoil_moisture_28_to_100cm_mean%2Csoil_temperature_0_to_7cm_mean%2Crain_sum&models=era5_seamless&temperature_unit=celsius&wind_speed_unit=ms&precipitation_unit=mm&timeformat=iso8601&timezone=Asia%2FJakarta&cell_selection=land,200,data/raw/openmeteo/reserve/sumedang/2025.json,aee4594db0131a1582fb8fe127b90042d2d56ac001ceaecb0455bf1e13a85166,24898,-6.7999954,108.0,482.0,25200,Asia/Jakarta,365,0,28.679,OK,,2026-10-02T17:16:18Z
reserve,sumedang,2026,2026-01-01,2026-09-30,era5_seamless,https://archive-api.open-meteo.com/v1/archive?latitude=-6.82506&longitude=107.98087&start_date=2026-01-01&end_date=2026-09-30&daily=relative_humidity_2m_max%2Crelative_humidity_2m_min%2Cvapour_pressure_deficit_max%2Cshortwave_radiation_sum%2Ccloud_cover_mean%2Cwind_speed_10m_max%2Cwind_speed_10m_mean%2Csoil_moisture_0_to_7cm_mean%2Csoil_moisture_28_to_100cm_mean%2Csoil_temperature_0_to_7cm_mean%2Crain_sum&models=era5_seamless&temperature_unit=celsius&wind_speed_unit=ms&precipitation_unit=mm&timeformat=iso8601&timezone=Asia%2FJakarta&cell_selection=land,200,data/raw/openmeteo/reserve/sumedang/2026.json,da7ae8386b810cb6a68bfe1e5549c7a483e23c9d00b981cc561cdd3c39f13f48,18742,-6.7999954,108.0,482.0,25200,Asia/Jakarta,273,53,21.45,OK,,2026-10-02T17:16:21Z
reserve,magelang,2018,2018-01-01,2018-12-31,era5_seamless,https://archive-api.open-meteo.com/v1/archive?latitude=-7.50157&longitude=110.24663&start_date=2018-01-01&end_date=2018-12-31&daily=relative_humidity_2m_max%2Crelative_humidity_2m_min%2Cvapour_pressure_deficit_max%2Cshortwave_radiation_sum%2Ccloud_cover_mean%2Cwind_speed_10m_max%2Cwind_speed_10m_mean%2Csoil_moisture_0_to_7cm_mean%2Csoil_moisture_28_to_100cm_mean%2Csoil_temperature_0_to_7cm_mean%2Crain_sum&models=era5_seamless&temperature_unit=celsius&wind_speed_unit=ms&precipitation_unit=mm&timeformat=iso8601&timezone=Asia%2FJakarta&cell_selection=land,200,data/raw/openmeteo/reserve/magelang/2018.json,01c0785b05b79da96d353e116df72ac2e7e102c70b18f30ba03e524a3950f21f,24855,-7.5,110.20001,348.0,25200,Asia/Jakarta,365,0,28.679,OK,,2026-10-02T17:16:37Z
reserve,magelang,2019,2019-01-01,2019-12-31,era5_seamless,https://archive-api.open-meteo.com/v1/archive?latitude=-7.50157&longitude=110.24663&start_date=2019-01-01&end_date=2019-12-31&daily=relative_humidity_2m_max%2Crelative_humidity_2m_min%2Cvapour_pressure_deficit_max%2Cshortwave_radiation_sum%2Ccloud_cover_mean%2Cwind_speed_10m_max%2Cwind_speed_10m_mean%2Csoil_moisture_0_to_7cm_mean%2Csoil_moisture_28_to_100cm_mean%2Csoil_temperature_0_to_7cm_mean%2Crain_sum&models=era5_seamless&temperature_unit=celsius&wind_speed_unit=ms&precipitation_unit=mm&timeformat=iso8601&timezone=Asia%2FJakarta&cell_selection=land,200,data/raw/openmeteo/reserve/magelang/2019.json,d6a9c2d0f40d5712727a7d61a8ce3e63533a4643345cd25e06f7eaafbd7f8bc1,24843,-7.5,110.20001,348.0,25200,Asia/Jakarta,365,0,28.679,OK,,2026-10-02T17:16:49Z
reserve,magelang,2020,2020-01-01,2020-12-31,era5_seamless,https://archive-api.open-meteo.com/v1/archive?latitude=-7.50157&longitude=110.24663&start_date=2020-01-01&end_date=2020-12-31&daily=relative_humidity_2m_max%2Crelative_humidity_2m_min%2Cvapour_pressure_deficit_max%2Cshortwave_radiation_sum%2Ccloud_cover_mean%2Cwind_speed_10m_max%2Cwind_speed_10m_mean%2Csoil_moisture_0_to_7cm_mean%2Csoil_moisture_28_to_100cm_mean%2Csoil_temperature_0_to_7cm_mean%2Crain_sum&models=era5_seamless&temperature_unit=celsius&wind_speed_unit=ms&precipitation_unit=mm&timeformat=iso8601&timezone=Asia%2FJakarta&cell_selection=land,200,data/raw/openmeteo/reserve/magelang/2020.json,fc3414ac1362fec16f9a9427128d17fe7c5c46960e301c29ea9d6f74aa16343e,25007,-7.5,110.20001,348.0,25200,Asia/Jakarta,366,0,28.757,OK,,2026-10-02T17:16:50Z
reserve,magelang,2021,2021-01-01,2021-12-31,era5_seamless,https://archive-api.open-meteo.com/v1/archive?latitude=-7.50157&longitude=110.24663&start_date=2021-01-01&end_date=2021-12-31&daily=relative_humidity_2m_max%2Crelative_humidity_2m_min%2Cvapour_pressure_deficit_max%2Cshortwave_radiation_sum%2Ccloud_cover_mean%2Cwind_speed_10m_max%2Cwind_speed_10m_mean%2Csoil_moisture_0_to_7cm_mean%2Csoil_moisture_28_to_100cm_mean%2Csoil_temperature_0_to_7cm_mean%2Crain_sum&models=era5_seamless&temperature_unit=celsius&wind_speed_unit=ms&precipitation_unit=mm&timeformat=iso8601&timezone=Asia%2FJakarta&cell_selection=land,200,data/raw/openmeteo/reserve/magelang/2021.json,487cb02c4df8a9b6541087473b92a879dba0d86dc69c6f6ace85cfd0e306f4d1,24918,-7.5,110.20001,348.0,25200,Asia/Jakarta,365,0,28.679,OK,,2026-10-02T17:16:53Z
reserve,magelang,2022,2022-01-01,2022-12-31,era5_seamless,https://archive-api.open-meteo.com/v1/archive?latitude=-7.50157&longitude=110.24663&start_date=2022-01-01&end_date=2022-12-31&daily=relative_humidity_2m_max%2Crelative_humidity_2m_min%2Cvapour_pressure_deficit_max%2Cshortwave_radiation_sum%2Ccloud_cover_mean%2Cwind_speed_10m_max%2Cwind_speed_10m_mean%2Csoil_moisture_0_to_7cm_mean%2Csoil_moisture_28_to_100cm_mean%2Csoil_temperature_0_to_7cm_mean%2Crain_sum&models=era5_seamless&temperature_unit=celsius&wind_speed_unit=ms&precipitation_unit=mm&timeformat=iso8601&timezone=Asia%2FJakarta&cell_selection=land,200,data/raw/openmeteo/reserve/magelang/2022.json,7d85bc63a37dcfb0ffee1e83a5125e15a1948f4fe086bb3eaabaf5a6cf48a6dc,24994,-7.5,110.20001,348.0,25200,Asia/Jakarta,365,0,28.679,OK,,2026-10-02T17:16:55Z
reserve,magelang,2023,2023-01-01,2023-12-31,era5_seamless,https://archive-api.open-meteo.com/v1/archive?latitude=-7.50157&longitude=110.24663&start_date=2023-01-01&end_date=2023-12-31&daily=relative_humidity_2m_max%2Crelative_humidity_2m_min%2Cvapour_pressure_deficit_max%2Cshortwave_radiation_sum%2Ccloud_cover_mean%2Cwind_speed_10m_max%2Cwind_speed_10m_mean%2Csoil_moisture_0_to_7cm_mean%2Csoil_moisture_28_to_100cm_mean%2Csoil_temperature_0_to_7cm_mean%2Crain_sum&models=era5_seamless&temperature_unit=celsius&wind_speed_unit=ms&precipitation_unit=mm&timeformat=iso8601&timezone=Asia%2FJakarta&cell_selection=land,200,data/raw/openmeteo/reserve/magelang/2023.json,4b78c15c50ddf98fe5a80229c589c1965c423605a970251b7b76ac3ff4ca33a6,24841,-7.5,110.20001,348.0,25200,Asia/Jakarta,365,0,28.679,OK,,2026-10-02T17:16:57Z
reserve,magelang,2024,2024-01-01,2024-12-31,era5_seamless,https://archive-api.open-meteo.com/v1/archive?latitude=-7.50157&longitude=110.24663&start_date=2024-01-01&end_date=2024-12-31&daily=relative_humidity_2m_max%2Crelative_humidity_2m_min%2Cvapour_pressure_deficit_max%2Cshortwave_radiation_sum%2Ccloud_cover_mean%2Cwind_speed_10m_max%2Cwind_speed_10m_mean%2Csoil_moisture_0_to_7cm_mean%2Csoil_moisture_28_to_100cm_mean%2Csoil_temperature_0_to_7cm_mean%2Crain_sum&models=era5_seamless&temperature_unit=celsius&wind_speed_unit=ms&precipitation_unit=mm&timeformat=iso8601&timezone=Asia%2FJakarta&cell_selection=land,200,data/raw/openmeteo/reserve/magelang/2024.json,b1c5c90be31d09b22d1047d4d13649d63fa97700f1155ff3125b03767ae827cf,24966,-7.5,110.20001,348.0,25200,Asia/Jakarta,366,0,28.757,OK,,2026-10-02T17:17:01Z
reserve,magelang,2025,2025-01-01,2025-12-31,era5_seamless,https://archive-api.open-meteo.com/v1/archive?latitude=-7.50157&longitude=110.24663&start_date=2025-01-01&end_date=2025-12-31&daily=relative_humidity_2m_max%2Crelative_humidity_2m_min%2Cvapour_pressure_deficit_max%2Cshortwave_radiation_sum%2Ccloud_cover_mean%2Cwind_speed_10m_max%2Cwind_speed_10m_mean%2Csoil_moisture_0_to_7cm_mean%2Csoil_moisture_28_to_100cm_mean%2Csoil_temperature_0_to_7cm_mean%2Crain_sum&models=era5_seamless&temperature_unit=celsius&wind_speed_unit=ms&precipitation_unit=mm&timeformat=iso8601&timezone=Asia%2FJakarta&cell_selection=land,200,data/raw/openmeteo/reserve/magelang/2025.json,713e39d873c051eba922103cf36c899be45c6293008efea29cd18c32fa2b9bb0,24939,-7.5,110.20001,348.0,25200,Asia/Jakarta,365,0,28.679,OK,,2026-10-02T17:17:03Z
reserve,magelang,2026,2026-01-01,2026-09-30,era5_seamless,https://archive-api.open-meteo.com/v1/archive?latitude=-7.50157&longitude=110.24663&start_date=2026-01-01&end_date=2026-09-30&daily=relative_humidity_2m_max%2Crelative_humidity_2m_min%2Cvapour_pressure_deficit_max%2Cshortwave_radiation_sum%2Ccloud_cover_mean%2Cwind_speed_10m_max%2Cwind_speed_10m_mean%2Csoil_moisture_0_to_7cm_mean%2Csoil_moisture_28_to_100cm_mean%2Csoil_temperature_0_to_7cm_mean%2Crain_sum&models=era5_seamless&temperature_unit=celsius&wind_speed_unit=ms&precipitation_unit=mm&timeformat=iso8601&timezone=Asia%2FJakarta&cell_selection=land,200,data/raw/openmeteo/reserve/magelang/2026.json,cf7ff852da28cf662969fe32875506867fcb9c31510fdfcf28b6ef0ad513f451,18807,-7.5,110.20001,348.0,25200,Asia/Jakarta,273,53,21.45,OK,,2026-10-02T17:17:05Z
reserve,brebes,2018,2018-01-01,2018-12-31,era5_seamless,https://archive-api.open-meteo.com/v1/archive?latitude=-7.05928&longitude=108.92756&start_date=2018-01-01&end_date=2018-12-31&daily=relative_humidity_2m_max%2Crelative_humidity_2m_min%2Cvapour_pressure_deficit_max%2Cshortwave_radiation_sum%2Ccloud_cover_mean%2Cwind_speed_10m_max%2Cwind_speed_10m_mean%2Csoil_moisture_0_to_7cm_mean%2Csoil_moisture_28_to_100cm_mean%2Csoil_temperature_0_to_7cm_mean%2Crain_sum&models=era5_seamless&temperature_unit=celsius&wind_speed_unit=ms&precipitation_unit=mm&timeformat=iso8601&timezone=Asia%2FJakarta&cell_selection=land,200,data/raw/openmeteo/reserve/brebes/2018.json,cc3e9b39c10e0e1c58deb86a33401d9b6654e0dd1ed495dfcaf5472692b59cfd,24732,-7.0999985,108.899994,63.0,25200,Asia/Jakarta,365,0,28.679,OK,,2026-10-02T17:17:07Z
reserve,brebes,2019,2019-01-01,2019-12-31,era5_seamless,https://archive-api.open-meteo.com/v1/archive?latitude=-7.05928&longitude=108.92756&start_date=2019-01-01&end_date=2019-12-31&daily=relative_humidity_2m_max%2Crelative_humidity_2m_min%2Cvapour_pressure_deficit_max%2Cshortwave_radiation_sum%2Ccloud_cover_mean%2Cwind_speed_10m_max%2Cwind_speed_10m_mean%2Csoil_moisture_0_to_7cm_mean%2Csoil_moisture_28_to_100cm_mean%2Csoil_temperature_0_to_7cm_mean%2Crain_sum&models=era5_seamless&temperature_unit=celsius&wind_speed_unit=ms&precipitation_unit=mm&timeformat=iso8601&timezone=Asia%2FJakarta&cell_selection=land,200,data/raw/openmeteo/reserve/brebes/2019.json,9985cf366176dc10d500ad580becc777fe8d62476c504d62fc3a31b7f2a3a493,24729,-7.0999985,108.899994,63.0,25200,Asia/Jakarta,365,0,28.679,OK,,2026-10-02T17:17:08Z
reserve,brebes,2020,2020-01-01,2020-12-31,era5_seamless,https://archive-api.open-meteo.com/v1/archive?latitude=-7.05928&longitude=108.92756&start_date=2020-01-01&end_date=2020-12-31&daily=relative_humidity_2m_max%2Crelative_humidity_2m_min%2Cvapour_pressure_deficit_max%2Cshortwave_radiation_sum%2Ccloud_cover_mean%2Cwind_speed_10m_max%2Cwind_speed_10m_mean%2Csoil_moisture_0_to_7cm_mean%2Csoil_moisture_28_to_100cm_mean%2Csoil_temperature_0_to_7cm_mean%2Crain_sum&models=era5_seamless&temperature_unit=celsius&wind_speed_unit=ms&precipitation_unit=mm&timeformat=iso8601&timezone=Asia%2FJakarta&cell_selection=land,200,data/raw/openmeteo/reserve/brebes/2020.json,8e46111ca2d9fa1aee7a8b16894e142b89bd0d58e0a1be51a9e11e92156ce100,24863,-7.0999985,108.899994,63.0,25200,Asia/Jakarta,366,0,28.757,OK,,2026-10-02T17:17:09Z
reserve,brebes,2021,2021-01-01,2021-12-31,era5_seamless,https://archive-api.open-meteo.com/v1/archive?latitude=-7.05928&longitude=108.92756&start_date=2021-01-01&end_date=2021-12-31&daily=relative_humidity_2m_max%2Crelative_humidity_2m_min%2Cvapour_pressure_deficit_max%2Cshortwave_radiation_sum%2Ccloud_cover_mean%2Cwind_speed_10m_max%2Cwind_speed_10m_mean%2Csoil_moisture_0_to_7cm_mean%2Csoil_moisture_28_to_100cm_mean%2Csoil_temperature_0_to_7cm_mean%2Crain_sum&models=era5_seamless&temperature_unit=celsius&wind_speed_unit=ms&precipitation_unit=mm&timeformat=iso8601&timezone=Asia%2FJakarta&cell_selection=land,200,data/raw/openmeteo/reserve/brebes/2021.json,dc0d59ffd619b0c8f0473932a4861b543205dbeda165589a1d16cee30807c14b,24801,-7.0999985,108.899994,63.0,25200,Asia/Jakarta,365,0,28.679,OK,,2026-10-02T17:17:10Z
reserve,brebes,2022,2022-01-01,2022-12-31,era5_seamless,https://archive-api.open-meteo.com/v1/archive?latitude=-7.05928&longitude=108.92756&start_date=2022-01-01&end_date=2022-12-31&daily=relative_humidity_2m_max%2Crelative_humidity_2m_min%2Cvapour_pressure_deficit_max%2Cshortwave_radiation_sum%2Ccloud_cover_mean%2Cwind_speed_10m_max%2Cwind_speed_10m_mean%2Csoil_moisture_0_to_7cm_mean%2Csoil_moisture_28_to_100cm_mean%2Csoil_temperature_0_to_7cm_mean%2Crain_sum&models=era5_seamless&temperature_unit=celsius&wind_speed_unit=ms&precipitation_unit=mm&timeformat=iso8601&timezone=Asia%2FJakarta&cell_selection=land,200,data/raw/openmeteo/reserve/brebes/2022.json,b9079ef7c2935f66fb99f98cdfd1c45d8287095794eaaddd4074271811388727,24799,-7.0999985,108.899994,63.0,25200,Asia/Jakarta,365,0,28.679,OK,,2026-10-02T17:17:12Z
reserve,brebes,2023,2023-01-01,2023-12-31,era5_seamless,https://archive-api.open-meteo.com/v1/archive?latitude=-7.05928&longitude=108.92756&start_date=2023-01-01&end_date=2023-12-31&daily=relative_humidity_2m_max%2Crelative_humidity_2m_min%2Cvapour_pressure_deficit_max%2Cshortwave_radiation_sum%2Ccloud_cover_mean%2Cwind_speed_10m_max%2Cwind_speed_10m_mean%2Csoil_moisture_0_to_7cm_mean%2Csoil_moisture_28_to_100cm_mean%2Csoil_temperature_0_to_7cm_mean%2Crain_sum&models=era5_seamless&temperature_unit=celsius&wind_speed_unit=ms&precipitation_unit=mm&timeformat=iso8601&timezone=Asia%2FJakarta&cell_selection=land,200,data/raw/openmeteo/reserve/brebes/2023.json,120d8bcaa6ab3834b596640b05d516bdd50c17bcc486693af694ee05e897fe68,24731,-7.0999985,108.899994,63.0,25200,Asia/Jakarta,365,0,28.679,OK,,2026-10-02T17:17:16Z
reserve,brebes,2024,2024-01-01,2024-12-31,era5_seamless,https://archive-api.open-meteo.com/v1/archive?latitude=-7.05928&longitude=108.92756&start_date=2024-01-01&end_date=2024-12-31&daily=relative_humidity_2m_max%2Crelative_humidity_2m_min%2Cvapour_pressure_deficit_max%2Cshortwave_radiation_sum%2Ccloud_cover_mean%2Cwind_speed_10m_max%2Cwind_speed_10m_mean%2Csoil_moisture_0_to_7cm_mean%2Csoil_moisture_28_to_100cm_mean%2Csoil_temperature_0_to_7cm_mean%2Crain_sum&models=era5_seamless&temperature_unit=celsius&wind_speed_unit=ms&precipitation_unit=mm&timeformat=iso8601&timezone=Asia%2FJakarta&cell_selection=land,200,data/raw/openmeteo/reserve/brebes/2024.json,2201b82d29f35b0ac114e56391ca258cc33cdc2827c6e6edcdf7bc5304555102,24845,-7.0999985,108.899994,63.0,25200,Asia/Jakarta,366,0,28.757,OK,,2026-10-02T17:17:19Z
reserve,brebes,2025,2025-01-01,2025-12-31,era5_seamless,https://archive-api.open-meteo.com/v1/archive?latitude=-7.05928&longitude=108.92756&start_date=2025-01-01&end_date=2025-12-31&daily=relative_humidity_2m_max%2Crelative_humidity_2m_min%2Cvapour_pressure_deficit_max%2Cshortwave_radiation_sum%2Ccloud_cover_mean%2Cwind_speed_10m_max%2Cwind_speed_10m_mean%2Csoil_moisture_0_to_7cm_mean%2Csoil_moisture_28_to_100cm_mean%2Csoil_temperature_0_to_7cm_mean%2Crain_sum&models=era5_seamless&temperature_unit=celsius&wind_speed_unit=ms&precipitation_unit=mm&timeformat=iso8601&timezone=Asia%2FJakarta&cell_selection=land,200,data/raw/openmeteo/reserve/brebes/2025.json,749a9f01854de5f908ce27c5f2407d83f24f52ab51af7414b7ac4ff97f3f275f,24798,-7.0999985,108.899994,63.0,25200,Asia/Jakarta,365,0,28.679,OK,,2026-10-02T17:17:39Z
reserve,brebes,2026,2026-01-01,2026-09-30,era5_seamless,https://archive-api.open-meteo.com/v1/archive?latitude=-7.05928&longitude=108.92756&start_date=2026-01-01&end_date=2026-09-30&daily=relative_humidity_2m_max%2Crelative_humidity_2m_min%2Cvapour_pressure_deficit_max%2Cshortwave_radiation_sum%2Ccloud_cover_mean%2Cwind_speed_10m_max%2Cwind_speed_10m_mean%2Csoil_moisture_0_to_7cm_mean%2Csoil_moisture_28_to_100cm_mean%2Csoil_temperature_0_to_7cm_mean%2Crain_sum&models=era5_seamless&temperature_unit=celsius&wind_speed_unit=ms&precipitation_unit=mm&timeformat=iso8601&timezone=Asia%2FJakarta&cell_selection=land,200,data/raw/openmeteo/reserve/brebes/2026.json,708460b23c1d98e8a3178a736b0eb6f361a6c8bdb19bc93427f5ca0dff58f02b,18738,-7.0999985,108.899994,63.0,25200,Asia/Jakarta,273,53,21.45,OK,,2026-10-02T17:17:40Z
reserve,cirebon,2018,2018-01-01,2018-12-31,era5_seamless,https://archive-api.open-meteo.com/v1/archive?latitude=-6.74541&longitude=108.55129&start_date=2018-01-01&end_date=2018-12-31&daily=relative_humidity_2m_max%2Crelative_humidity_2m_min%2Cvapour_pressure_deficit_max%2Cshortwave_radiation_sum%2Ccloud_cover_mean%2Cwind_speed_10m_max%2Cwind_speed_10m_mean%2Csoil_moisture_0_to_7cm_mean%2Csoil_moisture_28_to_100cm_mean%2Csoil_temperature_0_to_7cm_mean%2Crain_sum&models=era5_seamless&temperature_unit=celsius&wind_speed_unit=ms&precipitation_unit=mm&timeformat=iso8601&timezone=Asia%2FJakarta&cell_selection=land,200,data/raw/openmeteo/reserve/cirebon/2018.json,11d2ded894dcb5b3d099d94f36c186851428d24552f979f7396069d606335cd5,24686,-6.699997,108.5,13.0,25200,Asia/Jakarta,365,0,28.679,OK,,2026-10-02T17:17:50Z
reserve,cirebon,2019,2019-01-01,2019-12-31,era5_seamless,https://archive-api.open-meteo.com/v1/archive?latitude=-6.74541&longitude=108.55129&start_date=2019-01-01&end_date=2019-12-31&daily=relative_humidity_2m_max%2Crelative_humidity_2m_min%2Cvapour_pressure_deficit_max%2Cshortwave_radiation_sum%2Ccloud_cover_mean%2Cwind_speed_10m_max%2Cwind_speed_10m_mean%2Csoil_moisture_0_to_7cm_mean%2Csoil_moisture_28_to_100cm_mean%2Csoil_temperature_0_to_7cm_mean%2Crain_sum&models=era5_seamless&temperature_unit=celsius&wind_speed_unit=ms&precipitation_unit=mm&timeformat=iso8601&timezone=Asia%2FJakarta&cell_selection=land,200,data/raw/openmeteo/reserve/cirebon/2019.json,5ca8a04e3a1bc6e4beaf1ecb9cb39a6bc67077d225073ae8eaed571df910f8d4,24681,-6.699997,108.5,13.0,25200,Asia/Jakarta,365,0,28.679,OK,,2026-10-02T17:17:51Z
reserve,cirebon,2020,2020-01-01,2020-12-31,era5_seamless,https://archive-api.open-meteo.com/v1/archive?latitude=-6.74541&longitude=108.55129&start_date=2020-01-01&end_date=2020-12-31&daily=relative_humidity_2m_max%2Crelative_humidity_2m_min%2Cvapour_pressure_deficit_max%2Cshortwave_radiation_sum%2Ccloud_cover_mean%2Cwind_speed_10m_max%2Cwind_speed_10m_mean%2Csoil_moisture_0_to_7cm_mean%2Csoil_moisture_28_to_100cm_mean%2Csoil_temperature_0_to_7cm_mean%2Crain_sum&models=era5_seamless&temperature_unit=celsius&wind_speed_unit=ms&precipitation_unit=mm&timeformat=iso8601&timezone=Asia%2FJakarta&cell_selection=land,200,data/raw/openmeteo/reserve/cirebon/2020.json,4153ee2dcb562422bcd9c01eb7f5873daa26a0ad19a5b3ec952446eba3d1ad08,24785,-6.699997,108.5,13.0,25200,Asia/Jakarta,366,0,28.757,OK,,2026-10-02T17:17:54Z
reserve,cirebon,2021,2021-01-01,2021-12-31,era5_seamless,https://archive-api.open-meteo.com/v1/archive?latitude=-6.74541&longitude=108.55129&start_date=2021-01-01&end_date=2021-12-31&daily=relative_humidity_2m_max%2Crelative_humidity_2m_min%2Cvapour_pressure_deficit_max%2Cshortwave_radiation_sum%2Ccloud_cover_mean%2Cwind_speed_10m_max%2Cwind_speed_10m_mean%2Csoil_moisture_0_to_7cm_mean%2Csoil_moisture_28_to_100cm_mean%2Csoil_temperature_0_to_7cm_mean%2Crain_sum&models=era5_seamless&temperature_unit=celsius&wind_speed_unit=ms&precipitation_unit=mm&timeformat=iso8601&timezone=Asia%2FJakarta&cell_selection=land,200,data/raw/openmeteo/reserve/cirebon/2021.json,68db92b2320baf15a018d2db2da075847951c6c0f374222a6a542eaa3e5d577b,24718,-6.699997,108.5,13.0,25200,Asia/Jakarta,365,0,28.679,OK,,2026-10-02T17:17:56Z
reserve,cirebon,2022,2022-01-01,2022-12-31,era5_seamless,https://archive-api.open-meteo.com/v1/archive?latitude=-6.74541&longitude=108.55129&start_date=2022-01-01&end_date=2022-12-31&daily=relative_humidity_2m_max%2Crelative_humidity_2m_min%2Cvapour_pressure_deficit_max%2Cshortwave_radiation_sum%2Ccloud_cover_mean%2Cwind_speed_10m_max%2Cwind_speed_10m_mean%2Csoil_moisture_0_to_7cm_mean%2Csoil_moisture_28_to_100cm_mean%2Csoil_temperature_0_to_7cm_mean%2Crain_sum&models=era5_seamless&temperature_unit=celsius&wind_speed_unit=ms&precipitation_unit=mm&timeformat=iso8601&timezone=Asia%2FJakarta&cell_selection=land,200,data/raw/openmeteo/reserve/cirebon/2022.json,0ab88ddc9e16aa251fc14ab658ba723362e2dcb4544b2c8d097a67d51e12b42e,24716,-6.699997,108.5,13.0,25200,Asia/Jakarta,365,0,28.679,OK,,2026-10-02T17:17:59Z
reserve,cirebon,2023,2023-01-01,2023-12-31,era5_seamless,https://archive-api.open-meteo.com/v1/archive?latitude=-6.74541&longitude=108.55129&start_date=2023-01-01&end_date=2023-12-31&daily=relative_humidity_2m_max%2Crelative_humidity_2m_min%2Cvapour_pressure_deficit_max%2Cshortwave_radiation_sum%2Ccloud_cover_mean%2Cwind_speed_10m_max%2Cwind_speed_10m_mean%2Csoil_moisture_0_to_7cm_mean%2Csoil_moisture_28_to_100cm_mean%2Csoil_temperature_0_to_7cm_mean%2Crain_sum&models=era5_seamless&temperature_unit=celsius&wind_speed_unit=ms&precipitation_unit=mm&timeformat=iso8601&timezone=Asia%2FJakarta&cell_selection=land,200,data/raw/openmeteo/reserve/cirebon/2023.json,b4beb2ef2748b3b2c1d78f31de458967f5cecb3a67b6c9ab4065d956a96b98b1,24678,-6.699997,108.5,13.0,25200,Asia/Jakarta,365,0,28.679,OK,,2026-10-02T17:18:03Z
reserve,cirebon,2024,2024-01-01,2024-12-31,era5_seamless,https://archive-api.open-meteo.com/v1/archive?latitude=-6.74541&longitude=108.55129&start_date=2024-01-01&end_date=2024-12-31&daily=relative_humidity_2m_max%2Crelative_humidity_2m_min%2Cvapour_pressure_deficit_max%2Cshortwave_radiation_sum%2Ccloud_cover_mean%2Cwind_speed_10m_max%2Cwind_speed_10m_mean%2Csoil_moisture_0_to_7cm_mean%2Csoil_moisture_28_to_100cm_mean%2Csoil_temperature_0_to_7cm_mean%2Crain_sum&models=era5_seamless&temperature_unit=celsius&wind_speed_unit=ms&precipitation_unit=mm&timeformat=iso8601&timezone=Asia%2FJakarta&cell_selection=land,200,data/raw/openmeteo/reserve/cirebon/2024.json,ef7c9f8f47c4aaec371fa5809986f369baf92033d7f060b6a84ec6eb1410a390,24775,-6.699997,108.5,13.0,25200,Asia/Jakarta,366,0,28.757,OK,,2026-10-02T17:18:05Z
reserve,cirebon,2025,2025-01-01,2025-12-31,era5_seamless,https://archive-api.open-meteo.com/v1/archive?latitude=-6.74541&longitude=108.55129&start_date=2025-01-01&end_date=2025-12-31&daily=relative_humidity_2m_max%2Crelative_humidity_2m_min%2Cvapour_pressure_deficit_max%2Cshortwave_radiation_sum%2Ccloud_cover_mean%2Cwind_speed_10m_max%2Cwind_speed_10m_mean%2Csoil_moisture_0_to_7cm_mean%2Csoil_moisture_28_to_100cm_mean%2Csoil_temperature_0_to_7cm_mean%2Crain_sum&models=era5_seamless&temperature_unit=celsius&wind_speed_unit=ms&precipitation_unit=mm&timeformat=iso8601&timezone=Asia%2FJakarta&cell_selection=land,200,data/raw/openmeteo/reserve/cirebon/2025.json,43225610a61a7e6d9bda15aa645b2fb35f100a99f623a577c63f4f75e348e2b4,24732,-6.699997,108.5,13.0,25200,Asia/Jakarta,365,0,28.679,OK,,2026-10-02T17:18:09Z
reserve,cirebon,2026,2026-01-01,2026-09-30,era5_seamless,https://archive-api.open-meteo.com/v1/archive?latitude=-6.74541&longitude=108.55129&start_date=2026-01-01&end_date=2026-09-30&daily=relative_humidity_2m_max%2Crelative_humidity_2m_min%2Cvapour_pressure_deficit_max%2Cshortwave_radiation_sum%2Ccloud_cover_mean%2Cwind_speed_10m_max%2Cwind_speed_10m_mean%2Csoil_moisture_0_to_7cm_mean%2Csoil_moisture_28_to_100cm_mean%2Csoil_temperature_0_to_7cm_mean%2Crain_sum&models=era5_seamless&temperature_unit=celsius&wind_speed_unit=ms&precipitation_unit=mm&timeformat=iso8601&timezone=Asia%2FJakarta&cell_selection=land,200,data/raw/openmeteo/reserve/cirebon/2026.json,26c0d7a25a26af835427ae3f1e3a11e71a39af4540c6a12a4bcf08ccaf46a462,18691,-6.699997,108.5,13.0,25200,Asia/Jakarta,273,53,21.45,OK,,2026-10-02T17:18:11Z
reserve,indramayu,2018,2018-01-01,2018-12-31,era5_seamless,https://archive-api.open-meteo.com/v1/archive?latitude=-6.44857&longitude=108.16875&start_date=2018-01-01&end_date=2018-12-31&daily=relative_humidity_2m_max%2Crelative_humidity_2m_min%2Cvapour_pressure_deficit_max%2Cshortwave_radiation_sum%2Ccloud_cover_mean%2Cwind_speed_10m_max%2Cwind_speed_10m_mean%2Csoil_moisture_0_to_7cm_mean%2Csoil_moisture_28_to_100cm_mean%2Csoil_temperature_0_to_7cm_mean%2Crain_sum&models=era5_seamless&temperature_unit=celsius&wind_speed_unit=ms&precipitation_unit=mm&timeformat=iso8601&timezone=Asia%2FJakarta&cell_selection=land,200,data/raw/openmeteo/reserve/indramayu/2018.json,849c78dcc914bac63164efdded535047ff7215b8205e0a237666dfcada2e8a1f,24670,-6.4000015,108.20001,8.0,25200,Asia/Jakarta,365,0,28.679,OK,,2026-10-02T17:18:12Z
reserve,indramayu,2019,2019-01-01,2019-12-31,era5_seamless,https://archive-api.open-meteo.com/v1/archive?latitude=-6.44857&longitude=108.16875&start_date=2019-01-01&end_date=2019-12-31&daily=relative_humidity_2m_max%2Crelative_humidity_2m_min%2Cvapour_pressure_deficit_max%2Cshortwave_radiation_sum%2Ccloud_cover_mean%2Cwind_speed_10m_max%2Cwind_speed_10m_mean%2Csoil_moisture_0_to_7cm_mean%2Csoil_moisture_28_to_100cm_mean%2Csoil_temperature_0_to_7cm_mean%2Crain_sum&models=era5_seamless&temperature_unit=celsius&wind_speed_unit=ms&precipitation_unit=mm&timeformat=iso8601&timezone=Asia%2FJakarta&cell_selection=land,200,data/raw/openmeteo/reserve/indramayu/2019.json,0f883ebe5a202ae3ae255ab55e608bfdec676b0f6693108aecdc6bacf3453638,24675,-6.4000015,108.20001,8.0,25200,Asia/Jakarta,365,0,28.679,OK,,2026-10-02T17:18:13Z
reserve,indramayu,2020,2020-01-01,2020-12-31,era5_seamless,https://archive-api.open-meteo.com/v1/archive?latitude=-6.44857&longitude=108.16875&start_date=2020-01-01&end_date=2020-12-31&daily=relative_humidity_2m_max%2Crelative_humidity_2m_min%2Cvapour_pressure_deficit_max%2Cshortwave_radiation_sum%2Ccloud_cover_mean%2Cwind_speed_10m_max%2Cwind_speed_10m_mean%2Csoil_moisture_0_to_7cm_mean%2Csoil_moisture_28_to_100cm_mean%2Csoil_temperature_0_to_7cm_mean%2Crain_sum&models=era5_seamless&temperature_unit=celsius&wind_speed_unit=ms&precipitation_unit=mm&timeformat=iso8601&timezone=Asia%2FJakarta&cell_selection=land,200,data/raw/openmeteo/reserve/indramayu/2020.json,d376681a25d6d92e7a87acc7def08786d9e563c6693908425e580f9c3fe19337,24781,-6.4000015,108.20001,8.0,25200,Asia/Jakarta,366,0,28.757,OK,,2026-10-02T17:18:15Z
reserve,indramayu,2021,2021-01-01,2021-12-31,era5_seamless,https://archive-api.open-meteo.com/v1/archive?latitude=-6.44857&longitude=108.16875&start_date=2021-01-01&end_date=2021-12-31&daily=relative_humidity_2m_max%2Crelative_humidity_2m_min%2Cvapour_pressure_deficit_max%2Cshortwave_radiation_sum%2Ccloud_cover_mean%2Cwind_speed_10m_max%2Cwind_speed_10m_mean%2Csoil_moisture_0_to_7cm_mean%2Csoil_moisture_28_to_100cm_mean%2Csoil_temperature_0_to_7cm_mean%2Crain_sum&models=era5_seamless&temperature_unit=celsius&wind_speed_unit=ms&precipitation_unit=mm&timeformat=iso8601&timezone=Asia%2FJakarta&cell_selection=land,200,data/raw/openmeteo/reserve/indramayu/2021.json,db3018a53ac644d22815569ead61a32724d3bc05743b3f2c9288c4be8879ecab,24707,-6.4000015,108.20001,8.0,25200,Asia/Jakarta,365,0,28.679,OK,,2026-10-02T17:18:16Z
reserve,indramayu,2022,2022-01-01,2022-12-31,era5_seamless,https://archive-api.open-meteo.com/v1/archive?latitude=-6.44857&longitude=108.16875&start_date=2022-01-01&end_date=2022-12-31&daily=relative_humidity_2m_max%2Crelative_humidity_2m_min%2Cvapour_pressure_deficit_max%2Cshortwave_radiation_sum%2Ccloud_cover_mean%2Cwind_speed_10m_max%2Cwind_speed_10m_mean%2Csoil_moisture_0_to_7cm_mean%2Csoil_moisture_28_to_100cm_mean%2Csoil_temperature_0_to_7cm_mean%2Crain_sum&models=era5_seamless&temperature_unit=celsius&wind_speed_unit=ms&precipitation_unit=mm&timeformat=iso8601&timezone=Asia%2FJakarta&cell_selection=land,200,data/raw/openmeteo/reserve/indramayu/2022.json,3b76d56a70bbe6fdabcb0a142771d63a313dede4d0d2415f3cf9c09374d662e9,24722,-6.4000015,108.20001,8.0,25200,Asia/Jakarta,365,0,28.679,OK,,2026-10-02T17:18:21Z
reserve,indramayu,2023,2023-01-01,2023-12-31,era5_seamless,https://archive-api.open-meteo.com/v1/archive?latitude=-6.44857&longitude=108.16875&start_date=2023-01-01&end_date=2023-12-31&daily=relative_humidity_2m_max%2Crelative_humidity_2m_min%2Cvapour_pressure_deficit_max%2Cshortwave_radiation_sum%2Ccloud_cover_mean%2Cwind_speed_10m_max%2Cwind_speed_10m_mean%2Csoil_moisture_0_to_7cm_mean%2Csoil_moisture_28_to_100cm_mean%2Csoil_temperature_0_to_7cm_mean%2Crain_sum&models=era5_seamless&temperature_unit=celsius&wind_speed_unit=ms&precipitation_unit=mm&timeformat=iso8601&timezone=Asia%2FJakarta&cell_selection=land,200,data/raw/openmeteo/reserve/indramayu/2023.json,86a7d921e2de75f1299ef42790e1c7f0e606c7e0764730f56faec01922428edd,24663,-6.4000015,108.20001,8.0,25200,Asia/Jakarta,365,0,28.679,OK,,2026-10-02T17:18:23Z
reserve,indramayu,2024,2024-01-01,2024-12-31,era5_seamless,https://archive-api.open-meteo.com/v1/archive?latitude=-6.44857&longitude=108.16875&start_date=2024-01-01&end_date=2024-12-31&daily=relative_humidity_2m_max%2Crelative_humidity_2m_min%2Cvapour_pressure_deficit_max%2Cshortwave_radiation_sum%2Ccloud_cover_mean%2Cwind_speed_10m_max%2Cwind_speed_10m_mean%2Csoil_moisture_0_to_7cm_mean%2Csoil_moisture_28_to_100cm_mean%2Csoil_temperature_0_to_7cm_mean%2Crain_sum&models=era5_seamless&temperature_unit=celsius&wind_speed_unit=ms&precipitation_unit=mm&timeformat=iso8601&timezone=Asia%2FJakarta&cell_selection=land,200,data/raw/openmeteo/reserve/indramayu/2024.json,ceb80b4156d973f3e8f7b0748d2c28d1d4ccb4dc66f1b96e73db4010bcab9e94,24775,-6.4000015,108.20001,8.0,25200,Asia/Jakarta,366,0,28.757,OK,,2026-10-02T17:18:41Z
reserve,indramayu,2025,2025-01-01,2025-12-31,era5_seamless,https://archive-api.open-meteo.com/v1/archive?latitude=-6.44857&longitude=108.16875&start_date=2025-01-01&end_date=2025-12-31&daily=relative_humidity_2m_max%2Crelative_humidity_2m_min%2Cvapour_pressure_deficit_max%2Cshortwave_radiation_sum%2Ccloud_cover_mean%2Cwind_speed_10m_max%2Cwind_speed_10m_mean%2Csoil_moisture_0_to_7cm_mean%2Csoil_moisture_28_to_100cm_mean%2Csoil_temperature_0_to_7cm_mean%2Crain_sum&models=era5_seamless&temperature_unit=celsius&wind_speed_unit=ms&precipitation_unit=mm&timeformat=iso8601&timezone=Asia%2FJakarta&cell_selection=land,200,data/raw/openmeteo/reserve/indramayu/2025.json,b5d33605df4bbf9a484273654a1885b28592a466bf843936e66d8de4a845d60b,24733,-6.4000015,108.20001,8.0,25200,Asia/Jakarta,365,0,28.679,OK,,2026-10-02T17:18:52Z
reserve,indramayu,2026,2026-01-01,2026-09-30,era5_seamless,https://archive-api.open-meteo.com/v1/archive?latitude=-6.44857&longitude=108.16875&start_date=2026-01-01&end_date=2026-09-30&daily=relative_humidity_2m_max%2Crelative_humidity_2m_min%2Cvapour_pressure_deficit_max%2Cshortwave_radiation_sum%2Ccloud_cover_mean%2Cwind_speed_10m_max%2Cwind_speed_10m_mean%2Csoil_moisture_0_to_7cm_mean%2Csoil_moisture_28_to_100cm_mean%2Csoil_temperature_0_to_7cm_mean%2Crain_sum&models=era5_seamless&temperature_unit=celsius&wind_speed_unit=ms&precipitation_unit=mm&timeformat=iso8601&timezone=Asia%2FJakarta&cell_selection=land,200,data/raw/openmeteo/reserve/indramayu/2026.json,541832bdd17d7db45c9ee27cdf80e9897564433cb4b2145be392486677a81149,18660,-6.4000015,108.20001,8.0,25200,Asia/Jakarta,273,53,21.45,OK,,2026-10-02T17:18:55Z
reserve,karawang,2018,2018-01-01,2018-12-31,era5_seamless,https://archive-api.open-meteo.com/v1/archive?latitude=-6.25204&longitude=107.35394&start_date=2018-01-01&end_date=2018-12-31&daily=relative_humidity_2m_max%2Crelative_humidity_2m_min%2Cvapour_pressure_deficit_max%2Cshortwave_radiation_sum%2Ccloud_cover_mean%2Cwind_speed_10m_max%2Cwind_speed_10m_mean%2Csoil_moisture_0_to_7cm_mean%2Csoil_moisture_28_to_100cm_mean%2Csoil_temperature_0_to_7cm_mean%2Crain_sum&models=era5_seamless&temperature_unit=celsius&wind_speed_unit=ms&precipitation_unit=mm&timeformat=iso8601&timezone=Asia%2FJakarta&cell_selection=land,200,data/raw/openmeteo/reserve/karawang/2018.json,9f786f841f9ccc74e7206eebdd91d894a97a4b0798e955bd16c7991b4a99642f,24711,-6.2999954,107.399994,9.0,25200,Asia/Jakarta,365,0,28.679,OK,,2026-10-02T17:18:56Z
reserve,karawang,2019,2019-01-01,2019-12-31,era5_seamless,https://archive-api.open-meteo.com/v1/archive?latitude=-6.25204&longitude=107.35394&start_date=2019-01-01&end_date=2019-12-31&daily=relative_humidity_2m_max%2Crelative_humidity_2m_min%2Cvapour_pressure_deficit_max%2Cshortwave_radiation_sum%2Ccloud_cover_mean%2Cwind_speed_10m_max%2Cwind_speed_10m_mean%2Csoil_moisture_0_to_7cm_mean%2Csoil_moisture_28_to_100cm_mean%2Csoil_temperature_0_to_7cm_mean%2Crain_sum&models=era5_seamless&temperature_unit=celsius&wind_speed_unit=ms&precipitation_unit=mm&timeformat=iso8601&timezone=Asia%2FJakarta&cell_selection=land,200,data/raw/openmeteo/reserve/karawang/2019.json,8f06831c0abe2c6a4dd5cf1931d8b8ee2c8554ccaccef3982d29bb8f3fabdda3,24699,-6.2999954,107.399994,9.0,25200,Asia/Jakarta,365,0,28.679,OK,,2026-10-02T17:18:57Z
reserve,karawang,2020,2020-01-01,2020-12-31,era5_seamless,https://archive-api.open-meteo.com/v1/archive?latitude=-6.25204&longitude=107.35394&start_date=2020-01-01&end_date=2020-12-31&daily=relative_humidity_2m_max%2Crelative_humidity_2m_min%2Cvapour_pressure_deficit_max%2Cshortwave_radiation_sum%2Ccloud_cover_mean%2Cwind_speed_10m_max%2Cwind_speed_10m_mean%2Csoil_moisture_0_to_7cm_mean%2Csoil_moisture_28_to_100cm_mean%2Csoil_temperature_0_to_7cm_mean%2Crain_sum&models=era5_seamless&temperature_unit=celsius&wind_speed_unit=ms&precipitation_unit=mm&timeformat=iso8601&timezone=Asia%2FJakarta&cell_selection=land,200,data/raw/openmeteo/reserve/karawang/2020.json,f34517c6e78251ca608d04472167e9b0d43c6106c5aeffaefd1b0c686b045972,24791,-6.2999954,107.399994,9.0,25200,Asia/Jakarta,366,0,28.757,OK,,2026-10-02T17:18:59Z
reserve,karawang,2021,2021-01-01,2021-12-31,era5_seamless,https://archive-api.open-meteo.com/v1/archive?latitude=-6.25204&longitude=107.35394&start_date=2021-01-01&end_date=2021-12-31&daily=relative_humidity_2m_max%2Crelative_humidity_2m_min%2Cvapour_pressure_deficit_max%2Cshortwave_radiation_sum%2Ccloud_cover_mean%2Cwind_speed_10m_max%2Cwind_speed_10m_mean%2Csoil_moisture_0_to_7cm_mean%2Csoil_moisture_28_to_100cm_mean%2Csoil_temperature_0_to_7cm_mean%2Crain_sum&models=era5_seamless&temperature_unit=celsius&wind_speed_unit=ms&precipitation_unit=mm&timeformat=iso8601&timezone=Asia%2FJakarta&cell_selection=land,200,data/raw/openmeteo/reserve/karawang/2021.json,0ec6b4a1b7cf241aa584b385a818a9f716508672b3b693f773ba72d120dd2b39,24727,-6.2999954,107.399994,9.0,25200,Asia/Jakarta,365,0,28.679,OK,,2026-10-02T17:19:00Z
reserve,karawang,2022,2022-01-01,2022-12-31,era5_seamless,https://archive-api.open-meteo.com/v1/archive?latitude=-6.25204&longitude=107.35394&start_date=2022-01-01&end_date=2022-12-31&daily=relative_humidity_2m_max%2Crelative_humidity_2m_min%2Cvapour_pressure_deficit_max%2Cshortwave_radiation_sum%2Ccloud_cover_mean%2Cwind_speed_10m_max%2Cwind_speed_10m_mean%2Csoil_moisture_0_to_7cm_mean%2Csoil_moisture_28_to_100cm_mean%2Csoil_temperature_0_to_7cm_mean%2Crain_sum&models=era5_seamless&temperature_unit=celsius&wind_speed_unit=ms&precipitation_unit=mm&timeformat=iso8601&timezone=Asia%2FJakarta&cell_selection=land,200,data/raw/openmeteo/reserve/karawang/2022.json,0d2c1b55d421a9b783ac120d5b09aa46c3a7b4e0879d7a934ea4322d14cb50da,24734,-6.2999954,107.399994,9.0,25200,Asia/Jakarta,365,0,28.679,OK,,2026-10-02T17:19:05Z
reserve,karawang,2023,2023-01-01,2023-12-31,era5_seamless,https://archive-api.open-meteo.com/v1/archive?latitude=-6.25204&longitude=107.35394&start_date=2023-01-01&end_date=2023-12-31&daily=relative_humidity_2m_max%2Crelative_humidity_2m_min%2Cvapour_pressure_deficit_max%2Cshortwave_radiation_sum%2Ccloud_cover_mean%2Cwind_speed_10m_max%2Cwind_speed_10m_mean%2Csoil_moisture_0_to_7cm_mean%2Csoil_moisture_28_to_100cm_mean%2Csoil_temperature_0_to_7cm_mean%2Crain_sum&models=era5_seamless&temperature_unit=celsius&wind_speed_unit=ms&precipitation_unit=mm&timeformat=iso8601&timezone=Asia%2FJakarta&cell_selection=land,200,data/raw/openmeteo/reserve/karawang/2023.json,ca15e91e3c4b82a75caa3ae3fe792aad5712945c88318efcc623f73273249b3e,24676,-6.2999954,107.399994,9.0,25200,Asia/Jakarta,365,0,28.679,OK,,2026-10-02T17:19:07Z
reserve,karawang,2024,2024-01-01,2024-12-31,era5_seamless,https://archive-api.open-meteo.com/v1/archive?latitude=-6.25204&longitude=107.35394&start_date=2024-01-01&end_date=2024-12-31&daily=relative_humidity_2m_max%2Crelative_humidity_2m_min%2Cvapour_pressure_deficit_max%2Cshortwave_radiation_sum%2Ccloud_cover_mean%2Cwind_speed_10m_max%2Cwind_speed_10m_mean%2Csoil_moisture_0_to_7cm_mean%2Csoil_moisture_28_to_100cm_mean%2Csoil_temperature_0_to_7cm_mean%2Crain_sum&models=era5_seamless&temperature_unit=celsius&wind_speed_unit=ms&precipitation_unit=mm&timeformat=iso8601&timezone=Asia%2FJakarta&cell_selection=land,200,data/raw/openmeteo/reserve/karawang/2024.json,9bcc8314a02203e11f9a8228c61789ea90b04a0d87b06bc240433c4ffb923be4,24790,-6.2999954,107.399994,9.0,25200,Asia/Jakarta,366,0,28.757,OK,,2026-10-02T17:19:11Z
reserve,karawang,2025,2025-01-01,2025-12-31,era5_seamless,https://archive-api.open-meteo.com/v1/archive?latitude=-6.25204&longitude=107.35394&start_date=2025-01-01&end_date=2025-12-31&daily=relative_humidity_2m_max%2Crelative_humidity_2m_min%2Cvapour_pressure_deficit_max%2Cshortwave_radiation_sum%2Ccloud_cover_mean%2Cwind_speed_10m_max%2Cwind_speed_10m_mean%2Csoil_moisture_0_to_7cm_mean%2Csoil_moisture_28_to_100cm_mean%2Csoil_temperature_0_to_7cm_mean%2Crain_sum&models=era5_seamless&temperature_unit=celsius&wind_speed_unit=ms&precipitation_unit=mm&timeformat=iso8601&timezone=Asia%2FJakarta&cell_selection=land,200,data/raw/openmeteo/reserve/karawang/2025.json,68c778281459d3de531031d81d69e903066f42105ad2f1c2bc08d60a93dde7c7,24726,-6.2999954,107.399994,9.0,25200,Asia/Jakarta,365,0,28.679,OK,,2026-10-02T17:19:14Z
reserve,karawang,2026,2026-01-01,2026-09-30,era5_seamless,https://archive-api.open-meteo.com/v1/archive?latitude=-6.25204&longitude=107.35394&start_date=2026-01-01&end_date=2026-09-30&daily=relative_humidity_2m_max%2Crelative_humidity_2m_min%2Cvapour_pressure_deficit_max%2Cshortwave_radiation_sum%2Ccloud_cover_mean%2Cwind_speed_10m_max%2Cwind_speed_10m_mean%2Csoil_moisture_0_to_7cm_mean%2Csoil_moisture_28_to_100cm_mean%2Csoil_temperature_0_to_7cm_mean%2Crain_sum&models=era5_seamless&temperature_unit=celsius&wind_speed_unit=ms&precipitation_unit=mm&timeformat=iso8601&timezone=Asia%2FJakarta&cell_selection=land,200,data/raw/openmeteo/reserve/karawang/2026.json,0d09e58dd31b39c823e7020021e4349f6748a20faf769e7c78c9a993a18af88f,18700,-6.2999954,107.399994,9.0,25200,Asia/Jakarta,273,53,21.45,OK,,2026-10-02T17:19:16Z
reserve,subang,2018,2018-01-01,2018-12-31,era5_seamless,https://archive-api.open-meteo.com/v1/archive?latitude=-6.48414&longitude=107.7322&start_date=2018-01-01&end_date=2018-12-31&daily=relative_humidity_2m_max%2Crelative_humidity_2m_min%2Cvapour_pressure_deficit_max%2Cshortwave_radiation_sum%2Ccloud_cover_mean%2Cwind_speed_10m_max%2Cwind_speed_10m_mean%2Csoil_moisture_0_to_7cm_mean%2Csoil_moisture_28_to_100cm_mean%2Csoil_temperature_0_to_7cm_mean%2Crain_sum&models=era5_seamless&temperature_unit=celsius&wind_speed_unit=ms&precipitation_unit=mm&timeformat=iso8601&timezone=Asia%2FJakarta&cell_selection=land,200,data/raw/openmeteo/reserve/subang/2018.json,cb74370eec038b55b7314a04999e43ad8f2f1f604b13b1ec7b67ee4e73c6c8df,24697,-6.5,107.70001,60.0,25200,Asia/Jakarta,365,0,28.679,OK,,2026-10-02T17:19:17Z
reserve,subang,2019,2019-01-01,2019-12-31,era5_seamless,https://archive-api.open-meteo.com/v1/archive?latitude=-6.48414&longitude=107.7322&start_date=2019-01-01&end_date=2019-12-31&daily=relative_humidity_2m_max%2Crelative_humidity_2m_min%2Cvapour_pressure_deficit_max%2Cshortwave_radiation_sum%2Ccloud_cover_mean%2Cwind_speed_10m_max%2Cwind_speed_10m_mean%2Csoil_moisture_0_to_7cm_mean%2Csoil_moisture_28_to_100cm_mean%2Csoil_temperature_0_to_7cm_mean%2Crain_sum&models=era5_seamless&temperature_unit=celsius&wind_speed_unit=ms&precipitation_unit=mm&timeformat=iso8601&timezone=Asia%2FJakarta&cell_selection=land,200,data/raw/openmeteo/reserve/subang/2019.json,3174c01485b3a31ff9cc23bb4af0f86f26db4de05425556ab9dd1b21f79c42f8,24706,-6.5,107.70001,60.0,25200,Asia/Jakarta,365,0,28.679,OK,,2026-10-02T17:19:19Z
reserve,subang,2020,2020-01-01,2020-12-31,era5_seamless,https://archive-api.open-meteo.com/v1/archive?latitude=-6.48414&longitude=107.7322&start_date=2020-01-01&end_date=2020-12-31&daily=relative_humidity_2m_max%2Crelative_humidity_2m_min%2Cvapour_pressure_deficit_max%2Cshortwave_radiation_sum%2Ccloud_cover_mean%2Cwind_speed_10m_max%2Cwind_speed_10m_mean%2Csoil_moisture_0_to_7cm_mean%2Csoil_moisture_28_to_100cm_mean%2Csoil_temperature_0_to_7cm_mean%2Crain_sum&models=era5_seamless&temperature_unit=celsius&wind_speed_unit=ms&precipitation_unit=mm&timeformat=iso8601&timezone=Asia%2FJakarta&cell_selection=land,200,data/raw/openmeteo/reserve/subang/2020.json,f10fabe81d3ab16293a02fcf5e8f734fb563c16d94858e6bc794b74fd8933d83,24812,-6.5,107.70001,60.0,25200,Asia/Jakarta,366,0,28.757,OK,,2026-10-02T17:19:20Z
reserve,subang,2021,2021-01-01,2021-12-31,era5_seamless,https://archive-api.open-meteo.com/v1/archive?latitude=-6.48414&longitude=107.7322&start_date=2021-01-01&end_date=2021-12-31&daily=relative_humidity_2m_max%2Crelative_humidity_2m_min%2Cvapour_pressure_deficit_max%2Cshortwave_radiation_sum%2Ccloud_cover_mean%2Cwind_speed_10m_max%2Cwind_speed_10m_mean%2Csoil_moisture_0_to_7cm_mean%2Csoil_moisture_28_to_100cm_mean%2Csoil_temperature_0_to_7cm_mean%2Crain_sum&models=era5_seamless&temperature_unit=celsius&wind_speed_unit=ms&precipitation_unit=mm&timeformat=iso8601&timezone=Asia%2FJakarta&cell_selection=land,200,data/raw/openmeteo/reserve/subang/2021.json,668d4d55bfe152948aeef052f3ccf80854c41e1c03dafb325cf781ca49d1b06b,24738,-6.5,107.70001,60.0,25200,Asia/Jakarta,365,0,28.679,OK,,2026-10-02T17:19:22Z
reserve,subang,2022,2022-01-01,2022-12-31,era5_seamless,https://archive-api.open-meteo.com/v1/archive?latitude=-6.48414&longitude=107.7322&start_date=2022-01-01&end_date=2022-12-31&daily=relative_humidity_2m_max%2Crelative_humidity_2m_min%2Cvapour_pressure_deficit_max%2Cshortwave_radiation_sum%2Ccloud_cover_mean%2Cwind_speed_10m_max%2Cwind_speed_10m_mean%2Csoil_moisture_0_to_7cm_mean%2Csoil_moisture_28_to_100cm_mean%2Csoil_temperature_0_to_7cm_mean%2Crain_sum&models=era5_seamless&temperature_unit=celsius&wind_speed_unit=ms&precipitation_unit=mm&timeformat=iso8601&timezone=Asia%2FJakarta&cell_selection=land,200,data/raw/openmeteo/reserve/subang/2022.json,5c89ea98a0792224032a44712835c967b9b2e58935da8c531c0752678ba3402f,24771,-6.5,107.70001,60.0,25200,Asia/Jakarta,365,0,28.679,OK,,2026-10-02T17:19:24Z
reserve,subang,2023,2023-01-01,2023-12-31,era5_seamless,https://archive-api.open-meteo.com/v1/archive?latitude=-6.48414&longitude=107.7322&start_date=2023-01-01&end_date=2023-12-31&daily=relative_humidity_2m_max%2Crelative_humidity_2m_min%2Cvapour_pressure_deficit_max%2Cshortwave_radiation_sum%2Ccloud_cover_mean%2Cwind_speed_10m_max%2Cwind_speed_10m_mean%2Csoil_moisture_0_to_7cm_mean%2Csoil_moisture_28_to_100cm_mean%2Csoil_temperature_0_to_7cm_mean%2Crain_sum&models=era5_seamless&temperature_unit=celsius&wind_speed_unit=ms&precipitation_unit=mm&timeformat=iso8601&timezone=Asia%2FJakarta&cell_selection=land,200,data/raw/openmeteo/reserve/subang/2023.json,5aa14777be9ab0d0cb703a56c1c7924e79fed597ee6b5381b103b88aa5bdf876,24680,-6.5,107.70001,60.0,25200,Asia/Jakarta,365,0,28.679,OK,,2026-10-02T17:19:43Z
reserve,subang,2024,2024-01-01,2024-12-31,era5_seamless,https://archive-api.open-meteo.com/v1/archive?latitude=-6.48414&longitude=107.7322&start_date=2024-01-01&end_date=2024-12-31&daily=relative_humidity_2m_max%2Crelative_humidity_2m_min%2Cvapour_pressure_deficit_max%2Cshortwave_radiation_sum%2Ccloud_cover_mean%2Cwind_speed_10m_max%2Cwind_speed_10m_mean%2Csoil_moisture_0_to_7cm_mean%2Csoil_moisture_28_to_100cm_mean%2Csoil_temperature_0_to_7cm_mean%2Crain_sum&models=era5_seamless&temperature_unit=celsius&wind_speed_unit=ms&precipitation_unit=mm&timeformat=iso8601&timezone=Asia%2FJakarta&cell_selection=land,200,data/raw/openmeteo/reserve/subang/2024.json,eeb012a4b31ef6c68b9a1495590246e3a46dd069922f9271220d0fe3225aae99,24804,-6.5,107.70001,60.0,25200,Asia/Jakarta,366,0,28.757,OK,,2026-10-02T17:19:54Z
reserve,subang,2025,2025-01-01,2025-12-31,era5_seamless,https://archive-api.open-meteo.com/v1/archive?latitude=-6.48414&longitude=107.7322&start_date=2025-01-01&end_date=2025-12-31&daily=relative_humidity_2m_max%2Crelative_humidity_2m_min%2Cvapour_pressure_deficit_max%2Cshortwave_radiation_sum%2Ccloud_cover_mean%2Cwind_speed_10m_max%2Cwind_speed_10m_mean%2Csoil_moisture_0_to_7cm_mean%2Csoil_moisture_28_to_100cm_mean%2Csoil_temperature_0_to_7cm_mean%2Crain_sum&models=era5_seamless&temperature_unit=celsius&wind_speed_unit=ms&precipitation_unit=mm&timeformat=iso8601&timezone=Asia%2FJakarta&cell_selection=land,200,data/raw/openmeteo/reserve/subang/2025.json,370183727ca8116f34d8b2a738cc9f3586639fe51b4de81131ae043b79449fe8,24770,-6.5,107.70001,60.0,25200,Asia/Jakarta,365,0,28.679,OK,,2026-10-02T17:19:58Z
reserve,subang,2026,2026-01-01,2026-09-30,era5_seamless,https://archive-api.open-meteo.com/v1/archive?latitude=-6.48414&longitude=107.7322&start_date=2026-01-01&end_date=2026-09-30&daily=relative_humidity_2m_max%2Crelative_humidity_2m_min%2Cvapour_pressure_deficit_max%2Cshortwave_radiation_sum%2Ccloud_cover_mean%2Cwind_speed_10m_max%2Cwind_speed_10m_mean%2Csoil_moisture_0_to_7cm_mean%2Csoil_moisture_28_to_100cm_mean%2Csoil_temperature_0_to_7cm_mean%2Crain_sum&models=era5_seamless&temperature_unit=celsius&wind_speed_unit=ms&precipitation_unit=mm&timeformat=iso8601&timezone=Asia%2FJakarta&cell_selection=land,200,data/raw/openmeteo/reserve/subang/2026.json,771c9b2095fbb51d40b9cfb4fa72b3e5eaeaecf0eb245090a7674449efd1f6ea,18685,-6.5,107.70001,60.0,25200,Asia/Jakarta,273,53,21.45,OK,,2026-10-02T17:20:00Z
reserve,demak,2018,2018-01-01,2018-12-31,era5_seamless,https://archive-api.open-meteo.com/v1/archive?latitude=-6.91109&longitude=110.63202&start_date=2018-01-01&end_date=2018-12-31&daily=relative_humidity_2m_max%2Crelative_humidity_2m_min%2Cvapour_pressure_deficit_max%2Cshortwave_radiation_sum%2Ccloud_cover_mean%2Cwind_speed_10m_max%2Cwind_speed_10m_mean%2Csoil_moisture_0_to_7cm_mean%2Csoil_moisture_28_to_100cm_mean%2Csoil_temperature_0_to_7cm_mean%2Crain_sum&models=era5_seamless&temperature_unit=celsius&wind_speed_unit=ms&precipitation_unit=mm&timeformat=iso8601&timezone=Asia%2FJakarta&cell_selection=land,200,data/raw/openmeteo/reserve/demak/2018.json,49874f4d2d18d0d3842de3a8a25c488237355beb797e9d0320edf9ce76e77609,24680,-6.9000015,110.600006,5.0,25200,Asia/Jakarta,365,0,28.679,OK,,2026-10-02T17:20:01Z
reserve,demak,2019,2019-01-01,2019-12-31,era5_seamless,https://archive-api.open-meteo.com/v1/archive?latitude=-6.91109&longitude=110.63202&start_date=2019-01-01&end_date=2019-12-31&daily=relative_humidity_2m_max%2Crelative_humidity_2m_min%2Cvapour_pressure_deficit_max%2Cshortwave_radiation_sum%2Ccloud_cover_mean%2Cwind_speed_10m_max%2Cwind_speed_10m_mean%2Csoil_moisture_0_to_7cm_mean%2Csoil_moisture_28_to_100cm_mean%2Csoil_temperature_0_to_7cm_mean%2Crain_sum&models=era5_seamless&temperature_unit=celsius&wind_speed_unit=ms&precipitation_unit=mm&timeformat=iso8601&timezone=Asia%2FJakarta&cell_selection=land,200,data/raw/openmeteo/reserve/demak/2019.json,632352982993c2c0c423b3c30e2c3939f5af6767baf5595ffd357a537c7696a2,24689,-6.9000015,110.600006,5.0,25200,Asia/Jakarta,365,0,28.679,OK,,2026-10-02T17:20:02Z
reserve,demak,2020,2020-01-01,2020-12-31,era5_seamless,https://archive-api.open-meteo.com/v1/archive?latitude=-6.91109&longitude=110.63202&start_date=2020-01-01&end_date=2020-12-31&daily=relative_humidity_2m_max%2Crelative_humidity_2m_min%2Cvapour_pressure_deficit_max%2Cshortwave_radiation_sum%2Ccloud_cover_mean%2Cwind_speed_10m_max%2Cwind_speed_10m_mean%2Csoil_moisture_0_to_7cm_mean%2Csoil_moisture_28_to_100cm_mean%2Csoil_temperature_0_to_7cm_mean%2Crain_sum&models=era5_seamless&temperature_unit=celsius&wind_speed_unit=ms&precipitation_unit=mm&timeformat=iso8601&timezone=Asia%2FJakarta&cell_selection=land,200,data/raw/openmeteo/reserve/demak/2020.json,c98f96f7bfbabdb91f5a81a78bea025c4ffc7321f0df11b89e3694301cec82d2,24784,-6.9000015,110.600006,5.0,25200,Asia/Jakarta,366,0,28.757,OK,,2026-10-02T17:20:04Z
reserve,demak,2021,2021-01-01,2021-12-31,era5_seamless,https://archive-api.open-meteo.com/v1/archive?latitude=-6.91109&longitude=110.63202&start_date=2021-01-01&end_date=2021-12-31&daily=relative_humidity_2m_max%2Crelative_humidity_2m_min%2Cvapour_pressure_deficit_max%2Cshortwave_radiation_sum%2Ccloud_cover_mean%2Cwind_speed_10m_max%2Cwind_speed_10m_mean%2Csoil_moisture_0_to_7cm_mean%2Csoil_moisture_28_to_100cm_mean%2Csoil_temperature_0_to_7cm_mean%2Crain_sum&models=era5_seamless&temperature_unit=celsius&wind_speed_unit=ms&precipitation_unit=mm&timeformat=iso8601&timezone=Asia%2FJakarta&cell_selection=land,200,data/raw/openmeteo/reserve/demak/2021.json,62a4b87d3ea32bc3e854136513ddb3b8d7e94fb79868a1587541753a57b62ad1,24733,-6.9000015,110.600006,5.0,25200,Asia/Jakarta,365,0,28.679,OK,,2026-10-02T17:20:06Z
reserve,demak,2022,2022-01-01,2022-12-31,era5_seamless,https://archive-api.open-meteo.com/v1/archive?latitude=-6.91109&longitude=110.63202&start_date=2022-01-01&end_date=2022-12-31&daily=relative_humidity_2m_max%2Crelative_humidity_2m_min%2Cvapour_pressure_deficit_max%2Cshortwave_radiation_sum%2Ccloud_cover_mean%2Cwind_speed_10m_max%2Cwind_speed_10m_mean%2Csoil_moisture_0_to_7cm_mean%2Csoil_moisture_28_to_100cm_mean%2Csoil_temperature_0_to_7cm_mean%2Crain_sum&models=era5_seamless&temperature_unit=celsius&wind_speed_unit=ms&precipitation_unit=mm&timeformat=iso8601&timezone=Asia%2FJakarta&cell_selection=land,200,data/raw/openmeteo/reserve/demak/2022.json,2ce87da2a7185d0c07e0056c9cd09df1df89c299310407bcc2d665ff6c00d230,24744,-6.9000015,110.600006,5.0,25200,Asia/Jakarta,365,0,28.679,OK,,2026-10-02T17:20:08Z
reserve,demak,2023,2023-01-01,2023-12-31,era5_seamless,https://archive-api.open-meteo.com/v1/archive?latitude=-6.91109&longitude=110.63202&start_date=2023-01-01&end_date=2023-12-31&daily=relative_humidity_2m_max%2Crelative_humidity_2m_min%2Cvapour_pressure_deficit_max%2Cshortwave_radiation_sum%2Ccloud_cover_mean%2Cwind_speed_10m_max%2Cwind_speed_10m_mean%2Csoil_moisture_0_to_7cm_mean%2Csoil_moisture_28_to_100cm_mean%2Csoil_temperature_0_to_7cm_mean%2Crain_sum&models=era5_seamless&temperature_unit=celsius&wind_speed_unit=ms&precipitation_unit=mm&timeformat=iso8601&timezone=Asia%2FJakarta&cell_selection=land,200,data/raw/openmeteo/reserve/demak/2023.json,3aff5b071996a5b4296bc13788242b742639b5416da08b0ce398705b7bb2788f,24689,-6.9000015,110.600006,5.0,25200,Asia/Jakarta,365,0,28.679,OK,,2026-10-02T17:20:12Z
reserve,demak,2024,2024-01-01,2024-12-31,era5_seamless,https://archive-api.open-meteo.com/v1/archive?latitude=-6.91109&longitude=110.63202&start_date=2024-01-01&end_date=2024-12-31&daily=relative_humidity_2m_max%2Crelative_humidity_2m_min%2Cvapour_pressure_deficit_max%2Cshortwave_radiation_sum%2Ccloud_cover_mean%2Cwind_speed_10m_max%2Cwind_speed_10m_mean%2Csoil_moisture_0_to_7cm_mean%2Csoil_moisture_28_to_100cm_mean%2Csoil_temperature_0_to_7cm_mean%2Crain_sum&models=era5_seamless&temperature_unit=celsius&wind_speed_unit=ms&precipitation_unit=mm&timeformat=iso8601&timezone=Asia%2FJakarta&cell_selection=land,200,data/raw/openmeteo/reserve/demak/2024.json,b46d85ba4aedf67bf84d37579f05e47013a59d5a56fc117b69f8ad1a3f0c8c43,24777,-6.9000015,110.600006,5.0,25200,Asia/Jakarta,366,0,28.757,OK,,2026-10-02T17:20:15Z
reserve,demak,2025,2025-01-01,2025-12-31,era5_seamless,https://archive-api.open-meteo.com/v1/archive?latitude=-6.91109&longitude=110.63202&start_date=2025-01-01&end_date=2025-12-31&daily=relative_humidity_2m_max%2Crelative_humidity_2m_min%2Cvapour_pressure_deficit_max%2Cshortwave_radiation_sum%2Ccloud_cover_mean%2Cwind_speed_10m_max%2Cwind_speed_10m_mean%2Csoil_moisture_0_to_7cm_mean%2Csoil_moisture_28_to_100cm_mean%2Csoil_temperature_0_to_7cm_mean%2Crain_sum&models=era5_seamless&temperature_unit=celsius&wind_speed_unit=ms&precipitation_unit=mm&timeformat=iso8601&timezone=Asia%2FJakarta&cell_selection=land,200,data/raw/openmeteo/reserve/demak/2025.json,32318ebd07a993b71584506f73a793d28aa7cb2a515388c1dcb12c504f1c3d0e,24745,-6.9000015,110.600006,5.0,25200,Asia/Jakarta,365,0,28.679,OK,,2026-10-02T17:20:19Z
reserve,demak,2026,2026-01-01,2026-09-30,era5_seamless,https://archive-api.open-meteo.com/v1/archive?latitude=-6.91109&longitude=110.63202&start_date=2026-01-01&end_date=2026-09-30&daily=relative_humidity_2m_max%2Crelative_humidity_2m_min%2Cvapour_pressure_deficit_max%2Cshortwave_radiation_sum%2Ccloud_cover_mean%2Cwind_speed_10m_max%2Cwind_speed_10m_mean%2Csoil_moisture_0_to_7cm_mean%2Csoil_moisture_28_to_100cm_mean%2Csoil_temperature_0_to_7cm_mean%2Crain_sum&models=era5_seamless&temperature_unit=celsius&wind_speed_unit=ms&precipitation_unit=mm&timeformat=iso8601&timezone=Asia%2FJakarta&cell_selection=land,200,data/raw/openmeteo/reserve/demak/2026.json,01230296961bfabb1ec18b8ba6237005c7dbb30d2f5780c20f8bf44654764ecf,18693,-6.9000015,110.600006,5.0,25200,Asia/Jakarta,273,53,21.45,OK,,2026-10-02T17:20:20Z
reserve,temanggung,2018,2018-01-01,2018-12-31,era5_seamless,https://archive-api.open-meteo.com/v1/archive?latitude=-7.25788&longitude=110.13565&start_date=2018-01-01&end_date=2018-12-31&daily=relative_humidity_2m_max%2Crelative_humidity_2m_min%2Cvapour_pressure_deficit_max%2Cshortwave_radiation_sum%2Ccloud_cover_mean%2Cwind_speed_10m_max%2Cwind_speed_10m_mean%2Csoil_moisture_0_to_7cm_mean%2Csoil_moisture_28_to_100cm_mean%2Csoil_temperature_0_to_7cm_mean%2Crain_sum&models=era5_seamless&temperature_unit=celsius&wind_speed_unit=ms&precipitation_unit=mm&timeformat=iso8601&timezone=Asia%2FJakarta&cell_selection=land,200,data/raw/openmeteo/reserve/temanggung/2018.json,ca1918fb3f277f7e68ef94d9d9be750335cf37e985ad234cc82d61b54ef1ed2b,24754,-7.2999954,110.20001,675.0,25200,Asia/Jakarta,365,0,28.679,OK,,2026-10-02T17:20:22Z
reserve,temanggung,2019,2019-01-01,2019-12-31,era5_seamless,https://archive-api.open-meteo.com/v1/archive?latitude=-7.25788&longitude=110.13565&start_date=2019-01-01&end_date=2019-12-31&daily=relative_humidity_2m_max%2Crelative_humidity_2m_min%2Cvapour_pressure_deficit_max%2Cshortwave_radiation_sum%2Ccloud_cover_mean%2Cwind_speed_10m_max%2Cwind_speed_10m_mean%2Csoil_moisture_0_to_7cm_mean%2Csoil_moisture_28_to_100cm_mean%2Csoil_temperature_0_to_7cm_mean%2Crain_sum&models=era5_seamless&temperature_unit=celsius&wind_speed_unit=ms&precipitation_unit=mm&timeformat=iso8601&timezone=Asia%2FJakarta&cell_selection=land,200,data/raw/openmeteo/reserve/temanggung/2019.json,3b1166095b7b0b6f5951e8130f5731d8422c7e4a31a11ece24af0a21e97543bc,24745,-7.2999954,110.20001,675.0,25200,Asia/Jakarta,365,0,28.679,OK,,2026-10-02T17:20:23Z
reserve,temanggung,2020,2020-01-01,2020-12-31,era5_seamless,https://archive-api.open-meteo.com/v1/archive?latitude=-7.25788&longitude=110.13565&start_date=2020-01-01&end_date=2020-12-31&daily=relative_humidity_2m_max%2Crelative_humidity_2m_min%2Cvapour_pressure_deficit_max%2Cshortwave_radiation_sum%2Ccloud_cover_mean%2Cwind_speed_10m_max%2Cwind_speed_10m_mean%2Csoil_moisture_0_to_7cm_mean%2Csoil_moisture_28_to_100cm_mean%2Csoil_temperature_0_to_7cm_mean%2Crain_sum&models=era5_seamless&temperature_unit=celsius&wind_speed_unit=ms&precipitation_unit=mm&timeformat=iso8601&timezone=Asia%2FJakarta&cell_selection=land,200,data/raw/openmeteo/reserve/temanggung/2020.json,7b5293ad560260e7dbeae9d5b4f6ae593efb976a7315f6e0dddb19357b0a1247,24842,-7.2999954,110.20001,675.0,25200,Asia/Jakarta,366,0,28.757,OK,,2026-10-02T17:20:24Z
reserve,temanggung,2021,2021-01-01,2021-12-31,era5_seamless,https://archive-api.open-meteo.com/v1/archive?latitude=-7.25788&longitude=110.13565&start_date=2021-01-01&end_date=2021-12-31&daily=relative_humidity_2m_max%2Crelative_humidity_2m_min%2Cvapour_pressure_deficit_max%2Cshortwave_radiation_sum%2Ccloud_cover_mean%2Cwind_speed_10m_max%2Cwind_speed_10m_mean%2Csoil_moisture_0_to_7cm_mean%2Csoil_moisture_28_to_100cm_mean%2Csoil_temperature_0_to_7cm_mean%2Crain_sum&models=era5_seamless&temperature_unit=celsius&wind_speed_unit=ms&precipitation_unit=mm&timeformat=iso8601&timezone=Asia%2FJakarta&cell_selection=land,200,data/raw/openmeteo/reserve/temanggung/2021.json,cc27575c95721b95a7a2de56811f8c5c24d238753a25099accd43c2c65e0cc74,24803,-7.2999954,110.20001,675.0,25200,Asia/Jakarta,365,0,28.679,OK,,2026-10-02T17:20:26Z
reserve,temanggung,2022,2022-01-01,2022-12-31,era5_seamless,https://archive-api.open-meteo.com/v1/archive?latitude=-7.25788&longitude=110.13565&start_date=2022-01-01&end_date=2022-12-31&daily=relative_humidity_2m_max%2Crelative_humidity_2m_min%2Cvapour_pressure_deficit_max%2Cshortwave_radiation_sum%2Ccloud_cover_mean%2Cwind_speed_10m_max%2Cwind_speed_10m_mean%2Csoil_moisture_0_to_7cm_mean%2Csoil_moisture_28_to_100cm_mean%2Csoil_temperature_0_to_7cm_mean%2Crain_sum&models=era5_seamless&temperature_unit=celsius&wind_speed_unit=ms&precipitation_unit=mm&timeformat=iso8601&timezone=Asia%2FJakarta&cell_selection=land,200,data/raw/openmeteo/reserve/temanggung/2022.json,0b1a6de14f4a60e14f80c03521470e53e23f3a00fcab7f6902463e8ba889c516,24806,-7.2999954,110.20001,675.0,25200,Asia/Jakarta,365,0,28.679,OK,,2026-10-02T17:20:45Z
reserve,temanggung,2023,2023-01-01,2023-12-31,era5_seamless,https://archive-api.open-meteo.com/v1/archive?latitude=-7.25788&longitude=110.13565&start_date=2023-01-01&end_date=2023-12-31&daily=relative_humidity_2m_max%2Crelative_humidity_2m_min%2Cvapour_pressure_deficit_max%2Cshortwave_radiation_sum%2Ccloud_cover_mean%2Cwind_speed_10m_max%2Cwind_speed_10m_mean%2Csoil_moisture_0_to_7cm_mean%2Csoil_moisture_28_to_100cm_mean%2Csoil_temperature_0_to_7cm_mean%2Crain_sum&models=era5_seamless&temperature_unit=celsius&wind_speed_unit=ms&precipitation_unit=mm&timeformat=iso8601&timezone=Asia%2FJakarta&cell_selection=land,200,data/raw/openmeteo/reserve/temanggung/2023.json,3f66af1d4d0e38b498bfc43548622b3668ab6f07848ecb99c3c3656b4eb36707,24741,-7.2999954,110.20001,675.0,25200,Asia/Jakarta,365,0,28.679,OK,,2026-10-02T17:20:56Z
reserve,temanggung,2024,2024-01-01,2024-12-31,era5_seamless,https://archive-api.open-meteo.com/v1/archive?latitude=-7.25788&longitude=110.13565&start_date=2024-01-01&end_date=2024-12-31&daily=relative_humidity_2m_max%2Crelative_humidity_2m_min%2Cvapour_pressure_deficit_max%2Cshortwave_radiation_sum%2Ccloud_cover_mean%2Cwind_speed_10m_max%2Cwind_speed_10m_mean%2Csoil_moisture_0_to_7cm_mean%2Csoil_moisture_28_to_100cm_mean%2Csoil_temperature_0_to_7cm_mean%2Crain_sum&models=era5_seamless&temperature_unit=celsius&wind_speed_unit=ms&precipitation_unit=mm&timeformat=iso8601&timezone=Asia%2FJakarta&cell_selection=land,200,data/raw/openmeteo/reserve/temanggung/2024.json,0a702a6fe435bc824ae01b5e53d47ffae8eb8b83b65179f3e8b99a4bedbea1fb,24830,-7.2999954,110.20001,675.0,25200,Asia/Jakarta,366,0,28.757,OK,,2026-10-02T17:21:00Z
reserve,temanggung,2025,2025-01-01,2025-12-31,era5_seamless,https://archive-api.open-meteo.com/v1/archive?latitude=-7.25788&longitude=110.13565&start_date=2025-01-01&end_date=2025-12-31&daily=relative_humidity_2m_max%2Crelative_humidity_2m_min%2Cvapour_pressure_deficit_max%2Cshortwave_radiation_sum%2Ccloud_cover_mean%2Cwind_speed_10m_max%2Cwind_speed_10m_mean%2Csoil_moisture_0_to_7cm_mean%2Csoil_moisture_28_to_100cm_mean%2Csoil_temperature_0_to_7cm_mean%2Crain_sum&models=era5_seamless&temperature_unit=celsius&wind_speed_unit=ms&precipitation_unit=mm&timeformat=iso8601&timezone=Asia%2FJakarta&cell_selection=land,200,data/raw/openmeteo/reserve/temanggung/2025.json,f4944df87d34168bfcfe0460931c5b1db560717a37c88d4135b65a3500b81516,24794,-7.2999954,110.20001,675.0,25200,Asia/Jakarta,365,0,28.679,OK,,2026-10-02T17:21:04Z
reserve,temanggung,2026,2026-01-01,2026-09-30,era5_seamless,https://archive-api.open-meteo.com/v1/archive?latitude=-7.25788&longitude=110.13565&start_date=2026-01-01&end_date=2026-09-30&daily=relative_humidity_2m_max%2Crelative_humidity_2m_min%2Cvapour_pressure_deficit_max%2Cshortwave_radiation_sum%2Ccloud_cover_mean%2Cwind_speed_10m_max%2Cwind_speed_10m_mean%2Csoil_moisture_0_to_7cm_mean%2Csoil_moisture_28_to_100cm_mean%2Csoil_temperature_0_to_7cm_mean%2Crain_sum&models=era5_seamless&temperature_unit=celsius&wind_speed_unit=ms&precipitation_unit=mm&timeformat=iso8601&timezone=Asia%2FJakarta&cell_selection=land,200,data/raw/openmeteo/reserve/temanggung/2026.json,13157f2c200c58bc0c779bf5e2e91f129bc62be2681d039d02fa64f6ab800593,18741,-7.2999954,110.20001,675.0,25200,Asia/Jakarta,273,53,21.45,OK,,2026-10-02T17:21:06Z
reserve,nganjuk,2018,2018-01-01,2018-12-31,era5_seamless,https://archive-api.open-meteo.com/v1/archive?latitude=-7.59737&longitude=111.9384&start_date=2018-01-01&end_date=2018-12-31&daily=relative_humidity_2m_max%2Crelative_humidity_2m_min%2Cvapour_pressure_deficit_max%2Cshortwave_radiation_sum%2Ccloud_cover_mean%2Cwind_speed_10m_max%2Cwind_speed_10m_mean%2Csoil_moisture_0_to_7cm_mean%2Csoil_moisture_28_to_100cm_mean%2Csoil_temperature_0_to_7cm_mean%2Crain_sum&models=era5_seamless&temperature_unit=celsius&wind_speed_unit=ms&precipitation_unit=mm&timeformat=iso8601&timezone=Asia%2FJakarta&cell_selection=land,200,data/raw/openmeteo/reserve/nganjuk/2018.json,09c1d8c61268501254fda67fb6addd32b54393898958951b8a9cc81acc77bc40,24686,-7.5999985,111.899994,49.0,25200,Asia/Jakarta,365,0,28.679,OK,,2026-10-02T17:21:07Z
reserve,nganjuk,2019,2019-01-01,2019-12-31,era5_seamless,https://archive-api.open-meteo.com/v1/archive?latitude=-7.59737&longitude=111.9384&start_date=2019-01-01&end_date=2019-12-31&daily=relative_humidity_2m_max%2Crelative_humidity_2m_min%2Cvapour_pressure_deficit_max%2Cshortwave_radiation_sum%2Ccloud_cover_mean%2Cwind_speed_10m_max%2Cwind_speed_10m_mean%2Csoil_moisture_0_to_7cm_mean%2Csoil_moisture_28_to_100cm_mean%2Csoil_temperature_0_to_7cm_mean%2Crain_sum&models=era5_seamless&temperature_unit=celsius&wind_speed_unit=ms&precipitation_unit=mm&timeformat=iso8601&timezone=Asia%2FJakarta&cell_selection=land,200,data/raw/openmeteo/reserve/nganjuk/2019.json,c4a3e10c5d0673f55c8020be95782b020d9d0d678eb7161345eb6b89123d4870,24710,-7.5999985,111.899994,49.0,25200,Asia/Jakarta,365,0,28.679,OK,,2026-10-02T17:21:08Z
reserve,nganjuk,2020,2020-01-01,2020-12-31,era5_seamless,https://archive-api.open-meteo.com/v1/archive?latitude=-7.59737&longitude=111.9384&start_date=2020-01-01&end_date=2020-12-31&daily=relative_humidity_2m_max%2Crelative_humidity_2m_min%2Cvapour_pressure_deficit_max%2Cshortwave_radiation_sum%2Ccloud_cover_mean%2Cwind_speed_10m_max%2Cwind_speed_10m_mean%2Csoil_moisture_0_to_7cm_mean%2Csoil_moisture_28_to_100cm_mean%2Csoil_temperature_0_to_7cm_mean%2Crain_sum&models=era5_seamless&temperature_unit=celsius&wind_speed_unit=ms&precipitation_unit=mm&timeformat=iso8601&timezone=Asia%2FJakarta&cell_selection=land,200,data/raw/openmeteo/reserve/nganjuk/2020.json,ce9e8f397834be84eb5b920bd79ba3710b1698bbc4d20374b73a98b4ff43942f,24796,-7.5999985,111.899994,49.0,25200,Asia/Jakarta,366,0,28.757,OK,,2026-10-02T17:21:10Z
reserve,nganjuk,2021,2021-01-01,2021-12-31,era5_seamless,https://archive-api.open-meteo.com/v1/archive?latitude=-7.59737&longitude=111.9384&start_date=2021-01-01&end_date=2021-12-31&daily=relative_humidity_2m_max%2Crelative_humidity_2m_min%2Cvapour_pressure_deficit_max%2Cshortwave_radiation_sum%2Ccloud_cover_mean%2Cwind_speed_10m_max%2Cwind_speed_10m_mean%2Csoil_moisture_0_to_7cm_mean%2Csoil_moisture_28_to_100cm_mean%2Csoil_temperature_0_to_7cm_mean%2Crain_sum&models=era5_seamless&temperature_unit=celsius&wind_speed_unit=ms&precipitation_unit=mm&timeformat=iso8601&timezone=Asia%2FJakarta&cell_selection=land,200,data/raw/openmeteo/reserve/nganjuk/2021.json,c7a3d813c3f58710c890dc544abbdc96c4c1089454622ae73e8621b0b7c9c7f3,24740,-7.5999985,111.899994,49.0,25200,Asia/Jakarta,365,0,28.679,OK,,2026-10-02T17:21:11Z
reserve,nganjuk,2022,2022-01-01,2022-12-31,era5_seamless,https://archive-api.open-meteo.com/v1/archive?latitude=-7.59737&longitude=111.9384&start_date=2022-01-01&end_date=2022-12-31&daily=relative_humidity_2m_max%2Crelative_humidity_2m_min%2Cvapour_pressure_deficit_max%2Cshortwave_radiation_sum%2Ccloud_cover_mean%2Cwind_speed_10m_max%2Cwind_speed_10m_mean%2Csoil_moisture_0_to_7cm_mean%2Csoil_moisture_28_to_100cm_mean%2Csoil_temperature_0_to_7cm_mean%2Crain_sum&models=era5_seamless&temperature_unit=celsius&wind_speed_unit=ms&precipitation_unit=mm&timeformat=iso8601&timezone=Asia%2FJakarta&cell_selection=land,200,data/raw/openmeteo/reserve/nganjuk/2022.json,23a63107bd9281e41f1c066efc81cf653d28b77c027aa161cf21c242bfd48b65,24760,-7.5999985,111.899994,49.0,25200,Asia/Jakarta,365,0,28.679,OK,,2026-10-02T17:21:14Z
reserve,nganjuk,2023,2023-01-01,2023-12-31,era5_seamless,https://archive-api.open-meteo.com/v1/archive?latitude=-7.59737&longitude=111.9384&start_date=2023-01-01&end_date=2023-12-31&daily=relative_humidity_2m_max%2Crelative_humidity_2m_min%2Cvapour_pressure_deficit_max%2Cshortwave_radiation_sum%2Ccloud_cover_mean%2Cwind_speed_10m_max%2Cwind_speed_10m_mean%2Csoil_moisture_0_to_7cm_mean%2Csoil_moisture_28_to_100cm_mean%2Csoil_temperature_0_to_7cm_mean%2Crain_sum&models=era5_seamless&temperature_unit=celsius&wind_speed_unit=ms&precipitation_unit=mm&timeformat=iso8601&timezone=Asia%2FJakarta&cell_selection=land,200,data/raw/openmeteo/reserve/nganjuk/2023.json,ded11fef140ac9d50bb1d13cee1a1b73e1cfbc2c5c12b78816d2e6b45d7c6bdf,24710,-7.5999985,111.899994,49.0,25200,Asia/Jakarta,365,0,28.679,OK,,2026-10-02T17:21:16Z
reserve,nganjuk,2024,2024-01-01,2024-12-31,era5_seamless,https://archive-api.open-meteo.com/v1/archive?latitude=-7.59737&longitude=111.9384&start_date=2024-01-01&end_date=2024-12-31&daily=relative_humidity_2m_max%2Crelative_humidity_2m_min%2Cvapour_pressure_deficit_max%2Cshortwave_radiation_sum%2Ccloud_cover_mean%2Cwind_speed_10m_max%2Cwind_speed_10m_mean%2Csoil_moisture_0_to_7cm_mean%2Csoil_moisture_28_to_100cm_mean%2Csoil_temperature_0_to_7cm_mean%2Crain_sum&models=era5_seamless&temperature_unit=celsius&wind_speed_unit=ms&precipitation_unit=mm&timeformat=iso8601&timezone=Asia%2FJakarta&cell_selection=land,200,data/raw/openmeteo/reserve/nganjuk/2024.json,3d333e43057e97555b47c7044fff89fd3747ea76f44eb0632283c99064d3bd26,24783,-7.5999985,111.899994,49.0,25200,Asia/Jakarta,366,0,28.757,OK,,2026-10-02T17:21:21Z
reserve,nganjuk,2025,2025-01-01,2025-12-31,era5_seamless,https://archive-api.open-meteo.com/v1/archive?latitude=-7.59737&longitude=111.9384&start_date=2025-01-01&end_date=2025-12-31&daily=relative_humidity_2m_max%2Crelative_humidity_2m_min%2Cvapour_pressure_deficit_max%2Cshortwave_radiation_sum%2Ccloud_cover_mean%2Cwind_speed_10m_max%2Cwind_speed_10m_mean%2Csoil_moisture_0_to_7cm_mean%2Csoil_moisture_28_to_100cm_mean%2Csoil_temperature_0_to_7cm_mean%2Crain_sum&models=era5_seamless&temperature_unit=celsius&wind_speed_unit=ms&precipitation_unit=mm&timeformat=iso8601&timezone=Asia%2FJakarta&cell_selection=land,200,data/raw/openmeteo/reserve/nganjuk/2025.json,4cac46bd8c13d3bd99fd23c175fd81b08581bac4fb2255f23fc12608b00ba0d4,24744,-7.5999985,111.899994,49.0,25200,Asia/Jakarta,365,0,28.679,OK,,2026-10-02T17:21:23Z
reserve,nganjuk,2026,2026-01-01,2026-09-30,era5_seamless,https://archive-api.open-meteo.com/v1/archive?latitude=-7.59737&longitude=111.9384&start_date=2026-01-01&end_date=2026-09-30&daily=relative_humidity_2m_max%2Crelative_humidity_2m_min%2Cvapour_pressure_deficit_max%2Cshortwave_radiation_sum%2Ccloud_cover_mean%2Cwind_speed_10m_max%2Cwind_speed_10m_mean%2Csoil_moisture_0_to_7cm_mean%2Csoil_moisture_28_to_100cm_mean%2Csoil_temperature_0_to_7cm_mean%2Crain_sum&models=era5_seamless&temperature_unit=celsius&wind_speed_unit=ms&precipitation_unit=mm&timeformat=iso8601&timezone=Asia%2FJakarta&cell_selection=land,200,data/raw/openmeteo/reserve/nganjuk/2026.json,57c98005f6786d871888fa246a56decee84561370da82145b26758b2d1e44142,18718,-7.5999985,111.899994,49.0,25200,Asia/Jakarta,273,53,21.45,OK,,2026-10-02T17:21:25Z
reserve,bima,2018,2018-01-01,2018-12-31,era5_seamless,https://archive-api.open-meteo.com/v1/archive?latitude=-8.47469&longitude=118.6187&start_date=2018-01-01&end_date=2018-12-31&daily=relative_humidity_2m_max%2Crelative_humidity_2m_min%2Cvapour_pressure_deficit_max%2Cshortwave_radiation_sum%2Ccloud_cover_mean%2Cwind_speed_10m_max%2Cwind_speed_10m_mean%2Csoil_moisture_0_to_7cm_mean%2Csoil_moisture_28_to_100cm_mean%2Csoil_temperature_0_to_7cm_mean%2Crain_sum&models=era5_seamless&temperature_unit=celsius&wind_speed_unit=ms&precipitation_unit=mm&timeformat=iso8601&timezone=Asia%2FJakarta&cell_selection=land,200,data/raw/openmeteo/reserve/bima/2018.json,f016f9669d06059b5c6c4badf5165c50397f0b1b1f0e8bae22d9c4db61a42ac3,24672,-8.5,118.600006,139.0,25200,Asia/Jakarta,365,0,28.679,OK,,2026-10-02T17:21:27Z
reserve,bima,2019,2019-01-01,2019-12-31,era5_seamless,https://archive-api.open-meteo.com/v1/archive?latitude=-8.47469&longitude=118.6187&start_date=2019-01-01&end_date=2019-12-31&daily=relative_humidity_2m_max%2Crelative_humidity_2m_min%2Cvapour_pressure_deficit_max%2Cshortwave_radiation_sum%2Ccloud_cover_mean%2Cwind_speed_10m_max%2Cwind_speed_10m_mean%2Csoil_moisture_0_to_7cm_mean%2Csoil_moisture_28_to_100cm_mean%2Csoil_temperature_0_to_7cm_mean%2Crain_sum&models=era5_seamless&temperature_unit=celsius&wind_speed_unit=ms&precipitation_unit=mm&timeformat=iso8601&timezone=Asia%2FJakarta&cell_selection=land,200,data/raw/openmeteo/reserve/bima/2019.json,191c7df2944ebf14781e7110f88b594eee0aeb1969b38619ddd938ffc80a53fd,24649,-8.5,118.600006,139.0,25200,Asia/Jakarta,365,0,28.679,OK,,2026-10-02T17:21:28Z
reserve,bima,2020,2020-01-01,2020-12-31,era5_seamless,https://archive-api.open-meteo.com/v1/archive?latitude=-8.47469&longitude=118.6187&start_date=2020-01-01&end_date=2020-12-31&daily=relative_humidity_2m_max%2Crelative_humidity_2m_min%2Cvapour_pressure_deficit_max%2Cshortwave_radiation_sum%2Ccloud_cover_mean%2Cwind_speed_10m_max%2Cwind_speed_10m_mean%2Csoil_moisture_0_to_7cm_mean%2Csoil_moisture_28_to_100cm_mean%2Csoil_temperature_0_to_7cm_mean%2Crain_sum&models=era5_seamless&temperature_unit=celsius&wind_speed_unit=ms&precipitation_unit=mm&timeformat=iso8601&timezone=Asia%2FJakarta&cell_selection=land,200,data/raw/openmeteo/reserve/bima/2020.json,e20db60b5a688bca88d15015a09a5d68f9054c9ea7caff1171fda42fb144605f,24742,-8.5,118.600006,139.0,25200,Asia/Jakarta,366,0,28.757,OK,,2026-10-02T17:21:29Z
reserve,bima,2021,2021-01-01,2021-12-31,era5_seamless,https://archive-api.open-meteo.com/v1/archive?latitude=-8.47469&longitude=118.6187&start_date=2021-01-01&end_date=2021-12-31&daily=relative_humidity_2m_max%2Crelative_humidity_2m_min%2Cvapour_pressure_deficit_max%2Cshortwave_radiation_sum%2Ccloud_cover_mean%2Cwind_speed_10m_max%2Cwind_speed_10m_mean%2Csoil_moisture_0_to_7cm_mean%2Csoil_moisture_28_to_100cm_mean%2Csoil_temperature_0_to_7cm_mean%2Crain_sum&models=era5_seamless&temperature_unit=celsius&wind_speed_unit=ms&precipitation_unit=mm&timeformat=iso8601&timezone=Asia%2FJakarta&cell_selection=land,200,data/raw/openmeteo/reserve/bima/2021.json,21428377a17b363e8b0dabb8fa760e1b3b13df04a6a6edd7572fda0b6e3539b4,24702,-8.5,118.600006,139.0,25200,Asia/Jakarta,365,0,28.679,OK,,2026-10-02T17:21:46Z
reserve,bima,2022,2022-01-01,2022-12-31,era5_seamless,https://archive-api.open-meteo.com/v1/archive?latitude=-8.47469&longitude=118.6187&start_date=2022-01-01&end_date=2022-12-31&daily=relative_humidity_2m_max%2Crelative_humidity_2m_min%2Cvapour_pressure_deficit_max%2Cshortwave_radiation_sum%2Ccloud_cover_mean%2Cwind_speed_10m_max%2Cwind_speed_10m_mean%2Csoil_moisture_0_to_7cm_mean%2Csoil_moisture_28_to_100cm_mean%2Csoil_temperature_0_to_7cm_mean%2Crain_sum&models=era5_seamless&temperature_unit=celsius&wind_speed_unit=ms&precipitation_unit=mm&timeformat=iso8601&timezone=Asia%2FJakarta&cell_selection=land,200,data/raw/openmeteo/reserve/bima/2022.json,faf1ce98383478cd310d69f38b79387fb9e1b0653bfb4a94c4303798f9912f20,24695,-8.5,118.600006,139.0,25200,Asia/Jakarta,365,0,28.679,OK,,2026-10-02T17:21:58Z
reserve,bima,2023,2023-01-01,2023-12-31,era5_seamless,https://archive-api.open-meteo.com/v1/archive?latitude=-8.47469&longitude=118.6187&start_date=2023-01-01&end_date=2023-12-31&daily=relative_humidity_2m_max%2Crelative_humidity_2m_min%2Cvapour_pressure_deficit_max%2Cshortwave_radiation_sum%2Ccloud_cover_mean%2Cwind_speed_10m_max%2Cwind_speed_10m_mean%2Csoil_moisture_0_to_7cm_mean%2Csoil_moisture_28_to_100cm_mean%2Csoil_temperature_0_to_7cm_mean%2Crain_sum&models=era5_seamless&temperature_unit=celsius&wind_speed_unit=ms&precipitation_unit=mm&timeformat=iso8601&timezone=Asia%2FJakarta&cell_selection=land,200,data/raw/openmeteo/reserve/bima/2023.json,5527245525acc0d5db85d16a0740199ffea11ac87e90062b779562e8989210bf,24654,-8.5,118.600006,139.0,25200,Asia/Jakarta,365,0,28.679,OK,,2026-10-02T17:22:02Z
reserve,bima,2024,2024-01-01,2024-12-31,era5_seamless,https://archive-api.open-meteo.com/v1/archive?latitude=-8.47469&longitude=118.6187&start_date=2024-01-01&end_date=2024-12-31&daily=relative_humidity_2m_max%2Crelative_humidity_2m_min%2Cvapour_pressure_deficit_max%2Cshortwave_radiation_sum%2Ccloud_cover_mean%2Cwind_speed_10m_max%2Cwind_speed_10m_mean%2Csoil_moisture_0_to_7cm_mean%2Csoil_moisture_28_to_100cm_mean%2Csoil_temperature_0_to_7cm_mean%2Crain_sum&models=era5_seamless&temperature_unit=celsius&wind_speed_unit=ms&precipitation_unit=mm&timeformat=iso8601&timezone=Asia%2FJakarta&cell_selection=land,200,data/raw/openmeteo/reserve/bima/2024.json,8c750c73637e924b8ede5c42455de0dc0cbdf022ae26f57269aafd64affdfa9d,24739,-8.5,118.600006,139.0,25200,Asia/Jakarta,366,0,28.757,OK,,2026-10-02T17:22:05Z
reserve,bima,2025,2025-01-01,2025-12-31,era5_seamless,https://archive-api.open-meteo.com/v1/archive?latitude=-8.47469&longitude=118.6187&start_date=2025-01-01&end_date=2025-12-31&daily=relative_humidity_2m_max%2Crelative_humidity_2m_min%2Cvapour_pressure_deficit_max%2Cshortwave_radiation_sum%2Ccloud_cover_mean%2Cwind_speed_10m_max%2Cwind_speed_10m_mean%2Csoil_moisture_0_to_7cm_mean%2Csoil_moisture_28_to_100cm_mean%2Csoil_temperature_0_to_7cm_mean%2Crain_sum&models=era5_seamless&temperature_unit=celsius&wind_speed_unit=ms&precipitation_unit=mm&timeformat=iso8601&timezone=Asia%2FJakarta&cell_selection=land,200,data/raw/openmeteo/reserve/bima/2025.json,e135c048531eaaf0076f4b79decc6daf0fed6a78e06263476383676bcb53ab39,24713,-8.5,118.600006,139.0,25200,Asia/Jakarta,365,0,28.679,OK,,2026-10-02T17:22:09Z
reserve,bima,2026,2026-01-01,2026-09-30,era5_seamless,https://archive-api.open-meteo.com/v1/archive?latitude=-8.47469&longitude=118.6187&start_date=2026-01-01&end_date=2026-09-30&daily=relative_humidity_2m_max%2Crelative_humidity_2m_min%2Cvapour_pressure_deficit_max%2Cshortwave_radiation_sum%2Ccloud_cover_mean%2Cwind_speed_10m_max%2Cwind_speed_10m_mean%2Csoil_moisture_0_to_7cm_mean%2Csoil_moisture_28_to_100cm_mean%2Csoil_temperature_0_to_7cm_mean%2Crain_sum&models=era5_seamless&temperature_unit=celsius&wind_speed_unit=ms&precipitation_unit=mm&timeformat=iso8601&timezone=Asia%2FJakarta&cell_selection=land,200,data/raw/openmeteo/reserve/bima/2026.json,066a005234624a40773ef2bfc5838e280da01ad03545ac0350cbf433ce3fb1d1,18692,-8.5,118.600006,139.0,25200,Asia/Jakarta,273,53,21.45,OK,,2026-10-02T17:22:12Z
reserve,sragen,2018,2018-01-01,2018-12-31,era5_seamless,https://archive-api.open-meteo.com/v1/archive?latitude=-7.3872&longitude=110.97751&start_date=2018-01-01&end_date=2018-12-31&daily=relative_humidity_2m_max%2Crelative_humidity_2m_min%2Cvapour_pressure_deficit_max%2Cshortwave_radiation_sum%2Ccloud_cover_mean%2Cwind_speed_10m_max%2Cwind_speed_10m_mean%2Csoil_moisture_0_to_7cm_mean%2Csoil_moisture_28_to_100cm_mean%2Csoil_temperature_0_to_7cm_mean%2Crain_sum&models=era5_seamless&temperature_unit=celsius&wind_speed_unit=ms&precipitation_unit=mm&timeformat=iso8601&timezone=Asia%2FJakarta&cell_selection=land,200,data/raw/openmeteo/reserve/sragen/2018.json,7747fb724e9caa1354d2318afe8d3162bf1308de5a17ebd4e3802aff45b1d2c4,24709,-7.4000015,111.0,78.0,25200,Asia/Jakarta,365,0,28.679,OK,,2026-10-02T17:22:13Z
reserve,sragen,2019,2019-01-01,2019-12-31,era5_seamless,https://archive-api.open-meteo.com/v1/archive?latitude=-7.3872&longitude=110.97751&start_date=2019-01-01&end_date=2019-12-31&daily=relative_humidity_2m_max%2Crelative_humidity_2m_min%2Cvapour_pressure_deficit_max%2Cshortwave_radiation_sum%2Ccloud_cover_mean%2Cwind_speed_10m_max%2Cwind_speed_10m_mean%2Csoil_moisture_0_to_7cm_mean%2Csoil_moisture_28_to_100cm_mean%2Csoil_temperature_0_to_7cm_mean%2Crain_sum&models=era5_seamless&temperature_unit=celsius&wind_speed_unit=ms&precipitation_unit=mm&timeformat=iso8601&timezone=Asia%2FJakarta&cell_selection=land,200,data/raw/openmeteo/reserve/sragen/2019.json,1b3ae26a857f3c622f039b4ed59942662c9f700125337e9b3210557b6e67db6d,24710,-7.4000015,111.0,78.0,25200,Asia/Jakarta,365,0,28.679,OK,,2026-10-02T17:22:14Z
reserve,sragen,2020,2020-01-01,2020-12-31,era5_seamless,https://archive-api.open-meteo.com/v1/archive?latitude=-7.3872&longitude=110.97751&start_date=2020-01-01&end_date=2020-12-31&daily=relative_humidity_2m_max%2Crelative_humidity_2m_min%2Cvapour_pressure_deficit_max%2Cshortwave_radiation_sum%2Ccloud_cover_mean%2Cwind_speed_10m_max%2Cwind_speed_10m_mean%2Csoil_moisture_0_to_7cm_mean%2Csoil_moisture_28_to_100cm_mean%2Csoil_temperature_0_to_7cm_mean%2Crain_sum&models=era5_seamless&temperature_unit=celsius&wind_speed_unit=ms&precipitation_unit=mm&timeformat=iso8601&timezone=Asia%2FJakarta&cell_selection=land,200,data/raw/openmeteo/reserve/sragen/2020.json,f6b9e2037b69d9f9af3583f1c8a6ec26f9165af5b3add440f52b0e972e398ed1,24804,-7.4000015,111.0,78.0,25200,Asia/Jakarta,366,0,28.757,OK,,2026-10-02T18:49:32Z
reserve,sragen,2021,2021-01-01,2021-12-31,era5_seamless,https://archive-api.open-meteo.com/v1/archive?latitude=-7.3872&longitude=110.97751&start_date=2021-01-01&end_date=2021-12-31&daily=relative_humidity_2m_max%2Crelative_humidity_2m_min%2Cvapour_pressure_deficit_max%2Cshortwave_radiation_sum%2Ccloud_cover_mean%2Cwind_speed_10m_max%2Cwind_speed_10m_mean%2Csoil_moisture_0_to_7cm_mean%2Csoil_moisture_28_to_100cm_mean%2Csoil_temperature_0_to_7cm_mean%2Crain_sum&models=era5_seamless&temperature_unit=celsius&wind_speed_unit=ms&precipitation_unit=mm&timeformat=iso8601&timezone=Asia%2FJakarta&cell_selection=land,200,data/raw/openmeteo/reserve/sragen/2021.json,a59b2be0e2d7dc16ba96da887a661be1256f669511462af932a207a906a9ffbe,24763,-7.4000015,111.0,78.0,25200,Asia/Jakarta,365,0,28.679,OK,,2026-10-02T18:49:33Z
reserve,sragen,2022,2022-01-01,2022-12-31,era5_seamless,https://archive-api.open-meteo.com/v1/archive?latitude=-7.3872&longitude=110.97751&start_date=2022-01-01&end_date=2022-12-31&daily=relative_humidity_2m_max%2Crelative_humidity_2m_min%2Cvapour_pressure_deficit_max%2Cshortwave_radiation_sum%2Ccloud_cover_mean%2Cwind_speed_10m_max%2Cwind_speed_10m_mean%2Csoil_moisture_0_to_7cm_mean%2Csoil_moisture_28_to_100cm_mean%2Csoil_temperature_0_to_7cm_mean%2Crain_sum&models=era5_seamless&temperature_unit=celsius&wind_speed_unit=ms&precipitation_unit=mm&timeformat=iso8601&timezone=Asia%2FJakarta&cell_selection=land,200,data/raw/openmeteo/reserve/sragen/2022.json,dc7e940f0ae0d6ecea41f1dad5f5ca71a151a3f1fcb582c0f615af0bb1098305,24766,-7.4000015,111.0,78.0,25200,Asia/Jakarta,365,0,28.679,OK,,2026-10-02T18:49:34Z
reserve,sragen,2023,2023-01-01,2023-12-31,era5_seamless,https://archive-api.open-meteo.com/v1/archive?latitude=-7.3872&longitude=110.97751&start_date=2023-01-01&end_date=2023-12-31&daily=relative_humidity_2m_max%2Crelative_humidity_2m_min%2Cvapour_pressure_deficit_max%2Cshortwave_radiation_sum%2Ccloud_cover_mean%2Cwind_speed_10m_max%2Cwind_speed_10m_mean%2Csoil_moisture_0_to_7cm_mean%2Csoil_moisture_28_to_100cm_mean%2Csoil_temperature_0_to_7cm_mean%2Crain_sum&models=era5_seamless&temperature_unit=celsius&wind_speed_unit=ms&precipitation_unit=mm&timeformat=iso8601&timezone=Asia%2FJakarta&cell_selection=land,200,data/raw/openmeteo/reserve/sragen/2023.json,1a07061bea96ba9fd10c1bfd2c51fc6b9f819217c8a8722bf5ddae093ad04753,24683,-7.4000015,111.0,78.0,25200,Asia/Jakarta,365,0,28.679,OK,,2026-10-02T18:49:36Z
reserve,sragen,2024,2024-01-01,2024-12-31,era5_seamless,https://archive-api.open-meteo.com/v1/archive?latitude=-7.3872&longitude=110.97751&start_date=2024-01-01&end_date=2024-12-31&daily=relative_humidity_2m_max%2Crelative_humidity_2m_min%2Cvapour_pressure_deficit_max%2Cshortwave_radiation_sum%2Ccloud_cover_mean%2Cwind_speed_10m_max%2Cwind_speed_10m_mean%2Csoil_moisture_0_to_7cm_mean%2Csoil_moisture_28_to_100cm_mean%2Csoil_temperature_0_to_7cm_mean%2Crain_sum&models=era5_seamless&temperature_unit=celsius&wind_speed_unit=ms&precipitation_unit=mm&timeformat=iso8601&timezone=Asia%2FJakarta&cell_selection=land,200,data/raw/openmeteo/reserve/sragen/2024.json,15ae9fba5048f77aba75025641967fc81dafe4c9221819bef9edffdcfef19930,24791,-7.4000015,111.0,78.0,25200,Asia/Jakarta,366,0,28.757,OK,,2026-10-02T18:49:37Z
reserve,sragen,2025,2025-01-01,2025-12-31,era5_seamless,https://archive-api.open-meteo.com/v1/archive?latitude=-7.3872&longitude=110.97751&start_date=2025-01-01&end_date=2025-12-31&daily=relative_humidity_2m_max%2Crelative_humidity_2m_min%2Cvapour_pressure_deficit_max%2Cshortwave_radiation_sum%2Ccloud_cover_mean%2Cwind_speed_10m_max%2Cwind_speed_10m_mean%2Csoil_moisture_0_to_7cm_mean%2Csoil_moisture_28_to_100cm_mean%2Csoil_temperature_0_to_7cm_mean%2Crain_sum&models=era5_seamless&temperature_unit=celsius&wind_speed_unit=ms&precipitation_unit=mm&timeformat=iso8601&timezone=Asia%2FJakarta&cell_selection=land,200,data/raw/openmeteo/reserve/sragen/2025.json,eb0e7d19608e2a356de271f52522297989e853cb6b5728c7b1e7479be5df5b87,24731,-7.4000015,111.0,78.0,25200,Asia/Jakarta,365,0,28.679,OK,,2026-10-02T18:49:39Z
reserve,sragen,2026,2026-01-01,2026-09-30,era5_seamless,https://archive-api.open-meteo.com/v1/archive?latitude=-7.3872&longitude=110.97751&start_date=2026-01-01&end_date=2026-09-30&daily=relative_humidity_2m_max%2Crelative_humidity_2m_min%2Cvapour_pressure_deficit_max%2Cshortwave_radiation_sum%2Ccloud_cover_mean%2Cwind_speed_10m_max%2Cwind_speed_10m_mean%2Csoil_moisture_0_to_7cm_mean%2Csoil_moisture_28_to_100cm_mean%2Csoil_temperature_0_to_7cm_mean%2Crain_sum&models=era5_seamless&temperature_unit=celsius&wind_speed_unit=ms&precipitation_unit=mm&timeformat=iso8601&timezone=Asia%2FJakarta&cell_selection=land,200,data/raw/openmeteo/reserve/sragen/2026.json,c7feb8b4cf444aff7f6ce20a0d61a6882f24b6eb56ef02a8406aa3bd8b7c9313,18718,-7.4000015,111.0,78.0,25200,Asia/Jakarta,273,53,21.45,OK,,2026-10-02T18:49:41Z
reserve,cilacap,2018,2018-01-01,2018-12-31,era5_seamless,https://archive-api.open-meteo.com/v1/archive?latitude=-7.49089&longitude=108.89037&start_date=2018-01-01&end_date=2018-12-31&daily=relative_humidity_2m_max%2Crelative_humidity_2m_min%2Cvapour_pressure_deficit_max%2Cshortwave_radiation_sum%2Ccloud_cover_mean%2Cwind_speed_10m_max%2Cwind_speed_10m_mean%2Csoil_moisture_0_to_7cm_mean%2Csoil_moisture_28_to_100cm_mean%2Csoil_temperature_0_to_7cm_mean%2Crain_sum&models=era5_seamless&temperature_unit=celsius&wind_speed_unit=ms&precipitation_unit=mm&timeformat=iso8601&timezone=Asia%2FJakarta&cell_selection=land,200,data/raw/openmeteo/reserve/cilacap/2018.json,ef4939e34c146fded7c3339b450aedc041ce3b1da0f2e8cec3f0cf4569e5ed2f,24702,-7.5,108.899994,21.0,25200,Asia/Jakarta,365,0,28.679,OK,,2026-10-02T18:49:42Z
reserve,cilacap,2019,2019-01-01,2019-12-31,era5_seamless,https://archive-api.open-meteo.com/v1/archive?latitude=-7.49089&longitude=108.89037&start_date=2019-01-01&end_date=2019-12-31&daily=relative_humidity_2m_max%2Crelative_humidity_2m_min%2Cvapour_pressure_deficit_max%2Cshortwave_radiation_sum%2Ccloud_cover_mean%2Cwind_speed_10m_max%2Cwind_speed_10m_mean%2Csoil_moisture_0_to_7cm_mean%2Csoil_moisture_28_to_100cm_mean%2Csoil_temperature_0_to_7cm_mean%2Crain_sum&models=era5_seamless&temperature_unit=celsius&wind_speed_unit=ms&precipitation_unit=mm&timeformat=iso8601&timezone=Asia%2FJakarta&cell_selection=land,200,data/raw/openmeteo/reserve/cilacap/2019.json,876a980e96f0c0012e9abd9c7deffa4e35abde3c911dc5315c2f873bf25feb5f,24677,-7.5,108.899994,21.0,25200,Asia/Jakarta,365,0,28.679,OK,,2026-10-02T18:49:43Z
reserve,cilacap,2020,2020-01-01,2020-12-31,era5_seamless,https://archive-api.open-meteo.com/v1/archive?latitude=-7.49089&longitude=108.89037&start_date=2020-01-01&end_date=2020-12-31&daily=relative_humidity_2m_max%2Crelative_humidity_2m_min%2Cvapour_pressure_deficit_max%2Cshortwave_radiation_sum%2Ccloud_cover_mean%2Cwind_speed_10m_max%2Cwind_speed_10m_mean%2Csoil_moisture_0_to_7cm_mean%2Csoil_moisture_28_to_100cm_mean%2Csoil_temperature_0_to_7cm_mean%2Crain_sum&models=era5_seamless&temperature_unit=celsius&wind_speed_unit=ms&precipitation_unit=mm&timeformat=iso8601&timezone=Asia%2FJakarta&cell_selection=land,200,data/raw/openmeteo/reserve/cilacap/2020.json,11385629cbcadd49468fee11743b4186b8e422281eca5639ad61497cde206e25,24807,-7.5,108.899994,21.0,25200,Asia/Jakarta,366,0,28.757,OK,,2026-10-02T18:49:44Z
reserve,cilacap,2021,2021-01-01,2021-12-31,era5_seamless,https://archive-api.open-meteo.com/v1/archive?latitude=-7.49089&longitude=108.89037&start_date=2021-01-01&end_date=2021-12-31&daily=relative_humidity_2m_max%2Crelative_humidity_2m_min%2Cvapour_pressure_deficit_max%2Cshortwave_radiation_sum%2Ccloud_cover_mean%2Cwind_speed_10m_max%2Cwind_speed_10m_mean%2Csoil_moisture_0_to_7cm_mean%2Csoil_moisture_28_to_100cm_mean%2Csoil_temperature_0_to_7cm_mean%2Crain_sum&models=era5_seamless&temperature_unit=celsius&wind_speed_unit=ms&precipitation_unit=mm&timeformat=iso8601&timezone=Asia%2FJakarta&cell_selection=land,200,data/raw/openmeteo/reserve/cilacap/2021.json,8e5708c64e6888f1c77f9946e9cbfe64cf0d7b21696b1d615e04f1dd0abd6d59,24728,-7.5,108.899994,21.0,25200,Asia/Jakarta,365,0,28.679,OK,,2026-10-02T18:49:45Z
reserve,cilacap,2022,2022-01-01,2022-12-31,era5_seamless,https://archive-api.open-meteo.com/v1/archive?latitude=-7.49089&longitude=108.89037&start_date=2022-01-01&end_date=2022-12-31&daily=relative_humidity_2m_max%2Crelative_humidity_2m_min%2Cvapour_pressure_deficit_max%2Cshortwave_radiation_sum%2Ccloud_cover_mean%2Cwind_speed_10m_max%2Cwind_speed_10m_mean%2Csoil_moisture_0_to_7cm_mean%2Csoil_moisture_28_to_100cm_mean%2Csoil_temperature_0_to_7cm_mean%2Crain_sum&models=era5_seamless&temperature_unit=celsius&wind_speed_unit=ms&precipitation_unit=mm&timeformat=iso8601&timezone=Asia%2FJakarta&cell_selection=land,200,data/raw/openmeteo/reserve/cilacap/2022.json,e1dffb97f1d2eeef864793d7fc25c923e21c9c7d9f5e64b6e4454c2c5d7b5929,24751,-7.5,108.899994,21.0,25200,Asia/Jakarta,365,0,28.679,OK,,2026-10-02T18:49:47Z
reserve,cilacap,2023,2023-01-01,2023-12-31,era5_seamless,https://archive-api.open-meteo.com/v1/archive?latitude=-7.49089&longitude=108.89037&start_date=2023-01-01&end_date=2023-12-31&daily=relative_humidity_2m_max%2Crelative_humidity_2m_min%2Cvapour_pressure_deficit_max%2Cshortwave_radiation_sum%2Ccloud_cover_mean%2Cwind_speed_10m_max%2Cwind_speed_10m_mean%2Csoil_moisture_0_to_7cm_mean%2Csoil_moisture_28_to_100cm_mean%2Csoil_temperature_0_to_7cm_mean%2Crain_sum&models=era5_seamless&temperature_unit=celsius&wind_speed_unit=ms&precipitation_unit=mm&timeformat=iso8601&timezone=Asia%2FJakarta&cell_selection=land,200,data/raw/openmeteo/reserve/cilacap/2023.json,f23af10982dd45b0312338553fe75e6cd98b3c0e87a252fb3cee1784734756cb,24696,-7.5,108.899994,21.0,25200,Asia/Jakarta,365,0,28.679,OK,,2026-10-02T18:49:48Z
reserve,cilacap,2024,2024-01-01,2024-12-31,era5_seamless,https://archive-api.open-meteo.com/v1/archive?latitude=-7.49089&longitude=108.89037&start_date=2024-01-01&end_date=2024-12-31&daily=relative_humidity_2m_max%2Crelative_humidity_2m_min%2Cvapour_pressure_deficit_max%2Cshortwave_radiation_sum%2Ccloud_cover_mean%2Cwind_speed_10m_max%2Cwind_speed_10m_mean%2Csoil_moisture_0_to_7cm_mean%2Csoil_moisture_28_to_100cm_mean%2Csoil_temperature_0_to_7cm_mean%2Crain_sum&models=era5_seamless&temperature_unit=celsius&wind_speed_unit=ms&precipitation_unit=mm&timeformat=iso8601&timezone=Asia%2FJakarta&cell_selection=land,200,data/raw/openmeteo/reserve/cilacap/2024.json,fef580d5302d12feb717986c24d6086173b5ffb806488c47a6a309ecbac7703e,24782,-7.5,108.899994,21.0,25200,Asia/Jakarta,366,0,28.757,OK,,2026-10-02T18:49:49Z
reserve,cilacap,2025,2025-01-01,2025-12-31,era5_seamless,https://archive-api.open-meteo.com/v1/archive?latitude=-7.49089&longitude=108.89037&start_date=2025-01-01&end_date=2025-12-31&daily=relative_humidity_2m_max%2Crelative_humidity_2m_min%2Cvapour_pressure_deficit_max%2Cshortwave_radiation_sum%2Ccloud_cover_mean%2Cwind_speed_10m_max%2Cwind_speed_10m_mean%2Csoil_moisture_0_to_7cm_mean%2Csoil_moisture_28_to_100cm_mean%2Csoil_temperature_0_to_7cm_mean%2Crain_sum&models=era5_seamless&temperature_unit=celsius&wind_speed_unit=ms&precipitation_unit=mm&timeformat=iso8601&timezone=Asia%2FJakarta&cell_selection=land,200,data/raw/openmeteo/reserve/cilacap/2025.json,a494438ec3f1dfd73208ee471cc2bdedb027fef947ac0de49cbe107823cc5bc6,24756,-7.5,108.899994,21.0,25200,Asia/Jakarta,365,0,28.679,OK,,2026-10-02T18:49:51Z
reserve,cilacap,2026,2026-01-01,2026-09-30,era5_seamless,https://archive-api.open-meteo.com/v1/archive?latitude=-7.49089&longitude=108.89037&start_date=2026-01-01&end_date=2026-09-30&daily=relative_humidity_2m_max%2Crelative_humidity_2m_min%2Cvapour_pressure_deficit_max%2Cshortwave_radiation_sum%2Ccloud_cover_mean%2Cwind_speed_10m_max%2Cwind_speed_10m_mean%2Csoil_moisture_0_to_7cm_mean%2Csoil_moisture_28_to_100cm_mean%2Csoil_temperature_0_to_7cm_mean%2Crain_sum&models=era5_seamless&temperature_unit=celsius&wind_speed_unit=ms&precipitation_unit=mm&timeformat=iso8601&timezone=Asia%2FJakarta&cell_selection=land,200,data/raw/openmeteo/reserve/cilacap/2026.json,fa8599c53d13c9965e713b551d02dbcdfd6f1587978e433e85914f78861eb2cb,18706,-7.5,108.899994,21.0,25200,Asia/Jakarta,273,53,21.45,OK,,2026-10-02T18:49:52Z
reserve,sukoharjo,2018,2018-01-01,2018-12-31,era5_seamless,https://archive-api.open-meteo.com/v1/archive?latitude=-7.6808&longitude=110.83464&start_date=2018-01-01&end_date=2018-12-31&daily=relative_humidity_2m_max%2Crelative_humidity_2m_min%2Cvapour_pressure_deficit_max%2Cshortwave_radiation_sum%2Ccloud_cover_mean%2Cwind_speed_10m_max%2Cwind_speed_10m_mean%2Csoil_moisture_0_to_7cm_mean%2Csoil_moisture_28_to_100cm_mean%2Csoil_temperature_0_to_7cm_mean%2Crain_sum&models=era5_seamless&temperature_unit=celsius&wind_speed_unit=ms&precipitation_unit=mm&timeformat=iso8601&timezone=Asia%2FJakarta&cell_selection=land,200,data/raw/openmeteo/reserve/sukoharjo/2018.json,0a95d00ca0bfde2079acda386147361bd7a5a800932767706236e3e605b1b293,24758,-7.699997,110.80002,99.0,25200,Asia/Jakarta,365,0,28.679,OK,,2026-10-02T18:49:53Z
reserve,sukoharjo,2019,2019-01-01,2019-12-31,era5_seamless,https://archive-api.open-meteo.com/v1/archive?latitude=-7.6808&longitude=110.83464&start_date=2019-01-01&end_date=2019-12-31&daily=relative_humidity_2m_max%2Crelative_humidity_2m_min%2Cvapour_pressure_deficit_max%2Cshortwave_radiation_sum%2Ccloud_cover_mean%2Cwind_speed_10m_max%2Cwind_speed_10m_mean%2Csoil_moisture_0_to_7cm_mean%2Csoil_moisture_28_to_100cm_mean%2Csoil_temperature_0_to_7cm_mean%2Crain_sum&models=era5_seamless&temperature_unit=celsius&wind_speed_unit=ms&precipitation_unit=mm&timeformat=iso8601&timezone=Asia%2FJakarta&cell_selection=land,200,data/raw/openmeteo/reserve/sukoharjo/2019.json,d7aae7e2b497c2d860fe404f1b1a5d20c3cb271540b23a41afabc587fe36277b,24763,-7.699997,110.80002,99.0,25200,Asia/Jakarta,365,0,28.679,OK,,2026-10-02T18:50:33Z
reserve,sukoharjo,2020,2020-01-01,2020-12-31,era5_seamless,https://archive-api.open-meteo.com/v1/archive?latitude=-7.6808&longitude=110.83464&start_date=2020-01-01&end_date=2020-12-31&daily=relative_humidity_2m_max%2Crelative_humidity_2m_min%2Cvapour_pressure_deficit_max%2Cshortwave_radiation_sum%2Ccloud_cover_mean%2Cwind_speed_10m_max%2Cwind_speed_10m_mean%2Csoil_moisture_0_to_7cm_mean%2Csoil_moisture_28_to_100cm_mean%2Csoil_temperature_0_to_7cm_mean%2Crain_sum&models=era5_seamless&temperature_unit=celsius&wind_speed_unit=ms&precipitation_unit=mm&timeformat=iso8601&timezone=Asia%2FJakarta&cell_selection=land,200,data/raw/openmeteo/reserve/sukoharjo/2020.json,6afc58556ae498814affc3733198d2925f47d04a0e74a443ffeff0233dad0e4c,24882,-7.699997,110.80002,99.0,25200,Asia/Jakarta,366,0,28.757,OK,,2026-10-02T18:50:34Z
reserve,sukoharjo,2021,2021-01-01,2021-12-31,era5_seamless,https://archive-api.open-meteo.com/v1/archive?latitude=-7.6808&longitude=110.83464&start_date=2021-01-01&end_date=2021-12-31&daily=relative_humidity_2m_max%2Crelative_humidity_2m_min%2Cvapour_pressure_deficit_max%2Cshortwave_radiation_sum%2Ccloud_cover_mean%2Cwind_speed_10m_max%2Cwind_speed_10m_mean%2Csoil_moisture_0_to_7cm_mean%2Csoil_moisture_28_to_100cm_mean%2Csoil_temperature_0_to_7cm_mean%2Crain_sum&models=era5_seamless&temperature_unit=celsius&wind_speed_unit=ms&precipitation_unit=mm&timeformat=iso8601&timezone=Asia%2FJakarta&cell_selection=land,200,data/raw/openmeteo/reserve/sukoharjo/2021.json,905281d60153c9823ba0989fa90bf9a21afb0ef1d28e7531ba2733e80d5c8e6d,24817,-7.699997,110.80002,99.0,25200,Asia/Jakarta,365,0,28.679,OK,,2026-10-02T18:50:36Z
reserve,sukoharjo,2022,2022-01-01,2022-12-31,era5_seamless,https://archive-api.open-meteo.com/v1/archive?latitude=-7.6808&longitude=110.83464&start_date=2022-01-01&end_date=2022-12-31&daily=relative_humidity_2m_max%2Crelative_humidity_2m_min%2Cvapour_pressure_deficit_max%2Cshortwave_radiation_sum%2Ccloud_cover_mean%2Cwind_speed_10m_max%2Cwind_speed_10m_mean%2Csoil_moisture_0_to_7cm_mean%2Csoil_moisture_28_to_100cm_mean%2Csoil_temperature_0_to_7cm_mean%2Crain_sum&models=era5_seamless&temperature_unit=celsius&wind_speed_unit=ms&precipitation_unit=mm&timeformat=iso8601&timezone=Asia%2FJakarta&cell_selection=land,200,data/raw/openmeteo/reserve/sukoharjo/2022.json,c78588598860fc6f7087b0079f2c18d30830c16192d69e83629fb4970ed29420,24858,-7.699997,110.80002,99.0,25200,Asia/Jakarta,365,0,28.679,OK,,2026-10-02T18:50:38Z
reserve,sukoharjo,2023,2023-01-01,2023-12-31,era5_seamless,https://archive-api.open-meteo.com/v1/archive?latitude=-7.6808&longitude=110.83464&start_date=2023-01-01&end_date=2023-12-31&daily=relative_humidity_2m_max%2Crelative_humidity_2m_min%2Cvapour_pressure_deficit_max%2Cshortwave_radiation_sum%2Ccloud_cover_mean%2Cwind_speed_10m_max%2Cwind_speed_10m_mean%2Csoil_moisture_0_to_7cm_mean%2Csoil_moisture_28_to_100cm_mean%2Csoil_temperature_0_to_7cm_mean%2Crain_sum&models=era5_seamless&temperature_unit=celsius&wind_speed_unit=ms&precipitation_unit=mm&timeformat=iso8601&timezone=Asia%2FJakarta&cell_selection=land,200,data/raw/openmeteo/reserve/sukoharjo/2023.json,dab374b8d969c7dc2228ba6b6e64a2d8ebbbd7e6b592f77faa4c48e48320a0ba,24742,-7.699997,110.80002,99.0,25200,Asia/Jakarta,365,0,28.679,OK,,2026-10-02T18:50:40Z
reserve,sukoharjo,2024,2024-01-01,2024-12-31,era5_seamless,https://archive-api.open-meteo.com/v1/archive?latitude=-7.6808&longitude=110.83464&start_date=2024-01-01&end_date=2024-12-31&daily=relative_humidity_2m_max%2Crelative_humidity_2m_min%2Cvapour_pressure_deficit_max%2Cshortwave_radiation_sum%2Ccloud_cover_mean%2Cwind_speed_10m_max%2Cwind_speed_10m_mean%2Csoil_moisture_0_to_7cm_mean%2Csoil_moisture_28_to_100cm_mean%2Csoil_temperature_0_to_7cm_mean%2Crain_sum&models=era5_seamless&temperature_unit=celsius&wind_speed_unit=ms&precipitation_unit=mm&timeformat=iso8601&timezone=Asia%2FJakarta&cell_selection=land,200,data/raw/openmeteo/reserve/sukoharjo/2024.json,21c98f029cb7acf4e8a86a4543f69d7d6f4d33d133e66eabcee99955d88d15d5,24864,-7.699997,110.80002,99.0,25200,Asia/Jakarta,366,0,28.757,OK,,2026-10-02T18:50:42Z
reserve,sukoharjo,2025,2025-01-01,2025-12-31,era5_seamless,https://archive-api.open-meteo.com/v1/archive?latitude=-7.6808&longitude=110.83464&start_date=2025-01-01&end_date=2025-12-31&daily=relative_humidity_2m_max%2Crelative_humidity_2m_min%2Cvapour_pressure_deficit_max%2Cshortwave_radiation_sum%2Ccloud_cover_mean%2Cwind_speed_10m_max%2Cwind_speed_10m_mean%2Csoil_moisture_0_to_7cm_mean%2Csoil_moisture_28_to_100cm_mean%2Csoil_temperature_0_to_7cm_mean%2Crain_sum&models=era5_seamless&temperature_unit=celsius&wind_speed_unit=ms&precipitation_unit=mm&timeformat=iso8601&timezone=Asia%2FJakarta&cell_selection=land,200,data/raw/openmeteo/reserve/sukoharjo/2025.json,1c92943a46fce25100ce82b72b73a253d03bb18c54fd8e189792d06ba2d5ce4d,24821,-7.699997,110.80002,99.0,25200,Asia/Jakarta,365,0,28.679,OK,,2026-10-02T18:50:44Z
reserve,sukoharjo,2026,2026-01-01,2026-09-30,era5_seamless,https://archive-api.open-meteo.com/v1/archive?latitude=-7.6808&longitude=110.83464&start_date=2026-01-01&end_date=2026-09-30&daily=relative_humidity_2m_max%2Crelative_humidity_2m_min%2Cvapour_pressure_deficit_max%2Cshortwave_radiation_sum%2Ccloud_cover_mean%2Cwind_speed_10m_max%2Cwind_speed_10m_mean%2Csoil_moisture_0_to_7cm_mean%2Csoil_moisture_28_to_100cm_mean%2Csoil_temperature_0_to_7cm_mean%2Crain_sum&models=era5_seamless&temperature_unit=celsius&wind_speed_unit=ms&precipitation_unit=mm&timeformat=iso8601&timezone=Asia%2FJakarta&cell_selection=land,200,data/raw/openmeteo/reserve/sukoharjo/2026.json,1e0ffe984fd308a33f1be286e07262cd9869a5fb48841af1721e0e5d0362a730,18758,-7.699997,110.80002,99.0,25200,Asia/Jakarta,273,53,21.45,OK,,2026-10-02T18:50:46Z
