comcat_id,commodity,chunk,start_date,end_date,request_url,http_status,raw_file,raw_sha256,raw_bytes,n_date_keys,n_reported,n_dash,n_expected_weekdays,check,error,collected_at_utc
com_14,Cabai Merah Keriting,2019-01,2019-01-01,2019-01-31,https://www.bi.go.id/hargapangan/WebSite/TabelHarga/GetGridDataKomoditas?price_type_id=1&comcat_id=com_14&province_id=13&regency_id=34&showKota=true&showPasar=true&tipe_laporan=1&start_date=2019-01-01&end_date=2019-01-31&_=1791021598697,200,data/raw/pihps/com_14/2019-01.json,97193090931d7885f5b77e4d8693fd7f10afe9b330f687d219989f4723868fe2,3293,23,22,1,23,OK,,2026-10-03T09:59:58Z
com_14,Cabai Merah Keriting,2019-02,2019-02-01,2019-02-28,https://www.bi.go.id/hargapangan/WebSite/TabelHarga/GetGridDataKomoditas?price_type_id=1&comcat_id=com_14&province_id=13&regency_id=34&showKota=true&showPasar=true&tipe_laporan=1&start_date=2019-02-01&end_date=2019-02-28&_=1791021600547,200,data/raw/pihps/com_14/2019-02.json,b648009d0f8f036b8ec76ccfd4245da4dda40074b35a1bc3fb258b0f406d42da,2897,20,19,1,20,OK,,2026-10-03T10:00:00Z
com_14,Cabai Merah Keriting,2019-03,2019-03-01,2019-03-31,https://www.bi.go.id/hargapangan/WebSite/TabelHarga/GetGridDataKomoditas?price_type_id=1&comcat_id=com_14&province_id=13&regency_id=34&showKota=true&showPasar=true&tipe_laporan=1&start_date=2019-03-01&end_date=2019-03-31&_=1791021601922,200,data/raw/pihps/com_14/2019-03.json,3c67293ce91ae909a6a4f83546fec3d7bbfce68a6a86801005681528023b00d4,3029,21,20,1,21,OK,,2026-10-03T10:00:01Z
com_14,Cabai Merah Keriting,2019-04,2019-04-01,2019-04-30,https://www.bi.go.id/hargapangan/WebSite/TabelHarga/GetGridDataKomoditas?price_type_id=1&comcat_id=com_14&province_id=13&regency_id=34&showKota=true&showPasar=true&tipe_laporan=1&start_date=2019-04-01&end_date=2019-04-30&_=1791021603603,200,data/raw/pihps/com_14/2019-04.json,6e6d60ce12754ba49e42d8e7afdd9935bf24d778cc7791950eca43d78c0c2b41,3111,22,19,3,22,OK,,2026-10-03T10:00:03Z
com_14,Cabai Merah Keriting,2019-05,2019-05-01,2019-05-31,https://www.bi.go.id/hargapangan/WebSite/TabelHarga/GetGridDataKomoditas?price_type_id=1&comcat_id=com_14&province_id=13&regency_id=34&showKota=true&showPasar=true&tipe_laporan=1&start_date=2019-05-01&end_date=2019-05-31&_=1791021604987,200,data/raw/pihps/com_14/2019-05.json,bb264add91f77701bd7ea8ad89b1d947e45ee346a031e5072f1b9f65c4285567,3268,23,21,2,23,OK,,2026-10-03T10:00:04Z
com_14,Cabai Merah Keriting,2019-06,2019-06-01,2019-06-30,https://www.bi.go.id/hargapangan/WebSite/TabelHarga/GetGridDataKomoditas?price_type_id=1&comcat_id=com_14&province_id=13&regency_id=34&showKota=true&showPasar=true&tipe_laporan=1&start_date=2019-06-01&end_date=2019-06-30&_=1791021606606,200,data/raw/pihps/com_14/2019-06.json,d237dbcfb5566c8a86256353343f729393e910e8c09faf0e4a6bb83964080fca,2846,20,17,3,20,OK,,2026-10-03T10:00:06Z
com_14,Cabai Merah Keriting,2019-07,2019-07-01,2019-07-31,https://www.bi.go.id/hargapangan/WebSite/TabelHarga/GetGridDataKomoditas?price_type_id=1&comcat_id=com_14&province_id=13&regency_id=34&showKota=true&showPasar=true&tipe_laporan=1&start_date=2019-07-01&end_date=2019-07-31&_=1791021608252,200,data/raw/pihps/com_14/2019-07.json,60543f0d4fea3a08ae97cd3b8c233ad4fd80336dc875d0a7488e86ac95905be6,3318,23,23,0,23,OK,,2026-10-03T10:00:08Z
com_14,Cabai Merah Keriting,2019-08,2019-08-01,2019-08-31,https://www.bi.go.id/hargapangan/WebSite/TabelHarga/GetGridDataKomoditas?price_type_id=1&comcat_id=com_14&province_id=13&regency_id=34&showKota=true&showPasar=true&tipe_laporan=1&start_date=2019-08-01&end_date=2019-08-31&_=1791021609785,200,data/raw/pihps/com_14/2019-08.json,1da81d48bc88dcb4b82d9ef3ab281f187ed69d98b19fb1c3dd0e25115b5b7603,3195,22,22,0,22,OK,,2026-10-03T10:00:09Z
com_14,Cabai Merah Keriting,2019-09,2019-09-01,2019-09-30,https://www.bi.go.id/hargapangan/WebSite/TabelHarga/GetGridDataKomoditas?price_type_id=1&comcat_id=com_14&province_id=13&regency_id=34&showKota=true&showPasar=true&tipe_laporan=1&start_date=2019-09-01&end_date=2019-09-30&_=1791021611512,200,data/raw/pihps/com_14/2019-09.json,507747280b79f859df4c28eb90a33bfeae5ae0ea3819bdac0fa496ceaba636eb,3054,21,21,0,21,OK,,2026-10-03T10:00:11Z
com_14,Cabai Merah Keriting,2019-10,2019-10-01,2019-10-31,https://www.bi.go.id/hargapangan/WebSite/TabelHarga/GetGridDataKomoditas?price_type_id=1&comcat_id=com_14&province_id=13&regency_id=34&showKota=true&showPasar=true&tipe_laporan=1&start_date=2019-10-01&end_date=2019-10-31&_=1791021613296,200,data/raw/pihps/com_14/2019-10.json,5f77a41b480a5f51cd95702142021c291ed803a926174dad2b1ff5749a08a4a5,3318,23,23,0,23,OK,,2026-10-03T10:00:13Z
com_14,Cabai Merah Keriting,2019-11,2019-11-01,2019-11-30,https://www.bi.go.id/hargapangan/WebSite/TabelHarga/GetGridDataKomoditas?price_type_id=1&comcat_id=com_14&province_id=13&regency_id=34&showKota=true&showPasar=true&tipe_laporan=1&start_date=2019-11-01&end_date=2019-11-30&_=1791021615078,200,data/raw/pihps/com_14/2019-11.json,48b5e96864219568dce49637fa049120775b9c429085d25d2a507fff94f8cf34,3054,21,21,0,21,OK,,2026-10-03T10:00:15Z
com_14,Cabai Merah Keriting,2019-12,2019-12-01,2019-12-31,https://www.bi.go.id/hargapangan/WebSite/TabelHarga/GetGridDataKomoditas?price_type_id=1&comcat_id=com_14&province_id=13&regency_id=34&showKota=true&showPasar=true&tipe_laporan=1&start_date=2019-12-01&end_date=2019-12-31&_=1791021616673,200,data/raw/pihps/com_14/2019-12.json,c90fe54e12456ff2d83192cd9ab0e0abaca86e39cf8cfa9445e6285fe100f896,3111,22,19,3,22,OK,,2026-10-03T10:00:16Z
com_14,Cabai Merah Keriting,2020-01,2020-01-01,2020-01-31,https://www.bi.go.id/hargapangan/WebSite/TabelHarga/GetGridDataKomoditas?price_type_id=1&comcat_id=com_14&province_id=13&regency_id=34&showKota=true&showPasar=true&tipe_laporan=1&start_date=2020-01-01&end_date=2020-01-31&_=1791021618141,200,data/raw/pihps/com_14/2020-01.json,acc5b64d8d6bbaabf9ea22f516e0aca00544934998a4165c885632280989c554,3288,23,22,1,23,OK,,2026-10-03T10:00:18Z
com_14,Cabai Merah Keriting,2020-02,2020-02-01,2020-02-29,https://www.bi.go.id/hargapangan/WebSite/TabelHarga/GetGridDataKomoditas?price_type_id=1&comcat_id=com_14&province_id=13&regency_id=34&showKota=true&showPasar=true&tipe_laporan=1&start_date=2020-02-01&end_date=2020-02-29&_=1791021619855,200,data/raw/pihps/com_14/2020-02.json,8fa3dea51b59c04f597a8e2f27c20ec7e0d4b7d77df5e615c23b7811df05618c,2922,20,20,0,20,OK,,2026-10-03T10:00:19Z
com_14,Cabai Merah Keriting,2020-03,2020-03-01,2020-03-31,https://www.bi.go.id/hargapangan/WebSite/TabelHarga/GetGridDataKomoditas?price_type_id=1&comcat_id=com_14&province_id=13&regency_id=34&showKota=true&showPasar=true&tipe_laporan=1&start_date=2020-03-01&end_date=2020-03-31&_=1791021621664,200,data/raw/pihps/com_14/2020-03.json,15f17002533b70dbe789b3db3dcde2663e5b8b15a1be6fddad4750c186bef250,3161,22,21,1,22,OK,,2026-10-03T10:00:21Z
com_14,Cabai Merah Keriting,2020-04,2020-04-01,2020-04-30,https://www.bi.go.id/hargapangan/WebSite/TabelHarga/GetGridDataKomoditas?price_type_id=1&comcat_id=com_14&province_id=13&regency_id=34&showKota=true&showPasar=true&tipe_laporan=1&start_date=2020-04-01&end_date=2020-04-30&_=1791021623165,200,data/raw/pihps/com_14/2020-04.json,d09a47bad4d995e888ade8ca2a17f8fc58865e82d7585017057e620002935a19,3161,22,21,1,22,OK,,2026-10-03T10:00:23Z
com_14,Cabai Merah Keriting,2020-05,2020-05-01,2020-05-31,https://www.bi.go.id/hargapangan/WebSite/TabelHarga/GetGridDataKomoditas?price_type_id=1&comcat_id=com_14&province_id=13&regency_id=34&showKota=true&showPasar=true&tipe_laporan=1&start_date=2020-05-01&end_date=2020-05-31&_=1791021624895,200,data/raw/pihps/com_14/2020-05.json,b48a4ff8e6499293d96d0d2003401d12a7df2437ded4960bb2f0b9fea3073750,2929,21,16,5,21,OK,,2026-10-03T10:00:24Z
com_14,Cabai Merah Keriting,2020-06,2020-06-01,2020-06-30,https://www.bi.go.id/hargapangan/WebSite/TabelHarga/GetGridDataKomoditas?price_type_id=1&comcat_id=com_14&province_id=13&regency_id=34&showKota=true&showPasar=true&tipe_laporan=1&start_date=2020-06-01&end_date=2020-06-30&_=1791021626399,200,data/raw/pihps/com_14/2020-06.json,f3e048136b3b80dde30180510bd77433dc0a17ed21e88a37f69977005c857f14,3161,22,21,1,22,OK,,2026-10-03T10:00:26Z
com_14,Cabai Merah Keriting,2020-07,2020-07-01,2020-07-31,https://www.bi.go.id/hargapangan/WebSite/TabelHarga/GetGridDataKomoditas?price_type_id=1&comcat_id=com_14&province_id=13&regency_id=34&showKota=true&showPasar=true&tipe_laporan=1&start_date=2020-07-01&end_date=2020-07-31&_=1791021627945,200,data/raw/pihps/com_14/2020-07.json,adfe5d9295f421a0f1a1f4ecfc93451fd4cb6183ac76bcf8e073285c66f93a96,3293,23,22,1,23,OK,,2026-10-03T10:00:27Z
com_14,Cabai Merah Keriting,2020-08,2020-08-01,2020-08-31,https://www.bi.go.id/hargapangan/WebSite/TabelHarga/GetGridDataKomoditas?price_type_id=1&comcat_id=com_14&province_id=13&regency_id=34&showKota=true&showPasar=true&tipe_laporan=1&start_date=2020-08-01&end_date=2020-08-31&_=1791021629627,200,data/raw/pihps/com_14/2020-08.json,b031240ce436190b6faad31e7a1879776421583ddfee57e228549693a735c324,2979,21,18,3,21,OK,,2026-10-03T10:00:29Z
com_14,Cabai Merah Keriting,2020-09,2020-09-01,2020-09-30,https://www.bi.go.id/hargapangan/WebSite/TabelHarga/GetGridDataKomoditas?price_type_id=1&comcat_id=com_14&province_id=13&regency_id=34&showKota=true&showPasar=true&tipe_laporan=1&start_date=2020-09-01&end_date=2020-09-30&_=1791021631045,200,data/raw/pihps/com_14/2020-09.json,be18684446b6cc7661804679d259d6ed064d9703c13a330f2e5da3a36ac6b190,3186,22,22,0,22,OK,,2026-10-03T10:00:31Z
com_14,Cabai Merah Keriting,2020-10,2020-10-01,2020-10-31,https://www.bi.go.id/hargapangan/WebSite/TabelHarga/GetGridDataKomoditas?price_type_id=1&comcat_id=com_14&province_id=13&regency_id=34&showKota=true&showPasar=true&tipe_laporan=1&start_date=2020-10-01&end_date=2020-10-31&_=1791021632648,200,data/raw/pihps/com_14/2020-10.json,38082e4dcfd40a5c951e77d0bb83b8de4f6844a7157eb70c8dba0a4b475c5d1c,3111,22,19,3,22,OK,,2026-10-03T10:00:32Z
com_14,Cabai Merah Keriting,2020-11,2020-11-01,2020-11-30,https://www.bi.go.id/hargapangan/WebSite/TabelHarga/GetGridDataKomoditas?price_type_id=1&comcat_id=com_14&province_id=13&regency_id=34&showKota=true&showPasar=true&tipe_laporan=1&start_date=2020-11-01&end_date=2020-11-30&_=1791021634130,200,data/raw/pihps/com_14/2020-11.json,f96eb823f1e1753e638496f5680bd21270c07120b9bf5775f40530734dd1abd9,3054,21,21,0,21,OK,,2026-10-03T10:00:34Z
com_14,Cabai Merah Keriting,2020-12,2020-12-01,2020-12-31,https://www.bi.go.id/hargapangan/WebSite/TabelHarga/GetGridDataKomoditas?price_type_id=1&comcat_id=com_14&province_id=13&regency_id=34&showKota=true&showPasar=true&tipe_laporan=1&start_date=2020-12-01&end_date=2020-12-31&_=1791021635463,200,data/raw/pihps/com_14/2020-12.json,32af6d89dc18eebe17df1bc32a779ad1d5c107253df3a3c009127a34a3c44192,3213,23,19,4,23,OK,,2026-10-03T10:00:35Z
com_14,Cabai Merah Keriting,2021-01,2021-01-01,2021-01-31,https://www.bi.go.id/hargapangan/WebSite/TabelHarga/GetGridDataKomoditas?price_type_id=1&comcat_id=com_14&province_id=13&regency_id=34&showKota=true&showPasar=true&tipe_laporan=1&start_date=2021-01-01&end_date=2021-01-31&_=1791021636851,200,data/raw/pihps/com_14/2021-01.json,41c8c43d56d40d2553ea24a35a83e2d9d13da8640eec0957c9db4210cfd61d3d,3024,21,20,1,21,OK,,2026-10-03T10:00:36Z
com_14,Cabai Merah Keriting,2021-02,2021-02-01,2021-02-28,https://www.bi.go.id/hargapangan/WebSite/TabelHarga/GetGridDataKomoditas?price_type_id=1&comcat_id=com_14&province_id=13&regency_id=34&showKota=true&showPasar=true&tipe_laporan=1&start_date=2021-02-01&end_date=2021-02-28&_=1791021638666,200,data/raw/pihps/com_14/2021-02.json,5980b75868edba095f3a60420abed7604d9a129a0f68d89fa2dbb99cf4936021,2897,20,19,1,20,OK,,2026-10-03T10:00:38Z
com_14,Cabai Merah Keriting,2021-03,2021-03-01,2021-03-31,https://www.bi.go.id/hargapangan/WebSite/TabelHarga/GetGridDataKomoditas?price_type_id=1&comcat_id=com_14&province_id=13&regency_id=34&showKota=true&showPasar=true&tipe_laporan=1&start_date=2021-03-01&end_date=2021-03-31&_=1791021640316,200,data/raw/pihps/com_14/2021-03.json,a1876517bcc68b669cc2af4004423a77fd5f86576ce41aea842c29df45cdef6c,3293,23,22,1,23,OK,,2026-10-03T10:00:40Z
com_14,Cabai Merah Keriting,2021-04,2021-04-01,2021-04-30,https://www.bi.go.id/hargapangan/WebSite/TabelHarga/GetGridDataKomoditas?price_type_id=1&comcat_id=com_14&province_id=13&regency_id=34&showKota=true&showPasar=true&tipe_laporan=1&start_date=2021-04-01&end_date=2021-04-30&_=1791021642122,200,data/raw/pihps/com_14/2021-04.json,60b0fdede624d17ddbd1939f14c44e9ec94b044fa1d06697df1831c273c53d8d,3161,22,21,1,22,OK,,2026-10-03T10:00:42Z
com_14,Cabai Merah Keriting,2021-05,2021-05-01,2021-05-31,https://www.bi.go.id/hargapangan/WebSite/TabelHarga/GetGridDataKomoditas?price_type_id=1&comcat_id=com_14&province_id=13&regency_id=34&showKota=true&showPasar=true&tipe_laporan=1&start_date=2021-05-01&end_date=2021-05-31&_=1791021643677,200,data/raw/pihps/com_14/2021-05.json,5cf8760ccf277f842372d4c818fb50b9bc522df09acf57d9a818b53968b44d7b,2939,21,17,4,21,OK,,2026-10-03T10:00:43Z
com_14,Cabai Merah Keriting,2021-06,2021-06-01,2021-06-30,https://www.bi.go.id/hargapangan/WebSite/TabelHarga/GetGridDataKomoditas?price_type_id=1&comcat_id=com_14&province_id=13&regency_id=34&showKota=true&showPasar=true&tipe_laporan=1&start_date=2021-06-01&end_date=2021-06-30&_=1791021645429,200,data/raw/pihps/com_14/2021-06.json,35f73f0f7167ec9361576a1caaaa84c2442ce96491bee30bf80a8a1139555561,3161,22,21,1,22,OK,,2026-10-03T10:00:45Z
com_14,Cabai Merah Keriting,2021-07,2021-07-01,2021-07-31,https://www.bi.go.id/hargapangan/WebSite/TabelHarga/GetGridDataKomoditas?price_type_id=1&comcat_id=com_14&province_id=13&regency_id=34&showKota=true&showPasar=true&tipe_laporan=1&start_date=2021-07-01&end_date=2021-07-31&_=1791021646730,200,data/raw/pihps/com_14/2021-07.json,b5d54d5d096d24bdfe5869a2db926fdfd5b4f0fce7066be246a01978bc807887,3161,22,21,1,22,OK,,2026-10-03T10:00:46Z
com_14,Cabai Merah Keriting,2021-08,2021-08-01,2021-08-31,https://www.bi.go.id/hargapangan/WebSite/TabelHarga/GetGridDataKomoditas?price_type_id=1&comcat_id=com_14&province_id=13&regency_id=34&showKota=true&showPasar=true&tipe_laporan=1&start_date=2021-08-01&end_date=2021-08-31&_=1791021648510,200,data/raw/pihps/com_14/2021-08.json,85d2d7c6bb42628f882b73f6bcb818434b74c5225e1b9e8aedcb2e269de6bb33,3136,22,20,2,22,OK,,2026-10-03T10:00:48Z
com_14,Cabai Merah Keriting,2021-09,2021-09-01,2021-09-30,https://www.bi.go.id/hargapangan/WebSite/TabelHarga/GetGridDataKomoditas?price_type_id=1&comcat_id=com_14&province_id=13&regency_id=34&showKota=true&showPasar=true&tipe_laporan=1&start_date=2021-09-01&end_date=2021-09-30&_=1791021650277,200,data/raw/pihps/com_14/2021-09.json,a14b2cf9288119cc5fab6700b34ce97e198fccc4f1eb6a306b0d8441826e2744,3186,22,22,0,22,OK,,2026-10-03T10:00:50Z
com_14,Cabai Merah Keriting,2021-10,2021-10-01,2021-10-31,https://www.bi.go.id/hargapangan/WebSite/TabelHarga/GetGridDataKomoditas?price_type_id=1&comcat_id=com_14&province_id=13&regency_id=34&showKota=true&showPasar=true&tipe_laporan=1&start_date=2021-10-01&end_date=2021-10-31&_=1791021651984,200,data/raw/pihps/com_14/2021-10.json,f56c1eee0945a10f8be32925d588d5603ce7b35c39284337e5b45cf87f043108,3029,21,20,1,21,OK,,2026-10-03T10:00:51Z
com_14,Cabai Merah Keriting,2021-11,2021-11-01,2021-11-30,https://www.bi.go.id/hargapangan/WebSite/TabelHarga/GetGridDataKomoditas?price_type_id=1&comcat_id=com_14&province_id=13&regency_id=34&showKota=true&showPasar=true&tipe_laporan=1&start_date=2021-11-01&end_date=2021-11-30&_=1791021653313,200,data/raw/pihps/com_14/2021-11.json,ac199641adfa2426d6e423168e9b7522c4fd3238bb9a25935809d59f4e4fcb8a,3186,22,22,0,22,OK,,2026-10-03T10:00:53Z
com_14,Cabai Merah Keriting,2021-12,2021-12-01,2021-12-31,https://www.bi.go.id/hargapangan/WebSite/TabelHarga/GetGridDataKomoditas?price_type_id=1&comcat_id=com_14&province_id=13&regency_id=34&showKota=true&showPasar=true&tipe_laporan=1&start_date=2021-12-01&end_date=2021-12-31&_=1791021654771,200,data/raw/pihps/com_14/2021-12.json,63cca7bba64ab9f7d3e6e856911209e3917e9eff3e0132f29544ad3bb00cef03,3318,23,23,0,23,OK,,2026-10-03T10:00:54Z
com_14,Cabai Merah Keriting,2022-01,2022-01-01,2022-01-31,https://www.bi.go.id/hargapangan/WebSite/TabelHarga/GetGridDataKomoditas?price_type_id=1&comcat_id=com_14&province_id=13&regency_id=34&showKota=true&showPasar=true&tipe_laporan=1&start_date=2022-01-01&end_date=2022-01-31&_=1791021656294,200,data/raw/pihps/com_14/2022-01.json,49ac6c49281a06d0588d1c5364a9480f4fe5dc1bc06f23733fe3a6f5e0f3e2f4,3049,21,21,0,21,OK,,2026-10-03T10:00:56Z
com_14,Cabai Merah Keriting,2022-02,2022-02-01,2022-02-28,https://www.bi.go.id/hargapangan/WebSite/TabelHarga/GetGridDataKomoditas?price_type_id=1&comcat_id=com_14&province_id=13&regency_id=34&showKota=true&showPasar=true&tipe_laporan=1&start_date=2022-02-01&end_date=2022-02-28&_=1791021657688,200,data/raw/pihps/com_14/2022-02.json,70687520a0658e36aab0b5376e42db0730bacb82ffe4da8f21af299354751f01,2862,20,18,2,20,OK,,2026-10-03T10:00:57Z
com_14,Cabai Merah Keriting,2022-03,2022-03-01,2022-03-31,https://www.bi.go.id/hargapangan/WebSite/TabelHarga/GetGridDataKomoditas?price_type_id=1&comcat_id=com_14&province_id=13&regency_id=34&showKota=true&showPasar=true&tipe_laporan=1&start_date=2022-03-01&end_date=2022-03-31&_=1791021659412,200,data/raw/pihps/com_14/2022-03.json,cefb829f1c57b9fb833398733a816fc27a69ef42458af515c60eba7243b698d7,3288,23,22,1,23,OK,,2026-10-03T10:00:59Z
com_14,Cabai Merah Keriting,2022-04,2022-04-01,2022-04-30,https://www.bi.go.id/hargapangan/WebSite/TabelHarga/GetGridDataKomoditas?price_type_id=1&comcat_id=com_14&province_id=13&regency_id=34&showKota=true&showPasar=true&tipe_laporan=1&start_date=2022-04-01&end_date=2022-04-30&_=1791021660958,200,data/raw/pihps/com_14/2022-04.json,c6ee18d402aa2047ecac4dddc47e26354fc08df0c5004ad71ade8f5235b73774,3004,21,19,2,21,OK,,2026-10-03T10:01:00Z
com_14,Cabai Merah Keriting,2022-05,2022-05-01,2022-05-31,https://www.bi.go.id/hargapangan/WebSite/TabelHarga/GetGridDataKomoditas?price_type_id=1&comcat_id=com_14&province_id=13&regency_id=34&showKota=true&showPasar=true&tipe_laporan=1&start_date=2022-05-01&end_date=2022-05-31&_=1791021662487,200,data/raw/pihps/com_14/2022-05.json,af78a017f69bfd0e497f1233c1ca19684a032784bd7eeaab75d125407982c51a,2996,22,15,7,22,OK,,2026-10-03T10:01:02Z
com_14,Cabai Merah Keriting,2022-06,2022-06-01,2022-06-30,https://www.bi.go.id/hargapangan/WebSite/TabelHarga/GetGridDataKomoditas?price_type_id=1&comcat_id=com_14&province_id=13&regency_id=34&showKota=true&showPasar=true&tipe_laporan=1&start_date=2022-06-01&end_date=2022-06-30&_=1791021664314,200,data/raw/pihps/com_14/2022-06.json,6787435591f4476cda3b684c38db96d0bb60c407c6981cea995a1ff70861ea48,3166,22,21,1,22,OK,,2026-10-03T10:01:04Z
com_14,Cabai Merah Keriting,2022-07,2022-07-01,2022-07-31,https://www.bi.go.id/hargapangan/WebSite/TabelHarga/GetGridDataKomoditas?price_type_id=1&comcat_id=com_14&province_id=13&regency_id=34&showKota=true&showPasar=true&tipe_laporan=1&start_date=2022-07-01&end_date=2022-07-31&_=1791021665959,200,data/raw/pihps/com_14/2022-07.json,304714851c0a83fa9e3d1b68956ea765567e2c451b9e4b09764da9992836718a,3127,21,21,0,21,OK,,2026-10-03T10:01:05Z
com_14,Cabai Merah Keriting,2022-08,2022-08-01,2022-08-31,https://www.bi.go.id/hargapangan/WebSite/TabelHarga/GetGridDataKomoditas?price_type_id=1&comcat_id=com_14&province_id=13&regency_id=34&showKota=true&showPasar=true&tipe_laporan=1&start_date=2022-08-01&end_date=2022-08-31&_=1791021667703,200,data/raw/pihps/com_14/2022-08.json,4e09edc28c49ce9a88ff71016ce3d85420f7371ad7be4dd889ae73264230d0bf,3293,23,22,1,23,OK,,2026-10-03T10:01:07Z
com_14,Cabai Merah Keriting,2022-09,2022-09-01,2022-09-30,https://www.bi.go.id/hargapangan/WebSite/TabelHarga/GetGridDataKomoditas?price_type_id=1&comcat_id=com_14&province_id=13&regency_id=34&showKota=true&showPasar=true&tipe_laporan=1&start_date=2022-09-01&end_date=2022-09-30&_=1791021669367,200,data/raw/pihps/com_14/2022-09.json,bef426b1ec3b4a0c37143fa551626a4e36d6c62a7067fc41280e25b45764943c,3187,22,22,0,22,OK,,2026-10-03T10:01:09Z
com_14,Cabai Merah Keriting,2022-10,2022-10-01,2022-10-31,https://www.bi.go.id/hargapangan/WebSite/TabelHarga/GetGridDataKomoditas?price_type_id=1&comcat_id=com_14&province_id=13&regency_id=34&showKota=true&showPasar=true&tipe_laporan=1&start_date=2022-10-01&end_date=2022-10-31&_=1791021671090,200,data/raw/pihps/com_14/2022-10.json,dc3b90d2a0038170ce430db7044262d449685fc66093a792429e0d391dcaf0fb,3054,21,21,0,21,OK,,2026-10-03T10:01:11Z
com_14,Cabai Merah Keriting,2022-11,2022-11-01,2022-11-30,https://www.bi.go.id/hargapangan/WebSite/TabelHarga/GetGridDataKomoditas?price_type_id=1&comcat_id=com_14&province_id=13&regency_id=34&showKota=true&showPasar=true&tipe_laporan=1&start_date=2022-11-01&end_date=2022-11-30&_=1791021672544,200,data/raw/pihps/com_14/2022-11.json,76f61fab9c6cf8e13f18050338b265d671bdb71b30e007ad616ce490ce629299,3186,22,22,0,22,OK,,2026-10-03T10:01:12Z
com_14,Cabai Merah Keriting,2022-12,2022-12-01,2022-12-31,https://www.bi.go.id/hargapangan/WebSite/TabelHarga/GetGridDataKomoditas?price_type_id=1&comcat_id=com_14&province_id=13&regency_id=34&showKota=true&showPasar=true&tipe_laporan=1&start_date=2022-12-01&end_date=2022-12-31&_=1791021673976,200,data/raw/pihps/com_14/2022-12.json,2196b6c92ea7774d7e59156901a745ae8404c96559111cd0f9ab32f9c7062a95,3186,22,22,0,22,OK,,2026-10-03T10:01:13Z
com_14,Cabai Merah Keriting,2023-01,2023-01-01,2023-01-31,https://www.bi.go.id/hargapangan/WebSite/TabelHarga/GetGridDataKomoditas?price_type_id=1&comcat_id=com_14&province_id=13&regency_id=34&showKota=true&showPasar=true&tipe_laporan=1&start_date=2023-01-01&end_date=2023-01-31&_=1791021675481,200,data/raw/pihps/com_14/2023-01.json,e630ec41d05812abc96f08e8b2a15057606797e31d3124011258a31d68ddd524,3186,22,22,0,22,OK,,2026-10-03T10:01:15Z
com_14,Cabai Merah Keriting,2023-02,2023-02-01,2023-02-28,https://www.bi.go.id/hargapangan/WebSite/TabelHarga/GetGridDataKomoditas?price_type_id=1&comcat_id=com_14&province_id=13&regency_id=34&showKota=true&showPasar=true&tipe_laporan=1&start_date=2023-02-01&end_date=2023-02-28&_=1791021677072,200,data/raw/pihps/com_14/2023-02.json,15e8bce5eb2257b150af1014c29d039561b0ae33fff5ed3ef563e5db067f8b25,2922,20,20,0,20,OK,,2026-10-03T10:01:17Z
com_14,Cabai Merah Keriting,2023-03,2023-03-01,2023-03-31,https://www.bi.go.id/hargapangan/WebSite/TabelHarga/GetGridDataKomoditas?price_type_id=1&comcat_id=com_14&province_id=13&regency_id=34&showKota=true&showPasar=true&tipe_laporan=1&start_date=2023-03-01&end_date=2023-03-31&_=1791021678367,200,data/raw/pihps/com_14/2023-03.json,749c475d77391894aa601c774efcf50553dfa683e46d8d2fb87231152647009e,3318,23,23,0,23,OK,,2026-10-03T10:01:18Z
com_14,Cabai Merah Keriting,2023-04,2023-04-01,2023-04-30,https://www.bi.go.id/hargapangan/WebSite/TabelHarga/GetGridDataKomoditas?price_type_id=1&comcat_id=com_14&province_id=13&regency_id=34&showKota=true&showPasar=true&tipe_laporan=1&start_date=2023-04-01&end_date=2023-04-30&_=1791021680057,200,data/raw/pihps/com_14/2023-04.json,2ebc7ee1d81deea3ea6edf0faa184cf5a2b4f8e3df691ed253e397df1bdd0175,2922,20,20,0,20,OK,,2026-10-03T10:01:20Z
com_14,Cabai Merah Keriting,2023-05,2023-05-01,2023-05-31,https://www.bi.go.id/hargapangan/WebSite/TabelHarga/GetGridDataKomoditas?price_type_id=1&comcat_id=com_14&province_id=13&regency_id=34&showKota=true&showPasar=true&tipe_laporan=1&start_date=2023-05-01&end_date=2023-05-31&_=1791021681537,200,data/raw/pihps/com_14/2023-05.json,325794182b11ddb42df6e3353b2bf6c17858720b286210813755ed8cdc3cb993,3293,23,22,1,23,OK,,2026-10-03T10:01:21Z
com_14,Cabai Merah Keriting,2023-06,2023-06-01,2023-06-30,https://www.bi.go.id/hargapangan/WebSite/TabelHarga/GetGridDataKomoditas?price_type_id=1&comcat_id=com_14&province_id=13&regency_id=34&showKota=true&showPasar=true&tipe_laporan=1&start_date=2023-06-01&end_date=2023-06-30&_=1791021683042,200,data/raw/pihps/com_14/2023-06.json,5c0acec428d3ddb2d586aab0c897dfa1167ce3b9708097f340fe0c36348b7bad,3186,22,22,0,22,OK,,2026-10-03T10:01:23Z
com_14,Cabai Merah Keriting,2023-07,2023-07-01,2023-07-31,https://www.bi.go.id/hargapangan/WebSite/TabelHarga/GetGridDataKomoditas?price_type_id=1&comcat_id=com_14&province_id=13&regency_id=34&showKota=true&showPasar=true&tipe_laporan=1&start_date=2023-07-01&end_date=2023-07-31&_=1791021684401,200,data/raw/pihps/com_14/2023-07.json,458a1e0eb9985c0d5fc6c6629f20b83c9bd06fda27419e4e42985f68e1bcc1af,3029,21,20,1,21,OK,,2026-10-03T10:01:24Z
com_14,Cabai Merah Keriting,2023-08,2023-08-01,2023-08-31,https://www.bi.go.id/hargapangan/WebSite/TabelHarga/GetGridDataKomoditas?price_type_id=1&comcat_id=com_14&province_id=13&regency_id=34&showKota=true&showPasar=true&tipe_laporan=1&start_date=2023-08-01&end_date=2023-08-31&_=1791021686128,200,data/raw/pihps/com_14/2023-08.json,31f557baa1bfd9c9ee1a4e4c6924b7186bbbe1249ba6a2ddc503c294caafeddd,3318,23,23,0,23,OK,,2026-10-03T10:01:26Z
com_14,Cabai Merah Keriting,2023-09,2023-09-01,2023-09-30,https://www.bi.go.id/hargapangan/WebSite/TabelHarga/GetGridDataKomoditas?price_type_id=1&comcat_id=com_14&province_id=13&regency_id=34&showKota=true&showPasar=true&tipe_laporan=1&start_date=2023-09-01&end_date=2023-09-30&_=1791021687625,200,data/raw/pihps/com_14/2023-09.json,091b3d977cf8c803bc82fab88db1712267677f961e98a742f59681ae954990b9,3054,21,21,0,21,OK,,2026-10-03T10:01:27Z
com_14,Cabai Merah Keriting,2023-10,2023-10-01,2023-10-31,https://www.bi.go.id/hargapangan/WebSite/TabelHarga/GetGridDataKomoditas?price_type_id=1&comcat_id=com_14&province_id=13&regency_id=34&showKota=true&showPasar=true&tipe_laporan=1&start_date=2023-10-01&end_date=2023-10-31&_=1791021689369,200,data/raw/pihps/com_14/2023-10.json,c7b034fb9ab73c6461123ce3fba0d68ab5fcf774743fd271b047bcedf23cd646,3186,22,22,0,22,OK,,2026-10-03T10:01:29Z
com_14,Cabai Merah Keriting,2023-11,2023-11-01,2023-11-30,https://www.bi.go.id/hargapangan/WebSite/TabelHarga/GetGridDataKomoditas?price_type_id=1&comcat_id=com_14&province_id=13&regency_id=34&showKota=true&showPasar=true&tipe_laporan=1&start_date=2023-11-01&end_date=2023-11-30&_=1791021691192,200,data/raw/pihps/com_14/2023-11.json,e2b1600e94b5ef95360721dee509b9bd4e3b379e5200024516ad78279cafcc51,3193,22,22,0,22,OK,,2026-10-03T10:01:31Z
com_14,Cabai Merah Keriting,2023-12,2023-12-01,2023-12-31,https://www.bi.go.id/hargapangan/WebSite/TabelHarga/GetGridDataKomoditas?price_type_id=1&comcat_id=com_14&province_id=13&regency_id=34&showKota=true&showPasar=true&tipe_laporan=1&start_date=2023-12-01&end_date=2023-12-31&_=1791021692744,200,data/raw/pihps/com_14/2023-12.json,d1eca624145d222d00cf0244c144b1d212dd70d1c99054d2a40381f4e5f48f71,3026,21,19,2,21,OK,,2026-10-03T10:01:32Z
com_14,Cabai Merah Keriting,2024-01,2024-01-01,2024-01-31,https://www.bi.go.id/hargapangan/WebSite/TabelHarga/GetGridDataKomoditas?price_type_id=1&comcat_id=com_14&province_id=13&regency_id=34&showKota=true&showPasar=true&tipe_laporan=1&start_date=2024-01-01&end_date=2024-01-31&_=1791021694127,200,data/raw/pihps/com_14/2024-01.json,8132cc7f3be61dd8342284ded65a796f60d189046fe7c89ba870c9c85f2aa9c9,3293,23,22,1,23,OK,,2026-10-03T10:01:34Z
com_14,Cabai Merah Keriting,2024-02,2024-02-01,2024-02-29,https://www.bi.go.id/hargapangan/WebSite/TabelHarga/GetGridDataKomoditas?price_type_id=1&comcat_id=com_14&province_id=13&regency_id=34&showKota=true&showPasar=true&tipe_laporan=1&start_date=2024-02-01&end_date=2024-02-29&_=1791021695817,200,data/raw/pihps/com_14/2024-02.json,4b560af4eb7325f1f9d9f3a0042d539144f21cf1d55e9efcb733c25b2dfeb695,3031,21,20,1,21,OK,,2026-10-03T10:01:35Z
com_14,Cabai Merah Keriting,2024-03,2024-03-01,2024-03-31,https://www.bi.go.id/hargapangan/WebSite/TabelHarga/GetGridDataKomoditas?price_type_id=1&comcat_id=com_14&province_id=13&regency_id=34&showKota=true&showPasar=true&tipe_laporan=1&start_date=2024-03-01&end_date=2024-03-31&_=1791021697291,200,data/raw/pihps/com_14/2024-03.json,5d1808e85520e0abaeb6df4d5e7ad78cc8cbe83a4d58f01e2103236ad81a7e55,3059,21,21,0,21,OK,,2026-10-03T10:01:37Z
com_14,Cabai Merah Keriting,2024-04,2024-04-01,2024-04-30,https://www.bi.go.id/hargapangan/WebSite/TabelHarga/GetGridDataKomoditas?price_type_id=1&comcat_id=com_14&province_id=13&regency_id=34&showKota=true&showPasar=true&tipe_laporan=1&start_date=2024-04-01&end_date=2024-04-30&_=1791021699036,200,data/raw/pihps/com_14/2024-04.json,4793a2e175ed5d8bd0421f07b7e9b64e27b984ce7d6db59c8271b7a5984c0189,3186,22,22,0,22,OK,,2026-10-03T10:01:39Z
com_14,Cabai Merah Keriting,2024-05,2024-05-01,2024-05-31,https://www.bi.go.id/hargapangan/WebSite/TabelHarga/GetGridDataKomoditas?price_type_id=1&comcat_id=com_14&province_id=13&regency_id=34&showKota=true&showPasar=true&tipe_laporan=1&start_date=2024-05-01&end_date=2024-05-31&_=1791021700631,200,data/raw/pihps/com_14/2024-05.json,1d86a3ec1f200ca86797218c44741f1096d1669b17c2eff16360c73bdddb7555,3313,23,23,0,23,OK,,2026-10-03T10:01:40Z
com_14,Cabai Merah Keriting,2024-06,2024-06-01,2024-06-30,https://www.bi.go.id/hargapangan/WebSite/TabelHarga/GetGridDataKomoditas?price_type_id=1&comcat_id=com_14&province_id=13&regency_id=34&showKota=true&showPasar=true&tipe_laporan=1&start_date=2024-06-01&end_date=2024-06-30&_=1791021702156,200,data/raw/pihps/com_14/2024-06.json,4fee2da5947cb4ff626acdea70d760b08f3d0ae27a886bc8e1374e92afd68496,2922,20,20,0,20,OK,,2026-10-03T10:01:42Z
com_14,Cabai Merah Keriting,2024-07,2024-07-01,2024-07-31,https://www.bi.go.id/hargapangan/WebSite/TabelHarga/GetGridDataKomoditas?price_type_id=1&comcat_id=com_14&province_id=13&regency_id=34&showKota=true&showPasar=true&tipe_laporan=1&start_date=2024-07-01&end_date=2024-07-31&_=1791021703773,200,data/raw/pihps/com_14/2024-07.json,f261d3a32818c336fd83f15c16a48822885d37c54774c3fab28c962827cc4264,3293,23,22,1,23,OK,,2026-10-03T10:01:43Z
com_14,Cabai Merah Keriting,2024-08,2024-08-01,2024-08-31,https://www.bi.go.id/hargapangan/WebSite/TabelHarga/GetGridDataKomoditas?price_type_id=1&comcat_id=com_14&province_id=13&regency_id=34&showKota=true&showPasar=true&tipe_laporan=1&start_date=2024-08-01&end_date=2024-08-31&_=1791021705202,200,data/raw/pihps/com_14/2024-08.json,f9fcd9e763faa51dcb22bd792f299ee7b8e4895092bd5b7a89fb68f3b15270b4,3186,22,22,0,22,OK,,2026-10-03T10:01:45Z
com_14,Cabai Merah Keriting,2024-09,2024-09-01,2024-09-30,https://www.bi.go.id/hargapangan/WebSite/TabelHarga/GetGridDataKomoditas?price_type_id=1&comcat_id=com_14&province_id=13&regency_id=34&showKota=true&showPasar=true&tipe_laporan=1&start_date=2024-09-01&end_date=2024-09-30&_=1791021706823,200,data/raw/pihps/com_14/2024-09.json,868565dddd47aede4878d09db58ea5b9c49eab89e21caacc9b2dba4c19e6953f,3054,21,21,0,21,OK,,2026-10-03T10:01:46Z
com_14,Cabai Merah Keriting,2024-10,2024-10-01,2024-10-31,https://www.bi.go.id/hargapangan/WebSite/TabelHarga/GetGridDataKomoditas?price_type_id=1&comcat_id=com_14&province_id=13&regency_id=34&showKota=true&showPasar=true&tipe_laporan=1&start_date=2024-10-01&end_date=2024-10-31&_=1791021708420,200,data/raw/pihps/com_14/2024-10.json,69e914b5902a073b1ff134fae4aaf0e99545109d16c7e3e28f5e16add6e6316b,3318,23,23,0,23,OK,,2026-10-03T10:01:48Z
com_14,Cabai Merah Keriting,2024-11,2024-11-01,2024-11-30,https://www.bi.go.id/hargapangan/WebSite/TabelHarga/GetGridDataKomoditas?price_type_id=1&comcat_id=com_14&province_id=13&regency_id=34&showKota=true&showPasar=true&tipe_laporan=1&start_date=2024-11-01&end_date=2024-11-30&_=1791021710096,200,data/raw/pihps/com_14/2024-11.json,f5c21d15098e0178cfdfca4cda65be7cde18678178dc879b55c4aede74143332,3054,21,21,0,21,OK,,2026-10-03T10:01:50Z
com_14,Cabai Merah Keriting,2024-12,2024-12-01,2024-12-31,https://www.bi.go.id/hargapangan/WebSite/TabelHarga/GetGridDataKomoditas?price_type_id=1&comcat_id=com_14&province_id=13&regency_id=34&showKota=true&showPasar=true&tipe_laporan=1&start_date=2024-12-01&end_date=2024-12-31&_=1791021711819,200,data/raw/pihps/com_14/2024-12.json,962eaf3b50d2bc989135a018c7f18b6025b76ec694209f6566db7c21770411a3,3186,22,22,0,22,OK,,2026-10-03T10:01:51Z
com_14,Cabai Merah Keriting,2025-01,2025-01-01,2025-01-31,https://www.bi.go.id/hargapangan/WebSite/TabelHarga/GetGridDataKomoditas?price_type_id=1&comcat_id=com_14&province_id=13&regency_id=34&showKota=true&showPasar=true&tipe_laporan=1&start_date=2025-01-01&end_date=2025-01-31&_=1791021713553,200,data/raw/pihps/com_14/2025-01.json,0a1751b93df502172f7ccdc3b1aa1225638c1b842d69caf3e5ae9c74e59686fb,3293,23,22,1,23,OK,,2026-10-03T10:01:53Z
com_14,Cabai Merah Keriting,2025-02,2025-02-01,2025-02-28,https://www.bi.go.id/hargapangan/WebSite/TabelHarga/GetGridDataKomoditas?price_type_id=1&comcat_id=com_14&province_id=13&regency_id=34&showKota=true&showPasar=true&tipe_laporan=1&start_date=2025-02-01&end_date=2025-02-28&_=1791021715201,200,data/raw/pihps/com_14/2025-02.json,ca0d892d63b5a18c11efe1510109316f86784799d94ee05dcc8040c74ee3f7ef,2922,20,20,0,20,OK,,2026-10-03T10:01:55Z
com_14,Cabai Merah Keriting,2025-03,2025-03-01,2025-03-31,https://www.bi.go.id/hargapangan/WebSite/TabelHarga/GetGridDataKomoditas?price_type_id=1&comcat_id=com_14&province_id=13&regency_id=34&showKota=true&showPasar=true&tipe_laporan=1&start_date=2025-03-01&end_date=2025-03-31&_=1791021716759,200,data/raw/pihps/com_14/2025-03.json,6c921f552840c9ea1c9f4c7934da769347d1125983418b6503683efa9b9fa146,3055,21,21,0,21,OK,,2026-10-03T10:01:56Z
com_14,Cabai Merah Keriting,2025-04,2025-04-01,2025-04-30,https://www.bi.go.id/hargapangan/WebSite/TabelHarga/GetGridDataKomoditas?price_type_id=1&comcat_id=com_14&province_id=13&regency_id=34&showKota=true&showPasar=true&tipe_laporan=1&start_date=2025-04-01&end_date=2025-04-30&_=1791021718498,200,data/raw/pihps/com_14/2025-04.json,1d0ea0d8ec96d95c132f942588a1fa502d9b22a61cb539d582734c15e1fb501d,3186,22,22,0,22,OK,,2026-10-03T10:01:58Z
com_14,Cabai Merah Keriting,2025-05,2025-05-01,2025-05-31,https://www.bi.go.id/hargapangan/WebSite/TabelHarga/GetGridDataKomoditas?price_type_id=1&comcat_id=com_14&province_id=13&regency_id=34&showKota=true&showPasar=true&tipe_laporan=1&start_date=2025-05-01&end_date=2025-05-31&_=1791021720022,200,data/raw/pihps/com_14/2025-05.json,b059b532cbaa97e2a2154424f6b84a895f908350ab27e96e528839e26095c5e3,3186,22,22,0,22,OK,,2026-10-03T10:02:00Z
com_14,Cabai Merah Keriting,2025-06,2025-06-01,2025-06-30,https://www.bi.go.id/hargapangan/WebSite/TabelHarga/GetGridDataKomoditas?price_type_id=1&comcat_id=com_14&province_id=13&regency_id=34&showKota=true&showPasar=true&tipe_laporan=1&start_date=2025-06-01&end_date=2025-06-30&_=1791021721471,200,data/raw/pihps/com_14/2025-06.json,bbd323256edc82f0c7a3a6fc1e10ff3d93cb42c375a8e4cf8d1526be133a01c6,3054,21,21,0,21,OK,,2026-10-03T10:02:01Z
com_14,Cabai Merah Keriting,2025-07,2025-07-01,2025-07-31,https://www.bi.go.id/hargapangan/WebSite/TabelHarga/GetGridDataKomoditas?price_type_id=1&comcat_id=com_14&province_id=13&regency_id=34&showKota=true&showPasar=true&tipe_laporan=1&start_date=2025-07-01&end_date=2025-07-31&_=1791021723143,200,data/raw/pihps/com_14/2025-07.json,9add18a7376f751252af051feabb68a862fbc6fec075eab249d544fa97e6f4bf,3318,23,23,0,23,OK,,2026-10-03T10:02:03Z
com_14,Cabai Merah Keriting,2025-08,2025-08-01,2025-08-31,https://www.bi.go.id/hargapangan/WebSite/TabelHarga/GetGridDataKomoditas?price_type_id=1&comcat_id=com_14&province_id=13&regency_id=34&showKota=true&showPasar=true&tipe_laporan=1&start_date=2025-08-01&end_date=2025-08-31&_=1791021724660,200,data/raw/pihps/com_14/2025-08.json,20b8fcb731c86832e6f579dee472d274afb669bd938f9621bd1a75b38508f80d,3054,21,21,0,21,OK,,2026-10-03T10:02:04Z
com_14,Cabai Merah Keriting,2025-09,2025-09-01,2025-09-30,https://www.bi.go.id/hargapangan/WebSite/TabelHarga/GetGridDataKomoditas?price_type_id=1&comcat_id=com_14&province_id=13&regency_id=34&showKota=true&showPasar=true&tipe_laporan=1&start_date=2025-09-01&end_date=2025-09-30&_=1791021726149,200,data/raw/pihps/com_14/2025-09.json,b064766cc278003b63750e0e952bd2288eadcb5770aea8491d653c7463b84281,3186,22,22,0,22,OK,,2026-10-03T10:02:06Z
com_14,Cabai Merah Keriting,2025-10,2025-10-01,2025-10-31,https://www.bi.go.id/hargapangan/WebSite/TabelHarga/GetGridDataKomoditas?price_type_id=1&comcat_id=com_14&province_id=13&regency_id=34&showKota=true&showPasar=true&tipe_laporan=1&start_date=2025-10-01&end_date=2025-10-31&_=1791021727858,200,data/raw/pihps/com_14/2025-10.json,a894b5b1c1b46513a08d0a925d29845e32aae2848e836409e5faf84500e04739,3318,23,23,0,23,OK,,2026-10-03T10:02:07Z
com_14,Cabai Merah Keriting,2025-11,2025-11-01,2025-11-30,https://www.bi.go.id/hargapangan/WebSite/TabelHarga/GetGridDataKomoditas?price_type_id=1&comcat_id=com_14&province_id=13&regency_id=34&showKota=true&showPasar=true&tipe_laporan=1&start_date=2025-11-01&end_date=2025-11-30&_=1791021729551,200,data/raw/pihps/com_14/2025-11.json,3bf7963dbad1f90dbd0b82424a99b6607f016dac763a19c31b4422a990c0f405,2922,20,20,0,20,OK,,2026-10-03T10:02:09Z
com_14,Cabai Merah Keriting,2025-12,2025-12-01,2025-12-31,https://www.bi.go.id/hargapangan/WebSite/TabelHarga/GetGridDataKomoditas?price_type_id=1&comcat_id=com_14&province_id=13&regency_id=34&showKota=true&showPasar=true&tipe_laporan=1&start_date=2025-12-01&end_date=2025-12-31&_=1791021731025,200,data/raw/pihps/com_14/2025-12.json,edb1919a9f948f367ebb263e7a02e70956924ad700f30e3a24b361646901d002,3318,23,23,0,23,OK,,2026-10-03T10:02:11Z
com_14,Cabai Merah Keriting,2026-01,2026-01-01,2026-01-31,https://www.bi.go.id/hargapangan/WebSite/TabelHarga/GetGridDataKomoditas?price_type_id=1&comcat_id=com_14&province_id=13&regency_id=34&showKota=true&showPasar=true&tipe_laporan=1&start_date=2026-01-01&end_date=2026-01-31&_=1791021732599,200,data/raw/pihps/com_14/2026-01.json,8888ada2f1d795a6b1ca3aa6a695b95629538bbeb61402d09ef55776b0df8d0f,3186,22,22,0,22,OK,,2026-10-03T10:02:12Z
com_14,Cabai Merah Keriting,2026-02,2026-02-01,2026-02-28,https://www.bi.go.id/hargapangan/WebSite/TabelHarga/GetGridDataKomoditas?price_type_id=1&comcat_id=com_14&province_id=13&regency_id=34&showKota=true&showPasar=true&tipe_laporan=1&start_date=2026-02-01&end_date=2026-02-28&_=1791021734326,200,data/raw/pihps/com_14/2026-02.json,09d0346a318469305a3d25c59a00a211e1240467c4b2f0a75338f065d7da7da2,2922,20,20,0,20,OK,,2026-10-03T10:02:14Z
com_14,Cabai Merah Keriting,2026-03,2026-03-01,2026-03-31,https://www.bi.go.id/hargapangan/WebSite/TabelHarga/GetGridDataKomoditas?price_type_id=1&comcat_id=com_14&province_id=13&regency_id=34&showKota=true&showPasar=true&tipe_laporan=1&start_date=2026-03-01&end_date=2026-03-31&_=1791021735817,200,data/raw/pihps/com_14/2026-03.json,b421d02112f0c3089dbc3178480ef0d2a64acfc51ad07b63899b0f9e83e96919,3186,22,22,0,22,OK,,2026-10-03T10:02:15Z
com_14,Cabai Merah Keriting,2026-04,2026-04-01,2026-04-30,https://www.bi.go.id/hargapangan/WebSite/TabelHarga/GetGridDataKomoditas?price_type_id=1&comcat_id=com_14&province_id=13&regency_id=34&showKota=true&showPasar=true&tipe_laporan=1&start_date=2026-04-01&end_date=2026-04-30&_=1791021738729,200,data/raw/pihps/com_14/2026-04.json,cb0039cc814960081294ff1ac195c60fcebef8443f4d882d53c8a94e45211403,3186,22,22,0,22,OK,,2026-10-03T10:02:18Z
com_14,Cabai Merah Keriting,2026-05,2026-05-01,2026-05-31,https://www.bi.go.id/hargapangan/WebSite/TabelHarga/GetGridDataKomoditas?price_type_id=1&comcat_id=com_14&province_id=13&regency_id=34&showKota=true&showPasar=true&tipe_laporan=1&start_date=2026-05-01&end_date=2026-05-31&_=1791021741583,200,data/raw/pihps/com_14/2026-05.json,9d57d054c08e7a4ff5e4a54b312e93d62d529d3ba2414aae4c8b6642ad584ece,3054,21,21,0,21,OK,,2026-10-03T10:02:21Z
com_14,Cabai Merah Keriting,2026-06,2026-06-01,2026-06-30,https://www.bi.go.id/hargapangan/WebSite/TabelHarga/GetGridDataKomoditas?price_type_id=1&comcat_id=com_14&province_id=13&regency_id=34&showKota=true&showPasar=true&tipe_laporan=1&start_date=2026-06-01&end_date=2026-06-30&_=1791021744297,200,data/raw/pihps/com_14/2026-06.json,7da4c027044261a23b14d5f46a4c86162b9d652702508168d40a6b73d1e827c1,3186,22,22,0,22,OK,,2026-10-03T10:02:24Z
com_14,Cabai Merah Keriting,2026-07,2026-07-01,2026-07-31,https://www.bi.go.id/hargapangan/WebSite/TabelHarga/GetGridDataKomoditas?price_type_id=1&comcat_id=com_14&province_id=13&regency_id=34&showKota=true&showPasar=true&tipe_laporan=1&start_date=2026-07-01&end_date=2026-07-31&_=1791021746877,200,data/raw/pihps/com_14/2026-07.json,bd5374a5a5285993db13a8ddae36ccf1e41a88647cccfd76e9f687f6cf8c5597,3318,23,23,0,23,OK,,2026-10-03T10:02:26Z
com_14,Cabai Merah Keriting,2026-08,2026-08-01,2026-08-31,https://www.bi.go.id/hargapangan/WebSite/TabelHarga/GetGridDataKomoditas?price_type_id=1&comcat_id=com_14&province_id=13&regency_id=34&showKota=true&showPasar=true&tipe_laporan=1&start_date=2026-08-01&end_date=2026-08-31&_=1791021749700,200,data/raw/pihps/com_14/2026-08.json,ccda74a59bfa06bc8a37f17d2ffd4eabb4f6f67ccc54362b99a002f0482f7b24,3054,21,21,0,21,OK,,2026-10-03T10:02:29Z
com_14,Cabai Merah Keriting,2026-09,2026-09-01,2026-09-30,https://www.bi.go.id/hargapangan/WebSite/TabelHarga/GetGridDataKomoditas?price_type_id=1&comcat_id=com_14&province_id=13&regency_id=34&showKota=true&showPasar=true&tipe_laporan=1&start_date=2026-09-01&end_date=2026-09-30&_=1791021752305,200,data/raw/pihps/com_14/2026-09.json,fdb6e51b5abc8b7fe6a083782b7cd99610c7836469c9646f197880ee8464f313,3186,22,22,0,22,OK,,2026-10-03T10:02:32Z
com_11,Bawang Merah Ukuran Sedang,2019-01,2019-01-01,2019-01-31,https://www.bi.go.id/hargapangan/WebSite/TabelHarga/GetGridDataKomoditas?price_type_id=1&comcat_id=com_11&province_id=13&regency_id=34&showKota=true&showPasar=true&tipe_laporan=1&start_date=2019-01-01&end_date=2019-01-31&_=1791021755051,200,data/raw/pihps/com_11/2019-01.json,076ece3a0ce6509562d4e44c7aaf847599a8a6b37771b3c2d71abe4bf204ebca,3293,23,22,1,23,OK,,2026-10-03T10:02:35Z
com_11,Bawang Merah Ukuran Sedang,2019-02,2019-02-01,2019-02-28,https://www.bi.go.id/hargapangan/WebSite/TabelHarga/GetGridDataKomoditas?price_type_id=1&comcat_id=com_11&province_id=13&regency_id=34&showKota=true&showPasar=true&tipe_laporan=1&start_date=2019-02-01&end_date=2019-02-28&_=1791021756618,200,data/raw/pihps/com_11/2019-02.json,43a0402711e71dc2ec6242ceafab9bcd8015a982b8f58683258c9f2d83380b3d,2897,20,19,1,20,OK,,2026-10-03T10:02:36Z
com_11,Bawang Merah Ukuran Sedang,2019-03,2019-03-01,2019-03-31,https://www.bi.go.id/hargapangan/WebSite/TabelHarga/GetGridDataKomoditas?price_type_id=1&comcat_id=com_11&province_id=13&regency_id=34&showKota=true&showPasar=true&tipe_laporan=1&start_date=2019-03-01&end_date=2019-03-31&_=1791021758224,200,data/raw/pihps/com_11/2019-03.json,27dc32b2aa003b577049e4d3da981fdcf5abe6d536428c9b3b7222f37a426b31,3029,21,20,1,21,OK,,2026-10-03T10:02:38Z
com_11,Bawang Merah Ukuran Sedang,2019-04,2019-04-01,2019-04-30,https://www.bi.go.id/hargapangan/WebSite/TabelHarga/GetGridDataKomoditas?price_type_id=1&comcat_id=com_11&province_id=13&regency_id=34&showKota=true&showPasar=true&tipe_laporan=1&start_date=2019-04-01&end_date=2019-04-30&_=1791021760024,200,data/raw/pihps/com_11/2019-04.json,1b5a642cd5106a747f8a19520b1ac2854fe02afef570af60b70a3ff901e553da,3111,22,19,3,22,OK,,2026-10-03T10:02:40Z
com_11,Bawang Merah Ukuran Sedang,2019-05,2019-05-01,2019-05-31,https://www.bi.go.id/hargapangan/WebSite/TabelHarga/GetGridDataKomoditas?price_type_id=1&comcat_id=com_11&province_id=13&regency_id=34&showKota=true&showPasar=true&tipe_laporan=1&start_date=2019-05-01&end_date=2019-05-31&_=1791021761393,200,data/raw/pihps/com_11/2019-05.json,f91781f4e4c1358857a26905d118c7c50bbd123d228dbec4076622bca9b2f5b8,3268,23,21,2,23,OK,,2026-10-03T10:02:41Z
com_11,Bawang Merah Ukuran Sedang,2019-06,2019-06-01,2019-06-30,https://www.bi.go.id/hargapangan/WebSite/TabelHarga/GetGridDataKomoditas?price_type_id=1&comcat_id=com_11&province_id=13&regency_id=34&showKota=true&showPasar=true&tipe_laporan=1&start_date=2019-06-01&end_date=2019-06-30&_=1791021763154,200,data/raw/pihps/com_11/2019-06.json,a87dcc010ba8f88dc970277efe157c4bedfaa8cf2e7a8e3ad80f0b95d91c3eaf,2842,20,17,3,20,OK,,2026-10-03T10:02:43Z
com_11,Bawang Merah Ukuran Sedang,2019-07,2019-07-01,2019-07-31,https://www.bi.go.id/hargapangan/WebSite/TabelHarga/GetGridDataKomoditas?price_type_id=1&comcat_id=com_11&province_id=13&regency_id=34&showKota=true&showPasar=true&tipe_laporan=1&start_date=2019-07-01&end_date=2019-07-31&_=1791021764841,200,data/raw/pihps/com_11/2019-07.json,551482067d041de29516cb3665d0d7fb7896772f905e6d52cd43774f7b30f7de,3318,23,23,0,23,OK,,2026-10-03T10:02:44Z
com_11,Bawang Merah Ukuran Sedang,2019-08,2019-08-01,2019-08-31,https://www.bi.go.id/hargapangan/WebSite/TabelHarga/GetGridDataKomoditas?price_type_id=1&comcat_id=com_11&province_id=13&regency_id=34&showKota=true&showPasar=true&tipe_laporan=1&start_date=2019-08-01&end_date=2019-08-31&_=1791021766222,200,data/raw/pihps/com_11/2019-08.json,d5acdbedd4212b99c0eaeefe4b9324bdf4fadfe5a615a6d4cb5feb378ac519ad,3186,22,22,0,22,OK,,2026-10-03T10:02:46Z
com_11,Bawang Merah Ukuran Sedang,2019-09,2019-09-01,2019-09-30,https://www.bi.go.id/hargapangan/WebSite/TabelHarga/GetGridDataKomoditas?price_type_id=1&comcat_id=com_11&province_id=13&regency_id=34&showKota=true&showPasar=true&tipe_laporan=1&start_date=2019-09-01&end_date=2019-09-30&_=1791021767921,200,data/raw/pihps/com_11/2019-09.json,a0610db6c074522a768e7e12a41793effbbe8e52965f88b794747bf41ecf0cea,3054,21,21,0,21,OK,,2026-10-03T10:02:47Z
com_11,Bawang Merah Ukuran Sedang,2019-10,2019-10-01,2019-10-31,https://www.bi.go.id/hargapangan/WebSite/TabelHarga/GetGridDataKomoditas?price_type_id=1&comcat_id=com_11&province_id=13&regency_id=34&showKota=true&showPasar=true&tipe_laporan=1&start_date=2019-10-01&end_date=2019-10-31&_=1791021769436,200,data/raw/pihps/com_11/2019-10.json,d1c392b7b7457af0a1995f2c3d437016054cd320ee38d8e8eaa15d1c1d01fd64,3318,23,23,0,23,OK,,2026-10-03T10:02:49Z
com_11,Bawang Merah Ukuran Sedang,2019-11,2019-11-01,2019-11-30,https://www.bi.go.id/hargapangan/WebSite/TabelHarga/GetGridDataKomoditas?price_type_id=1&comcat_id=com_11&province_id=13&regency_id=34&showKota=true&showPasar=true&tipe_laporan=1&start_date=2019-11-01&end_date=2019-11-30&_=1791021771070,200,data/raw/pihps/com_11/2019-11.json,3ac5c76ce7727732d41d1f749f75bd86ba859a8e6a90b4a2bdb2c3b5231c6aef,3054,21,21,0,21,OK,,2026-10-03T10:02:51Z
com_11,Bawang Merah Ukuran Sedang,2019-12,2019-12-01,2019-12-31,https://www.bi.go.id/hargapangan/WebSite/TabelHarga/GetGridDataKomoditas?price_type_id=1&comcat_id=com_11&province_id=13&regency_id=34&showKota=true&showPasar=true&tipe_laporan=1&start_date=2019-12-01&end_date=2019-12-31&_=1791021772461,200,data/raw/pihps/com_11/2019-12.json,ee0b280ea92e39ecc644a20a5dd53d0b3a643f7769f96e5d88b9663b7eae5069,3111,22,19,3,22,OK,,2026-10-03T10:02:52Z
com_11,Bawang Merah Ukuran Sedang,2020-01,2020-01-01,2020-01-31,https://www.bi.go.id/hargapangan/WebSite/TabelHarga/GetGridDataKomoditas?price_type_id=1&comcat_id=com_11&province_id=13&regency_id=34&showKota=true&showPasar=true&tipe_laporan=1&start_date=2020-01-01&end_date=2020-01-31&_=1791021774168,200,data/raw/pihps/com_11/2020-01.json,b13a77deb0838c71c6dec9112a17e58655887ed736cc60536d24ab6299838585,3288,23,22,1,23,OK,,2026-10-03T10:02:54Z
com_11,Bawang Merah Ukuran Sedang,2020-02,2020-02-01,2020-02-29,https://www.bi.go.id/hargapangan/WebSite/TabelHarga/GetGridDataKomoditas?price_type_id=1&comcat_id=com_11&province_id=13&regency_id=34&showKota=true&showPasar=true&tipe_laporan=1&start_date=2020-02-01&end_date=2020-02-29&_=1791021775919,200,data/raw/pihps/com_11/2020-02.json,50013579474d5942cac5e12d5abb82c43627d81358c525e984af7b8902681b95,2922,20,20,0,20,OK,,2026-10-03T10:02:55Z
com_11,Bawang Merah Ukuran Sedang,2020-03,2020-03-01,2020-03-31,https://www.bi.go.id/hargapangan/WebSite/TabelHarga/GetGridDataKomoditas?price_type_id=1&comcat_id=com_11&province_id=13&regency_id=34&showKota=true&showPasar=true&tipe_laporan=1&start_date=2020-03-01&end_date=2020-03-31&_=1791021777334,200,data/raw/pihps/com_11/2020-03.json,d2d07c9e3d9779ceb192acec28577874d7d2b36f496a595b0b167da7e4aef0fa,3161,22,21,1,22,OK,,2026-10-03T10:02:57Z
com_11,Bawang Merah Ukuran Sedang,2020-04,2020-04-01,2020-04-30,https://www.bi.go.id/hargapangan/WebSite/TabelHarga/GetGridDataKomoditas?price_type_id=1&comcat_id=com_11&province_id=13&regency_id=34&showKota=true&showPasar=true&tipe_laporan=1&start_date=2020-04-01&end_date=2020-04-30&_=1791021778850,200,data/raw/pihps/com_11/2020-04.json,b8fbaaca520a349682b62e371e762a8f5c20270709764d25cc6aa79ce6b84a3d,3161,22,21,1,22,OK,,2026-10-03T10:02:58Z
com_11,Bawang Merah Ukuran Sedang,2020-05,2020-05-01,2020-05-31,https://www.bi.go.id/hargapangan/WebSite/TabelHarga/GetGridDataKomoditas?price_type_id=1&comcat_id=com_11&province_id=13&regency_id=34&showKota=true&showPasar=true&tipe_laporan=1&start_date=2020-05-01&end_date=2020-05-31&_=1791021780384,200,data/raw/pihps/com_11/2020-05.json,c97f312988b5c0b39f0a352c76e3294b30e6dee1e8214556125548c8ece3d0fa,2929,21,16,5,21,OK,,2026-10-03T10:03:00Z
com_11,Bawang Merah Ukuran Sedang,2020-06,2020-06-01,2020-06-30,https://www.bi.go.id/hargapangan/WebSite/TabelHarga/GetGridDataKomoditas?price_type_id=1&comcat_id=com_11&province_id=13&regency_id=34&showKota=true&showPasar=true&tipe_laporan=1&start_date=2020-06-01&end_date=2020-06-30&_=1791021781787,200,data/raw/pihps/com_11/2020-06.json,cdb508386b6601219c9598e886bd474f875ed786b694ff031616a2c378d626cb,3161,22,21,1,22,OK,,2026-10-03T10:03:01Z
com_11,Bawang Merah Ukuran Sedang,2020-07,2020-07-01,2020-07-31,https://www.bi.go.id/hargapangan/WebSite/TabelHarga/GetGridDataKomoditas?price_type_id=1&comcat_id=com_11&province_id=13&regency_id=34&showKota=true&showPasar=true&tipe_laporan=1&start_date=2020-07-01&end_date=2020-07-31&_=1791021783260,200,data/raw/pihps/com_11/2020-07.json,d519112e704ebdbd11296bb873f2620954274f8be37b8e1d510975acce7cd032,3293,23,22,1,23,OK,,2026-10-03T10:03:03Z
com_11,Bawang Merah Ukuran Sedang,2020-08,2020-08-01,2020-08-31,https://www.bi.go.id/hargapangan/WebSite/TabelHarga/GetGridDataKomoditas?price_type_id=1&comcat_id=com_11&province_id=13&regency_id=34&showKota=true&showPasar=true&tipe_laporan=1&start_date=2020-08-01&end_date=2020-08-31&_=1791021784801,200,data/raw/pihps/com_11/2020-08.json,85a709395daf3d012b2d97cb369633a3b5cae3f0ac078f4acb344de420921887,2979,21,18,3,21,OK,,2026-10-03T10:03:04Z
com_11,Bawang Merah Ukuran Sedang,2020-09,2020-09-01,2020-09-30,https://www.bi.go.id/hargapangan/WebSite/TabelHarga/GetGridDataKomoditas?price_type_id=1&comcat_id=com_11&province_id=13&regency_id=34&showKota=true&showPasar=true&tipe_laporan=1&start_date=2020-09-01&end_date=2020-09-30&_=1791021786300,200,data/raw/pihps/com_11/2020-09.json,3d663fae54647c2c8006052fdd8395c3ba4dff8b546fb3859130cbb79fd08244,3186,22,22,0,22,OK,,2026-10-03T10:03:06Z
com_11,Bawang Merah Ukuran Sedang,2020-10,2020-10-01,2020-10-31,https://www.bi.go.id/hargapangan/WebSite/TabelHarga/GetGridDataKomoditas?price_type_id=1&comcat_id=com_11&province_id=13&regency_id=34&showKota=true&showPasar=true&tipe_laporan=1&start_date=2020-10-01&end_date=2020-10-31&_=1791021787697,200,data/raw/pihps/com_11/2020-10.json,02aec44ac4b6ba855013e56b993dfc0e5e36f7741e4b5faa8631105456aa210a,3111,22,19,3,22,OK,,2026-10-03T10:03:07Z
com_11,Bawang Merah Ukuran Sedang,2020-11,2020-11-01,2020-11-30,https://www.bi.go.id/hargapangan/WebSite/TabelHarga/GetGridDataKomoditas?price_type_id=1&comcat_id=com_11&province_id=13&regency_id=34&showKota=true&showPasar=true&tipe_laporan=1&start_date=2020-11-01&end_date=2020-11-30&_=1791021789124,200,data/raw/pihps/com_11/2020-11.json,ed7b3ca0e48578d9b084c35c52bb85e8541da301e4764dc6348d330316583014,3054,21,21,0,21,OK,,2026-10-03T10:03:09Z
com_11,Bawang Merah Ukuran Sedang,2020-12,2020-12-01,2020-12-31,https://www.bi.go.id/hargapangan/WebSite/TabelHarga/GetGridDataKomoditas?price_type_id=1&comcat_id=com_11&province_id=13&regency_id=34&showKota=true&showPasar=true&tipe_laporan=1&start_date=2020-12-01&end_date=2020-12-31&_=1791021790448,200,data/raw/pihps/com_11/2020-12.json,65c03be966bc8359a5f1ce915e1743877aa5bc0d90227f166044ffe6fa43f14b,3213,23,19,4,23,OK,,2026-10-03T10:03:10Z
com_11,Bawang Merah Ukuran Sedang,2021-01,2021-01-01,2021-01-31,https://www.bi.go.id/hargapangan/WebSite/TabelHarga/GetGridDataKomoditas?price_type_id=1&comcat_id=com_11&province_id=13&regency_id=34&showKota=true&showPasar=true&tipe_laporan=1&start_date=2021-01-01&end_date=2021-01-31&_=1791021792339,200,data/raw/pihps/com_11/2021-01.json,a62c9ed17b5ca9318ccda37da3bcc72c59f78bca7b51ee071314efbd11344c40,3024,21,20,1,21,OK,,2026-10-03T10:03:12Z
com_11,Bawang Merah Ukuran Sedang,2021-02,2021-02-01,2021-02-28,https://www.bi.go.id/hargapangan/WebSite/TabelHarga/GetGridDataKomoditas?price_type_id=1&comcat_id=com_11&province_id=13&regency_id=34&showKota=true&showPasar=true&tipe_laporan=1&start_date=2021-02-01&end_date=2021-02-28&_=1791021793871,200,data/raw/pihps/com_11/2021-02.json,00dde3dc337615ed0ba93ba73566bed0e53828d723e592928fe7a4068ac33386,2897,20,19,1,20,OK,,2026-10-03T10:03:13Z
com_11,Bawang Merah Ukuran Sedang,2021-03,2021-03-01,2021-03-31,https://www.bi.go.id/hargapangan/WebSite/TabelHarga/GetGridDataKomoditas?price_type_id=1&comcat_id=com_11&province_id=13&regency_id=34&showKota=true&showPasar=true&tipe_laporan=1&start_date=2021-03-01&end_date=2021-03-31&_=1791021795426,200,data/raw/pihps/com_11/2021-03.json,103ef46cca4ce84a96887a60648832bb484e7afb0eb9e671add4966c19002df7,3293,23,22,1,23,OK,,2026-10-03T10:03:15Z
com_11,Bawang Merah Ukuran Sedang,2021-04,2021-04-01,2021-04-30,https://www.bi.go.id/hargapangan/WebSite/TabelHarga/GetGridDataKomoditas?price_type_id=1&comcat_id=com_11&province_id=13&regency_id=34&showKota=true&showPasar=true&tipe_laporan=1&start_date=2021-04-01&end_date=2021-04-30&_=1791021797080,200,data/raw/pihps/com_11/2021-04.json,ed34d0e9e3c2bfbf05fa50a23dcb5b6b7672f02ecc23500772ff0d1e68b6e1dc,3161,22,21,1,22,OK,,2026-10-03T10:03:17Z
com_11,Bawang Merah Ukuran Sedang,2021-05,2021-05-01,2021-05-31,https://www.bi.go.id/hargapangan/WebSite/TabelHarga/GetGridDataKomoditas?price_type_id=1&comcat_id=com_11&province_id=13&regency_id=34&showKota=true&showPasar=true&tipe_laporan=1&start_date=2021-05-01&end_date=2021-05-31&_=1791021798554,200,data/raw/pihps/com_11/2021-05.json,4b0a759161a897c989877cbae95f70de6db19cd3ceef079940e6be4db8365959,2939,21,17,4,21,OK,,2026-10-03T10:03:18Z
com_11,Bawang Merah Ukuran Sedang,2021-06,2021-06-01,2021-06-30,https://www.bi.go.id/hargapangan/WebSite/TabelHarga/GetGridDataKomoditas?price_type_id=1&comcat_id=com_11&province_id=13&regency_id=34&showKota=true&showPasar=true&tipe_laporan=1&start_date=2021-06-01&end_date=2021-06-30&_=1791021800386,200,data/raw/pihps/com_11/2021-06.json,bfdc41c64d7b027ed25d3d2ea79f174f9bf7afdc021ce4991e34d8057f71a4e4,3161,22,21,1,22,OK,,2026-10-03T10:03:20Z
com_11,Bawang Merah Ukuran Sedang,2021-07,2021-07-01,2021-07-31,https://www.bi.go.id/hargapangan/WebSite/TabelHarga/GetGridDataKomoditas?price_type_id=1&comcat_id=com_11&province_id=13&regency_id=34&showKota=true&showPasar=true&tipe_laporan=1&start_date=2021-07-01&end_date=2021-07-31&_=1791021802010,200,data/raw/pihps/com_11/2021-07.json,115d90a557f2ca54298ae059628188d39b82ace6b342d68556e72f617fb7d606,3161,22,21,1,22,OK,,2026-10-03T10:03:22Z
com_11,Bawang Merah Ukuran Sedang,2021-08,2021-08-01,2021-08-31,https://www.bi.go.id/hargapangan/WebSite/TabelHarga/GetGridDataKomoditas?price_type_id=1&comcat_id=com_11&province_id=13&regency_id=34&showKota=true&showPasar=true&tipe_laporan=1&start_date=2021-08-01&end_date=2021-08-31&_=1791021803676,200,data/raw/pihps/com_11/2021-08.json,55d6d1fa38f60ca13d116e5fa15c8d579326a7d3626a0d94ab8014f07b844ee3,3136,22,20,2,22,OK,,2026-10-03T10:03:23Z
com_11,Bawang Merah Ukuran Sedang,2021-09,2021-09-01,2021-09-30,https://www.bi.go.id/hargapangan/WebSite/TabelHarga/GetGridDataKomoditas?price_type_id=1&comcat_id=com_11&province_id=13&regency_id=34&showKota=true&showPasar=true&tipe_laporan=1&start_date=2021-09-01&end_date=2021-09-30&_=1791021805266,200,data/raw/pihps/com_11/2021-09.json,74f8b839bb361387d78963f52da73d9ec38917be1bb2c4d8214e15f7edf16e5d,3186,22,22,0,22,OK,,2026-10-03T10:03:25Z
com_11,Bawang Merah Ukuran Sedang,2021-10,2021-10-01,2021-10-31,https://www.bi.go.id/hargapangan/WebSite/TabelHarga/GetGridDataKomoditas?price_type_id=1&comcat_id=com_11&province_id=13&regency_id=34&showKota=true&showPasar=true&tipe_laporan=1&start_date=2021-10-01&end_date=2021-10-31&_=1791021806583,200,data/raw/pihps/com_11/2021-10.json,3b4d9feeaad243de1bf2a7c38c83535d551e87761a697484ba8b0290463e341a,3029,21,20,1,21,OK,,2026-10-03T10:03:26Z
com_11,Bawang Merah Ukuran Sedang,2021-11,2021-11-01,2021-11-30,https://www.bi.go.id/hargapangan/WebSite/TabelHarga/GetGridDataKomoditas?price_type_id=1&comcat_id=com_11&province_id=13&regency_id=34&showKota=true&showPasar=true&tipe_laporan=1&start_date=2021-11-01&end_date=2021-11-30&_=1791021808104,200,data/raw/pihps/com_11/2021-11.json,e04f7bcff7a3764ae4c850aa6ba25ed04a86cc7d9865a28a359b592fb2c74fcd,3186,22,22,0,22,OK,,2026-10-03T10:03:28Z
com_11,Bawang Merah Ukuran Sedang,2021-12,2021-12-01,2021-12-31,https://www.bi.go.id/hargapangan/WebSite/TabelHarga/GetGridDataKomoditas?price_type_id=1&comcat_id=com_11&province_id=13&regency_id=34&showKota=true&showPasar=true&tipe_laporan=1&start_date=2021-12-01&end_date=2021-12-31&_=1791021809822,200,data/raw/pihps/com_11/2021-12.json,49c469a80317fc7aff9511d5cd0b35aa77a8fb0153e4df244facfb5657a310d9,3318,23,23,0,23,OK,,2026-10-03T10:03:29Z
com_11,Bawang Merah Ukuran Sedang,2022-01,2022-01-01,2022-01-31,https://www.bi.go.id/hargapangan/WebSite/TabelHarga/GetGridDataKomoditas?price_type_id=1&comcat_id=com_11&province_id=13&regency_id=34&showKota=true&showPasar=true&tipe_laporan=1&start_date=2022-01-01&end_date=2022-01-31&_=1791021811280,200,data/raw/pihps/com_11/2022-01.json,542ffa5c8123aeb8e3276d36e45eaf6ae74c63a5d80490113f7fed8e835a42b7,3049,21,21,0,21,OK,,2026-10-03T10:03:31Z
com_11,Bawang Merah Ukuran Sedang,2022-02,2022-02-01,2022-02-28,https://www.bi.go.id/hargapangan/WebSite/TabelHarga/GetGridDataKomoditas?price_type_id=1&comcat_id=com_11&province_id=13&regency_id=34&showKota=true&showPasar=true&tipe_laporan=1&start_date=2022-02-01&end_date=2022-02-28&_=1791021812872,200,data/raw/pihps/com_11/2022-02.json,6e6036e02f9ef1df1fcdfa8efc3a616829ba8ab50fded0a7b87c815f214c42da,2867,20,18,2,20,OK,,2026-10-03T10:03:32Z
com_11,Bawang Merah Ukuran Sedang,2022-03,2022-03-01,2022-03-31,https://www.bi.go.id/hargapangan/WebSite/TabelHarga/GetGridDataKomoditas?price_type_id=1&comcat_id=com_11&province_id=13&regency_id=34&showKota=true&showPasar=true&tipe_laporan=1&start_date=2022-03-01&end_date=2022-03-31&_=1791021814632,200,data/raw/pihps/com_11/2022-03.json,49c1f9d316c147f2ce6ed9aa22e57218f0cb1df70678ad155793237ad5bdae44,3288,23,22,1,23,OK,,2026-10-03T10:03:34Z
com_11,Bawang Merah Ukuran Sedang,2022-04,2022-04-01,2022-04-30,https://www.bi.go.id/hargapangan/WebSite/TabelHarga/GetGridDataKomoditas?price_type_id=1&comcat_id=com_11&province_id=13&regency_id=34&showKota=true&showPasar=true&tipe_laporan=1&start_date=2022-04-01&end_date=2022-04-30&_=1791021816300,200,data/raw/pihps/com_11/2022-04.json,089481d6f175368f0d65d103866c96a13484e6808dff89ea28fac51535698988,3004,21,19,2,21,OK,,2026-10-03T10:03:36Z
com_11,Bawang Merah Ukuran Sedang,2022-05,2022-05-01,2022-05-31,https://www.bi.go.id/hargapangan/WebSite/TabelHarga/GetGridDataKomoditas?price_type_id=1&comcat_id=com_11&province_id=13&regency_id=34&showKota=true&showPasar=true&tipe_laporan=1&start_date=2022-05-01&end_date=2022-05-31&_=1791021817760,200,data/raw/pihps/com_11/2022-05.json,6f19f85579d9fa3282a7e6b1706dcca59a9f00a688eddb528d05eb6d05913ca1,2996,22,15,7,22,OK,,2026-10-03T10:03:37Z
com_11,Bawang Merah Ukuran Sedang,2022-06,2022-06-01,2022-06-30,https://www.bi.go.id/hargapangan/WebSite/TabelHarga/GetGridDataKomoditas?price_type_id=1&comcat_id=com_11&province_id=13&regency_id=34&showKota=true&showPasar=true&tipe_laporan=1&start_date=2022-06-01&end_date=2022-06-30&_=1791021819491,200,data/raw/pihps/com_11/2022-06.json,7ef620e2cea5250e266ed704e93edadc323ddcbced8980491b137865351ca186,3156,22,21,1,22,OK,,2026-10-03T10:03:39Z
com_11,Bawang Merah Ukuran Sedang,2022-07,2022-07-01,2022-07-31,https://www.bi.go.id/hargapangan/WebSite/TabelHarga/GetGridDataKomoditas?price_type_id=1&comcat_id=com_11&province_id=13&regency_id=34&showKota=true&showPasar=true&tipe_laporan=1&start_date=2022-07-01&end_date=2022-07-31&_=1791021820913,200,data/raw/pihps/com_11/2022-07.json,b3c5cfbeb7e7b773d872bdb96af42929c3ac8f0ccdec45f20ebc1b4bb383250b,3054,21,21,0,21,OK,,2026-10-03T10:03:40Z
com_11,Bawang Merah Ukuran Sedang,2022-08,2022-08-01,2022-08-31,https://www.bi.go.id/hargapangan/WebSite/TabelHarga/GetGridDataKomoditas?price_type_id=1&comcat_id=com_11&province_id=13&regency_id=34&showKota=true&showPasar=true&tipe_laporan=1&start_date=2022-08-01&end_date=2022-08-31&_=1791021822705,200,data/raw/pihps/com_11/2022-08.json,fd6f843943d66a1abd020329bb5511bf1aaa3b3dbd7512d40956fc481fb01edb,3293,23,22,1,23,OK,,2026-10-03T10:03:42Z
com_11,Bawang Merah Ukuran Sedang,2022-09,2022-09-01,2022-09-30,https://www.bi.go.id/hargapangan/WebSite/TabelHarga/GetGridDataKomoditas?price_type_id=1&comcat_id=com_11&province_id=13&regency_id=34&showKota=true&showPasar=true&tipe_laporan=1&start_date=2022-09-01&end_date=2022-09-30&_=1791021824439,200,data/raw/pihps/com_11/2022-09.json,cd9922522f443bcc9347f1fbd73dcc9dccbd7a35ea0031b7e4d9c346340080e2,3186,22,22,0,22,OK,,2026-10-03T10:03:44Z
com_11,Bawang Merah Ukuran Sedang,2022-10,2022-10-01,2022-10-31,https://www.bi.go.id/hargapangan/WebSite/TabelHarga/GetGridDataKomoditas?price_type_id=1&comcat_id=com_11&province_id=13&regency_id=34&showKota=true&showPasar=true&tipe_laporan=1&start_date=2022-10-01&end_date=2022-10-31&_=1791021826206,200,data/raw/pihps/com_11/2022-10.json,fa40a10021e14f7165525f010c07b0fc7c9b52e6dc40b25fc3674080e0743bf8,3054,21,21,0,21,OK,,2026-10-03T10:03:46Z
com_11,Bawang Merah Ukuran Sedang,2022-11,2022-11-01,2022-11-30,https://www.bi.go.id/hargapangan/WebSite/TabelHarga/GetGridDataKomoditas?price_type_id=1&comcat_id=com_11&province_id=13&regency_id=34&showKota=true&showPasar=true&tipe_laporan=1&start_date=2022-11-01&end_date=2022-11-30&_=1791021827624,200,data/raw/pihps/com_11/2022-11.json,2dde12c703fc8171ee1a651c7d942fea2f9e31e0c4363917bcc8a138093d1d5c,3186,22,22,0,22,OK,,2026-10-03T10:03:47Z
com_11,Bawang Merah Ukuran Sedang,2022-12,2022-12-01,2022-12-31,https://www.bi.go.id/hargapangan/WebSite/TabelHarga/GetGridDataKomoditas?price_type_id=1&comcat_id=com_11&province_id=13&regency_id=34&showKota=true&showPasar=true&tipe_laporan=1&start_date=2022-12-01&end_date=2022-12-31&_=1791021829365,200,data/raw/pihps/com_11/2022-12.json,118f232b6da102291cb608269a0b50ac6a9e7c6eefbff2a41db49eac4e619019,3186,22,22,0,22,OK,,2026-10-03T10:03:49Z
com_11,Bawang Merah Ukuran Sedang,2023-01,2023-01-01,2023-01-31,https://www.bi.go.id/hargapangan/WebSite/TabelHarga/GetGridDataKomoditas?price_type_id=1&comcat_id=com_11&province_id=13&regency_id=34&showKota=true&showPasar=true&tipe_laporan=1&start_date=2023-01-01&end_date=2023-01-31&_=1791021831231,200,data/raw/pihps/com_11/2023-01.json,388039fadb51125faba357de00e9ca1283f3547f71424c4f77f7f16261f23672,3186,22,22,0,22,OK,,2026-10-03T10:03:51Z
com_11,Bawang Merah Ukuran Sedang,2023-02,2023-02-01,2023-02-28,https://www.bi.go.id/hargapangan/WebSite/TabelHarga/GetGridDataKomoditas?price_type_id=1&comcat_id=com_11&province_id=13&regency_id=34&showKota=true&showPasar=true&tipe_laporan=1&start_date=2023-02-01&end_date=2023-02-28&_=1791021832600,200,data/raw/pihps/com_11/2023-02.json,9befaa1795589e9da321a64c37aab59a23e4dc99ef6e038121437a15e7dad661,2922,20,20,0,20,OK,,2026-10-03T10:03:52Z
com_11,Bawang Merah Ukuran Sedang,2023-03,2023-03-01,2023-03-31,https://www.bi.go.id/hargapangan/WebSite/TabelHarga/GetGridDataKomoditas?price_type_id=1&comcat_id=com_11&province_id=13&regency_id=34&showKota=true&showPasar=true&tipe_laporan=1&start_date=2023-03-01&end_date=2023-03-31&_=1791021834250,200,data/raw/pihps/com_11/2023-03.json,301ff92229355ef5ffa1a0bcbe5996371b1536577d98597bc16490994c655976,3318,23,23,0,23,OK,,2026-10-03T10:03:54Z
com_11,Bawang Merah Ukuran Sedang,2023-04,2023-04-01,2023-04-30,https://www.bi.go.id/hargapangan/WebSite/TabelHarga/GetGridDataKomoditas?price_type_id=1&comcat_id=com_11&province_id=13&regency_id=34&showKota=true&showPasar=true&tipe_laporan=1&start_date=2023-04-01&end_date=2023-04-30&_=1791021836059,200,data/raw/pihps/com_11/2023-04.json,7d913edc6b90b0c800c86b0894f226072000ee370e2d680189025efbf0c5bdd4,2922,20,20,0,20,OK,,2026-10-03T10:03:56Z
com_11,Bawang Merah Ukuran Sedang,2023-05,2023-05-01,2023-05-31,https://www.bi.go.id/hargapangan/WebSite/TabelHarga/GetGridDataKomoditas?price_type_id=1&comcat_id=com_11&province_id=13&regency_id=34&showKota=true&showPasar=true&tipe_laporan=1&start_date=2023-05-01&end_date=2023-05-31&_=1791021837396,200,data/raw/pihps/com_11/2023-05.json,86fd251f9dd9a6bbbb964f88abe22921121aaf7b0080a70c3ab337622b5732ea,3293,23,22,1,23,OK,,2026-10-03T10:03:57Z
com_11,Bawang Merah Ukuran Sedang,2023-06,2023-06-01,2023-06-30,https://www.bi.go.id/hargapangan/WebSite/TabelHarga/GetGridDataKomoditas?price_type_id=1&comcat_id=com_11&province_id=13&regency_id=34&showKota=true&showPasar=true&tipe_laporan=1&start_date=2023-06-01&end_date=2023-06-30&_=1791021838824,200,data/raw/pihps/com_11/2023-06.json,3669cecefca7efa985818723aa3c523fb447bfd54aeac1384710047387a634ac,3186,22,22,0,22,OK,,2026-10-03T10:03:58Z
com_11,Bawang Merah Ukuran Sedang,2023-07,2023-07-01,2023-07-31,https://www.bi.go.id/hargapangan/WebSite/TabelHarga/GetGridDataKomoditas?price_type_id=1&comcat_id=com_11&province_id=13&regency_id=34&showKota=true&showPasar=true&tipe_laporan=1&start_date=2023-07-01&end_date=2023-07-31&_=1791021840294,200,data/raw/pihps/com_11/2023-07.json,d3f28606ea8712f9b4179535d5bd1dea2132562614a574438a79939146eeb6db,3029,21,20,1,21,OK,,2026-10-03T10:04:00Z
com_11,Bawang Merah Ukuran Sedang,2023-08,2023-08-01,2023-08-31,https://www.bi.go.id/hargapangan/WebSite/TabelHarga/GetGridDataKomoditas?price_type_id=1&comcat_id=com_11&province_id=13&regency_id=34&showKota=true&showPasar=true&tipe_laporan=1&start_date=2023-08-01&end_date=2023-08-31&_=1791021842032,200,data/raw/pihps/com_11/2023-08.json,386e75f7aa117b738c83aba52322591520371d08187f68fe4dd47771025829bf,3318,23,23,0,23,OK,,2026-10-03T10:04:02Z
com_11,Bawang Merah Ukuran Sedang,2023-09,2023-09-01,2023-09-30,https://www.bi.go.id/hargapangan/WebSite/TabelHarga/GetGridDataKomoditas?price_type_id=1&comcat_id=com_11&province_id=13&regency_id=34&showKota=true&showPasar=true&tipe_laporan=1&start_date=2023-09-01&end_date=2023-09-30&_=1791021843467,200,data/raw/pihps/com_11/2023-09.json,c180dba72b002e0223b822ff3d5272d4bdbfe685d8b9cf4872bfa91046749815,3054,21,21,0,21,OK,,2026-10-03T10:04:03Z
com_11,Bawang Merah Ukuran Sedang,2023-10,2023-10-01,2023-10-31,https://www.bi.go.id/hargapangan/WebSite/TabelHarga/GetGridDataKomoditas?price_type_id=1&comcat_id=com_11&province_id=13&regency_id=34&showKota=true&showPasar=true&tipe_laporan=1&start_date=2023-10-01&end_date=2023-10-31&_=1791021845244,200,data/raw/pihps/com_11/2023-10.json,654aee00de43933a7ebf55457e5a55f64c5409f60c05157f0a2f37a5b9f18d10,3186,22,22,0,22,OK,,2026-10-03T10:04:05Z
com_11,Bawang Merah Ukuran Sedang,2023-11,2023-11-01,2023-11-30,https://www.bi.go.id/hargapangan/WebSite/TabelHarga/GetGridDataKomoditas?price_type_id=1&comcat_id=com_11&province_id=13&regency_id=34&showKota=true&showPasar=true&tipe_laporan=1&start_date=2023-11-01&end_date=2023-11-30&_=1791021846890,200,data/raw/pihps/com_11/2023-11.json,e0a6a323ee5f58bfab4f484c35434b41a58cf8d94958ccf118f65b3310bb44d4,3186,22,22,0,22,OK,,2026-10-03T10:04:06Z
com_11,Bawang Merah Ukuran Sedang,2023-12,2023-12-01,2023-12-31,https://www.bi.go.id/hargapangan/WebSite/TabelHarga/GetGridDataKomoditas?price_type_id=1&comcat_id=com_11&province_id=13&regency_id=34&showKota=true&showPasar=true&tipe_laporan=1&start_date=2023-12-01&end_date=2023-12-31&_=1791021848303,200,data/raw/pihps/com_11/2023-12.json,7b15a7f87b2731b4ccc9026c174d664be572be3da4ade81f8a5f3b2f47427a0a,3004,21,19,2,21,OK,,2026-10-03T10:04:08Z
com_11,Bawang Merah Ukuran Sedang,2024-01,2024-01-01,2024-01-31,https://www.bi.go.id/hargapangan/WebSite/TabelHarga/GetGridDataKomoditas?price_type_id=1&comcat_id=com_11&province_id=13&regency_id=34&showKota=true&showPasar=true&tipe_laporan=1&start_date=2024-01-01&end_date=2024-01-31&_=1791021849748,200,data/raw/pihps/com_11/2024-01.json,0e7062a688b08fe113cab0a75a36dcac4a092b0a19a16eea75b71e8c25267aac,3293,23,22,1,23,OK,,2026-10-03T10:04:09Z
com_11,Bawang Merah Ukuran Sedang,2024-02,2024-02-01,2024-02-29,https://www.bi.go.id/hargapangan/WebSite/TabelHarga/GetGridDataKomoditas?price_type_id=1&comcat_id=com_11&province_id=13&regency_id=34&showKota=true&showPasar=true&tipe_laporan=1&start_date=2024-02-01&end_date=2024-02-29&_=1791021851068,200,data/raw/pihps/com_11/2024-02.json,79b2fbe224e5a79682cf733fba4c34e1f0e4dd3b20fa877542f4fe49e35e4375,3029,21,20,1,21,OK,,2026-10-03T10:04:11Z
com_11,Bawang Merah Ukuran Sedang,2024-03,2024-03-01,2024-03-31,https://www.bi.go.id/hargapangan/WebSite/TabelHarga/GetGridDataKomoditas?price_type_id=1&comcat_id=com_11&province_id=13&regency_id=34&showKota=true&showPasar=true&tipe_laporan=1&start_date=2024-03-01&end_date=2024-03-31&_=1791021852495,200,data/raw/pihps/com_11/2024-03.json,890c7c61c78fe03df03aa9d223c78f28b27a3f5b42778eb946b8b9a0c5efcf70,3054,21,21,0,21,OK,,2026-10-03T10:04:12Z
com_11,Bawang Merah Ukuran Sedang,2024-04,2024-04-01,2024-04-30,https://www.bi.go.id/hargapangan/WebSite/TabelHarga/GetGridDataKomoditas?price_type_id=1&comcat_id=com_11&province_id=13&regency_id=34&showKota=true&showPasar=true&tipe_laporan=1&start_date=2024-04-01&end_date=2024-04-30&_=1791021854223,200,data/raw/pihps/com_11/2024-04.json,76a501fbe593c352d3dbd78b49d26afb4b78ff439d2f206306fde8321d7a7f05,3186,22,22,0,22,OK,,2026-10-03T10:04:14Z
com_11,Bawang Merah Ukuran Sedang,2024-05,2024-05-01,2024-05-31,https://www.bi.go.id/hargapangan/WebSite/TabelHarga/GetGridDataKomoditas?price_type_id=1&comcat_id=com_11&province_id=13&regency_id=34&showKota=true&showPasar=true&tipe_laporan=1&start_date=2024-05-01&end_date=2024-05-31&_=1791021855952,200,data/raw/pihps/com_11/2024-05.json,cdef4d645133299510cc32f55eba09b993749b76e7c0360b75e0f28aa539ee99,3313,23,23,0,23,OK,,2026-10-03T10:04:15Z
com_11,Bawang Merah Ukuran Sedang,2024-06,2024-06-01,2024-06-30,https://www.bi.go.id/hargapangan/WebSite/TabelHarga/GetGridDataKomoditas?price_type_id=1&comcat_id=com_11&province_id=13&regency_id=34&showKota=true&showPasar=true&tipe_laporan=1&start_date=2024-06-01&end_date=2024-06-30&_=1791021857698,200,data/raw/pihps/com_11/2024-06.json,8fb19a2686ab6a5d03ce2bdf56b78333a20ad115428a976209aba4d710eb73a3,2922,20,20,0,20,OK,,2026-10-03T10:04:17Z
com_11,Bawang Merah Ukuran Sedang,2024-07,2024-07-01,2024-07-31,https://www.bi.go.id/hargapangan/WebSite/TabelHarga/GetGridDataKomoditas?price_type_id=1&comcat_id=com_11&province_id=13&regency_id=34&showKota=true&showPasar=true&tipe_laporan=1&start_date=2024-07-01&end_date=2024-07-31&_=1791021859198,200,data/raw/pihps/com_11/2024-07.json,53ff6f7d7d36c119328a6516fa309e474e9913dc00e35c279a4682eb0da0f652,3293,23,22,1,23,OK,,2026-10-03T10:04:19Z
com_11,Bawang Merah Ukuran Sedang,2024-08,2024-08-01,2024-08-31,https://www.bi.go.id/hargapangan/WebSite/TabelHarga/GetGridDataKomoditas?price_type_id=1&comcat_id=com_11&province_id=13&regency_id=34&showKota=true&showPasar=true&tipe_laporan=1&start_date=2024-08-01&end_date=2024-08-31&_=1791021860832,200,data/raw/pihps/com_11/2024-08.json,7909b99f9411d868311079127c2b5319ca8d417cfd17621582e214bc8178132b,3186,22,22,0,22,OK,,2026-10-03T10:04:20Z
com_11,Bawang Merah Ukuran Sedang,2024-09,2024-09-01,2024-09-30,https://www.bi.go.id/hargapangan/WebSite/TabelHarga/GetGridDataKomoditas?price_type_id=1&comcat_id=com_11&province_id=13&regency_id=34&showKota=true&showPasar=true&tipe_laporan=1&start_date=2024-09-01&end_date=2024-09-30&_=1791021862468,200,data/raw/pihps/com_11/2024-09.json,fd05fee4783c181d5d6db2dc0de84c304003ad34fdf4c6bc4cc9078caeab82de,3054,21,21,0,21,OK,,2026-10-03T10:04:22Z
com_11,Bawang Merah Ukuran Sedang,2024-10,2024-10-01,2024-10-31,https://www.bi.go.id/hargapangan/WebSite/TabelHarga/GetGridDataKomoditas?price_type_id=1&comcat_id=com_11&province_id=13&regency_id=34&showKota=true&showPasar=true&tipe_laporan=1&start_date=2024-10-01&end_date=2024-10-31&_=1791021863879,200,data/raw/pihps/com_11/2024-10.json,66b2d11bdaf49fc51b41c1ef996616c3e2a464a4a64ea03168111b15e914ab35,3318,23,23,0,23,OK,,2026-10-03T10:04:23Z
com_11,Bawang Merah Ukuran Sedang,2024-11,2024-11-01,2024-11-30,https://www.bi.go.id/hargapangan/WebSite/TabelHarga/GetGridDataKomoditas?price_type_id=1&comcat_id=com_11&province_id=13&regency_id=34&showKota=true&showPasar=true&tipe_laporan=1&start_date=2024-11-01&end_date=2024-11-30&_=1791021865437,200,data/raw/pihps/com_11/2024-11.json,9092980f0e7269e2b787b7fe919860ad1ea3bc0cc5ec8600fdcbcf265d275eae,3054,21,21,0,21,OK,,2026-10-03T10:04:25Z
com_11,Bawang Merah Ukuran Sedang,2024-12,2024-12-01,2024-12-31,https://www.bi.go.id/hargapangan/WebSite/TabelHarga/GetGridDataKomoditas?price_type_id=1&comcat_id=com_11&province_id=13&regency_id=34&showKota=true&showPasar=true&tipe_laporan=1&start_date=2024-12-01&end_date=2024-12-31&_=1791021866961,200,data/raw/pihps/com_11/2024-12.json,0f45c85e87f041cbc64e6793a8cd467a78f86bc6d85f260570bbff593a3e35f0,3186,22,22,0,22,OK,,2026-10-03T10:04:26Z
com_11,Bawang Merah Ukuran Sedang,2025-01,2025-01-01,2025-01-31,https://www.bi.go.id/hargapangan/WebSite/TabelHarga/GetGridDataKomoditas?price_type_id=1&comcat_id=com_11&province_id=13&regency_id=34&showKota=true&showPasar=true&tipe_laporan=1&start_date=2025-01-01&end_date=2025-01-31&_=1791021868751,200,data/raw/pihps/com_11/2025-01.json,6e371d584f48e7fd5d8c561a5f47e99ca3ea03737ee994222c27e3ab40f53e79,3293,23,22,1,23,OK,,2026-10-03T10:04:28Z
com_11,Bawang Merah Ukuran Sedang,2025-02,2025-02-01,2025-02-28,https://www.bi.go.id/hargapangan/WebSite/TabelHarga/GetGridDataKomoditas?price_type_id=1&comcat_id=com_11&province_id=13&regency_id=34&showKota=true&showPasar=true&tipe_laporan=1&start_date=2025-02-01&end_date=2025-02-28&_=1791021870591,200,data/raw/pihps/com_11/2025-02.json,8ec4c2814d93769b627a685c6ec013d6ad6fede81c093eddab6bdd472a665e60,2922,20,20,0,20,OK,,2026-10-03T10:04:30Z
com_11,Bawang Merah Ukuran Sedang,2025-03,2025-03-01,2025-03-31,https://www.bi.go.id/hargapangan/WebSite/TabelHarga/GetGridDataKomoditas?price_type_id=1&comcat_id=com_11&province_id=13&regency_id=34&showKota=true&showPasar=true&tipe_laporan=1&start_date=2025-03-01&end_date=2025-03-31&_=1791021872020,200,data/raw/pihps/com_11/2025-03.json,d42f56d4d20286906ded3b3d2bbad9ab2846fcef74003faca7d635eace4f6607,3054,21,21,0,21,OK,,2026-10-03T10:04:32Z
com_11,Bawang Merah Ukuran Sedang,2025-04,2025-04-01,2025-04-30,https://www.bi.go.id/hargapangan/WebSite/TabelHarga/GetGridDataKomoditas?price_type_id=1&comcat_id=com_11&province_id=13&regency_id=34&showKota=true&showPasar=true&tipe_laporan=1&start_date=2025-04-01&end_date=2025-04-30&_=1791021873602,200,data/raw/pihps/com_11/2025-04.json,24047c8ae16ee0cfb9b9b5331fabe1e7e6c503cb8361310fe7cba0af964068d2,3186,22,22,0,22,OK,,2026-10-03T10:04:33Z
com_11,Bawang Merah Ukuran Sedang,2025-05,2025-05-01,2025-05-31,https://www.bi.go.id/hargapangan/WebSite/TabelHarga/GetGridDataKomoditas?price_type_id=1&comcat_id=com_11&province_id=13&regency_id=34&showKota=true&showPasar=true&tipe_laporan=1&start_date=2025-05-01&end_date=2025-05-31&_=1791021875237,200,data/raw/pihps/com_11/2025-05.json,cf08898a780c405b6c25ea870941703959bae8f9806450d0250d0de71cc47df0,3186,22,22,0,22,OK,,2026-10-03T10:04:35Z
com_11,Bawang Merah Ukuran Sedang,2025-06,2025-06-01,2025-06-30,https://www.bi.go.id/hargapangan/WebSite/TabelHarga/GetGridDataKomoditas?price_type_id=1&comcat_id=com_11&province_id=13&regency_id=34&showKota=true&showPasar=true&tipe_laporan=1&start_date=2025-06-01&end_date=2025-06-30&_=1791021876610,200,data/raw/pihps/com_11/2025-06.json,5824594e7c8c42e0a5f0e088f550a1d025dfbb91db2a1d14456d9d560556c87f,3054,21,21,0,21,OK,,2026-10-03T10:04:36Z
com_11,Bawang Merah Ukuran Sedang,2025-07,2025-07-01,2025-07-31,https://www.bi.go.id/hargapangan/WebSite/TabelHarga/GetGridDataKomoditas?price_type_id=1&comcat_id=com_11&province_id=13&regency_id=34&showKota=true&showPasar=true&tipe_laporan=1&start_date=2025-07-01&end_date=2025-07-31&_=1791021878266,200,data/raw/pihps/com_11/2025-07.json,15e916593cad5088f14f52b0ab4ffa58a3be3ad8d02244056451e245a2cbbd00,3318,23,23,0,23,OK,,2026-10-03T10:04:38Z
com_11,Bawang Merah Ukuran Sedang,2025-08,2025-08-01,2025-08-31,https://www.bi.go.id/hargapangan/WebSite/TabelHarga/GetGridDataKomoditas?price_type_id=1&comcat_id=com_11&province_id=13&regency_id=34&showKota=true&showPasar=true&tipe_laporan=1&start_date=2025-08-01&end_date=2025-08-31&_=1791021880055,200,data/raw/pihps/com_11/2025-08.json,89910a6aa149e40be50c86e0fb72ed39ec7caf4be9d80af0e54e39133ff02b35,3054,21,21,0,21,OK,,2026-10-03T10:04:40Z
com_11,Bawang Merah Ukuran Sedang,2025-09,2025-09-01,2025-09-30,https://www.bi.go.id/hargapangan/WebSite/TabelHarga/GetGridDataKomoditas?price_type_id=1&comcat_id=com_11&province_id=13&regency_id=34&showKota=true&showPasar=true&tipe_laporan=1&start_date=2025-09-01&end_date=2025-09-30&_=1791021881698,200,data/raw/pihps/com_11/2025-09.json,2f9ce27af8ca13fc1f66320f1d8e6a416f9fb2e52b755ad0efc878c5948e01fe,3186,22,22,0,22,OK,,2026-10-03T10:04:41Z
com_11,Bawang Merah Ukuran Sedang,2025-10,2025-10-01,2025-10-31,https://www.bi.go.id/hargapangan/WebSite/TabelHarga/GetGridDataKomoditas?price_type_id=1&comcat_id=com_11&province_id=13&regency_id=34&showKota=true&showPasar=true&tipe_laporan=1&start_date=2025-10-01&end_date=2025-10-31&_=1791021883118,200,data/raw/pihps/com_11/2025-10.json,136eeeee3c4735c3ad28aa550a3a259e9363652e31ebea2b2560a5f9909b5822,3318,23,23,0,23,OK,,2026-10-03T10:04:43Z
com_11,Bawang Merah Ukuran Sedang,2025-11,2025-11-01,2025-11-30,https://www.bi.go.id/hargapangan/WebSite/TabelHarga/GetGridDataKomoditas?price_type_id=1&comcat_id=com_11&province_id=13&regency_id=34&showKota=true&showPasar=true&tipe_laporan=1&start_date=2025-11-01&end_date=2025-11-30&_=1791021884602,200,data/raw/pihps/com_11/2025-11.json,b90921883bba06cdd8e892740b508750f932724b02ae5b794e697e300b95fe74,2922,20,20,0,20,OK,,2026-10-03T10:04:44Z
com_11,Bawang Merah Ukuran Sedang,2025-12,2025-12-01,2025-12-31,https://www.bi.go.id/hargapangan/WebSite/TabelHarga/GetGridDataKomoditas?price_type_id=1&comcat_id=com_11&province_id=13&regency_id=34&showKota=true&showPasar=true&tipe_laporan=1&start_date=2025-12-01&end_date=2025-12-31&_=1791021886391,200,data/raw/pihps/com_11/2025-12.json,1294d4f6239f3c0352234932723846e882427e8976dbe3c5604250281c2f8c11,3318,23,23,0,23,OK,,2026-10-03T10:04:46Z
com_11,Bawang Merah Ukuran Sedang,2026-01,2026-01-01,2026-01-31,https://www.bi.go.id/hargapangan/WebSite/TabelHarga/GetGridDataKomoditas?price_type_id=1&comcat_id=com_11&province_id=13&regency_id=34&showKota=true&showPasar=true&tipe_laporan=1&start_date=2026-01-01&end_date=2026-01-31&_=1791021888189,200,data/raw/pihps/com_11/2026-01.json,6c86389068379ee74e0922f3aedaaa15bc8f030153a1f87ca2889b20882ac828,3186,22,22,0,22,OK,,2026-10-03T10:04:48Z
com_11,Bawang Merah Ukuran Sedang,2026-02,2026-02-01,2026-02-28,https://www.bi.go.id/hargapangan/WebSite/TabelHarga/GetGridDataKomoditas?price_type_id=1&comcat_id=com_11&province_id=13&regency_id=34&showKota=true&showPasar=true&tipe_laporan=1&start_date=2026-02-01&end_date=2026-02-28&_=1791021889969,200,data/raw/pihps/com_11/2026-02.json,b78a2103779e66cce7f7a85d55ff8e6fa3bcba52774d9b8f75388122864477f2,2922,20,20,0,20,OK,,2026-10-03T10:04:49Z
com_11,Bawang Merah Ukuran Sedang,2026-03,2026-03-01,2026-03-31,https://www.bi.go.id/hargapangan/WebSite/TabelHarga/GetGridDataKomoditas?price_type_id=1&comcat_id=com_11&province_id=13&regency_id=34&showKota=true&showPasar=true&tipe_laporan=1&start_date=2026-03-01&end_date=2026-03-31&_=1791021891728,200,data/raw/pihps/com_11/2026-03.json,e2122bc280e343e1ba0ea9384a9c16d3e2c3f5c79ba4e61a90fffe5729067e86,3186,22,22,0,22,OK,,2026-10-03T10:04:51Z
com_11,Bawang Merah Ukuran Sedang,2026-04,2026-04-01,2026-04-30,https://www.bi.go.id/hargapangan/WebSite/TabelHarga/GetGridDataKomoditas?price_type_id=1&comcat_id=com_11&province_id=13&regency_id=34&showKota=true&showPasar=true&tipe_laporan=1&start_date=2026-04-01&end_date=2026-04-30&_=1791021894393,200,data/raw/pihps/com_11/2026-04.json,ebc3ea1dbd5dbadd681686f39c65d5c4cda73bcf82d9ad0987653d52e684bf85,3186,22,22,0,22,OK,,2026-10-03T10:04:54Z
com_11,Bawang Merah Ukuran Sedang,2026-05,2026-05-01,2026-05-31,https://www.bi.go.id/hargapangan/WebSite/TabelHarga/GetGridDataKomoditas?price_type_id=1&comcat_id=com_11&province_id=13&regency_id=34&showKota=true&showPasar=true&tipe_laporan=1&start_date=2026-05-01&end_date=2026-05-31&_=1791021897312,200,data/raw/pihps/com_11/2026-05.json,e987a1b9d7d67bb59bc71939dd32adae89837461691291a252ef66cf5e26f6ab,3054,21,21,0,21,OK,,2026-10-03T10:04:57Z
com_11,Bawang Merah Ukuran Sedang,2026-06,2026-06-01,2026-06-30,https://www.bi.go.id/hargapangan/WebSite/TabelHarga/GetGridDataKomoditas?price_type_id=1&comcat_id=com_11&province_id=13&regency_id=34&showKota=true&showPasar=true&tipe_laporan=1&start_date=2026-06-01&end_date=2026-06-30&_=1791021900111,200,data/raw/pihps/com_11/2026-06.json,876271c1b8b4ce571a74d2c1253bea8beccb1cd673011ecf786c5e5691bbbfac,3186,22,22,0,22,OK,,2026-10-03T10:05:00Z
com_11,Bawang Merah Ukuran Sedang,2026-07,2026-07-01,2026-07-31,https://www.bi.go.id/hargapangan/WebSite/TabelHarga/GetGridDataKomoditas?price_type_id=1&comcat_id=com_11&province_id=13&regency_id=34&showKota=true&showPasar=true&tipe_laporan=1&start_date=2026-07-01&end_date=2026-07-31&_=1791021902852,200,data/raw/pihps/com_11/2026-07.json,ae053689cf1443e3e983b8a2ecf478f5dd9f19d9376372714d4de72110d40b54,3318,23,23,0,23,OK,,2026-10-03T10:05:02Z
com_11,Bawang Merah Ukuran Sedang,2026-08,2026-08-01,2026-08-31,https://www.bi.go.id/hargapangan/WebSite/TabelHarga/GetGridDataKomoditas?price_type_id=1&comcat_id=com_11&province_id=13&regency_id=34&showKota=true&showPasar=true&tipe_laporan=1&start_date=2026-08-01&end_date=2026-08-31&_=1791021905838,200,data/raw/pihps/com_11/2026-08.json,b068414f2308040a6dc48a27565844cb05e916c295dd9d36bf551e1ff447c017,3054,21,21,0,21,OK,,2026-10-03T10:05:05Z
com_11,Bawang Merah Ukuran Sedang,2026-09,2026-09-01,2026-09-30,https://www.bi.go.id/hargapangan/WebSite/TabelHarga/GetGridDataKomoditas?price_type_id=1&comcat_id=com_11&province_id=13&regency_id=34&showKota=true&showPasar=true&tipe_laporan=1&start_date=2026-09-01&end_date=2026-09-30&_=1791021908743,200,data/raw/pihps/com_11/2026-09.json,4cecee92876d98da968b8f91585f9bab64ee60bfcd401b2ec867e693ec591752,3186,22,22,0,22,OK,,2026-10-03T10:05:08Z
com_3,Beras Kualitas Medium I,2019-01,2019-01-01,2019-01-31,https://www.bi.go.id/hargapangan/WebSite/TabelHarga/GetGridDataKomoditas?price_type_id=1&comcat_id=com_3&province_id=13&regency_id=34&showKota=true&showPasar=true&tipe_laporan=1&start_date=2019-01-01&end_date=2019-01-31&_=1791021911614,200,data/raw/pihps/com_3/2019-01.json,93db34bbdd36c259c1f8e3655aefbbffc7d663857105dc43065390e41bcc5e60,3293,23,22,1,23,OK,,2026-10-03T10:05:11Z
com_3,Beras Kualitas Medium I,2019-02,2019-02-01,2019-02-28,https://www.bi.go.id/hargapangan/WebSite/TabelHarga/GetGridDataKomoditas?price_type_id=1&comcat_id=com_3&province_id=13&regency_id=34&showKota=true&showPasar=true&tipe_laporan=1&start_date=2019-02-01&end_date=2019-02-28&_=1791021913030,200,data/raw/pihps/com_3/2019-02.json,654aa5a84134fb4befc0f6c229680dd54488e19083ac0f95f154f71780657436,2897,20,19,1,20,OK,,2026-10-03T10:05:13Z
com_3,Beras Kualitas Medium I,2019-03,2019-03-01,2019-03-31,https://www.bi.go.id/hargapangan/WebSite/TabelHarga/GetGridDataKomoditas?price_type_id=1&comcat_id=com_3&province_id=13&regency_id=34&showKota=true&showPasar=true&tipe_laporan=1&start_date=2019-03-01&end_date=2019-03-31&_=1791021914800,200,data/raw/pihps/com_3/2019-03.json,a20dd32acae05a8fd42606efac9a8203674d2f390bdd3f924e3e55026aff16a7,3029,21,20,1,21,OK,,2026-10-03T10:05:14Z
com_3,Beras Kualitas Medium I,2019-04,2019-04-01,2019-04-30,https://www.bi.go.id/hargapangan/WebSite/TabelHarga/GetGridDataKomoditas?price_type_id=1&comcat_id=com_3&province_id=13&regency_id=34&showKota=true&showPasar=true&tipe_laporan=1&start_date=2019-04-01&end_date=2019-04-30&_=1791021916208,200,data/raw/pihps/com_3/2019-04.json,42b0dc39f272c6990c9f9ffeb90633eb9afc289937122ff04faddc1c6abd0359,3110,22,19,3,22,OK,,2026-10-03T10:05:16Z
com_3,Beras Kualitas Medium I,2019-05,2019-05-01,2019-05-31,https://www.bi.go.id/hargapangan/WebSite/TabelHarga/GetGridDataKomoditas?price_type_id=1&comcat_id=com_3&province_id=13&regency_id=34&showKota=true&showPasar=true&tipe_laporan=1&start_date=2019-05-01&end_date=2019-05-31&_=1791021917530,200,data/raw/pihps/com_3/2019-05.json,ca23ef5a249d1e6c06a3a52af284856daa0012a987c66b5ea8d1fed798e1abfd,3268,23,21,2,23,OK,,2026-10-03T10:05:17Z
com_3,Beras Kualitas Medium I,2019-06,2019-06-01,2019-06-30,https://www.bi.go.id/hargapangan/WebSite/TabelHarga/GetGridDataKomoditas?price_type_id=1&comcat_id=com_3&province_id=13&regency_id=34&showKota=true&showPasar=true&tipe_laporan=1&start_date=2019-06-01&end_date=2019-06-30&_=1791021919237,200,data/raw/pihps/com_3/2019-06.json,7b899a62c874897238ca5cec707f920560889d590e995618522640baa00673e2,2842,20,17,3,20,OK,,2026-10-03T10:05:19Z
com_3,Beras Kualitas Medium I,2019-07,2019-07-01,2019-07-31,https://www.bi.go.id/hargapangan/WebSite/TabelHarga/GetGridDataKomoditas?price_type_id=1&comcat_id=com_3&province_id=13&regency_id=34&showKota=true&showPasar=true&tipe_laporan=1&start_date=2019-07-01&end_date=2019-07-31&_=1791021920633,200,data/raw/pihps/com_3/2019-07.json,6e53e4e4bed292098362f7f41afd51151b357c8e006fd99923a252ec437e3d02,3318,23,23,0,23,OK,,2026-10-03T10:05:20Z
com_3,Beras Kualitas Medium I,2019-08,2019-08-01,2019-08-31,https://www.bi.go.id/hargapangan/WebSite/TabelHarga/GetGridDataKomoditas?price_type_id=1&comcat_id=com_3&province_id=13&regency_id=34&showKota=true&showPasar=true&tipe_laporan=1&start_date=2019-08-01&end_date=2019-08-31&_=1791021922466,200,data/raw/pihps/com_3/2019-08.json,43118019ac1fee6b77c9ffbc7b24394c2581df232d8a53e6fd586a61580f0faf,3186,22,22,0,22,OK,,2026-10-03T10:05:22Z
com_3,Beras Kualitas Medium I,2019-09,2019-09-01,2019-09-30,https://www.bi.go.id/hargapangan/WebSite/TabelHarga/GetGridDataKomoditas?price_type_id=1&comcat_id=com_3&province_id=13&regency_id=34&showKota=true&showPasar=true&tipe_laporan=1&start_date=2019-09-01&end_date=2019-09-30&_=1791021924098,200,data/raw/pihps/com_3/2019-09.json,e08d28041d0c6fa68966f9f9374310d9c9f610ecd7e619589a73e2a783364691,3054,21,21,0,21,OK,,2026-10-03T10:05:24Z
com_3,Beras Kualitas Medium I,2019-10,2019-10-01,2019-10-31,https://www.bi.go.id/hargapangan/WebSite/TabelHarga/GetGridDataKomoditas?price_type_id=1&comcat_id=com_3&province_id=13&regency_id=34&showKota=true&showPasar=true&tipe_laporan=1&start_date=2019-10-01&end_date=2019-10-31&_=1791021925552,200,data/raw/pihps/com_3/2019-10.json,593fbd514753e7833f734473550f02b2e241f38e38d8f8a3dc664e6f0461d05b,3318,23,23,0,23,OK,,2026-10-03T10:05:25Z
com_3,Beras Kualitas Medium I,2019-11,2019-11-01,2019-11-30,https://www.bi.go.id/hargapangan/WebSite/TabelHarga/GetGridDataKomoditas?price_type_id=1&comcat_id=com_3&province_id=13&regency_id=34&showKota=true&showPasar=true&tipe_laporan=1&start_date=2019-11-01&end_date=2019-11-30&_=1791021927236,200,data/raw/pihps/com_3/2019-11.json,52840350b522b818ff7420bca088897e239ad489e2304a5d1763fdc7f7751429,3054,21,21,0,21,OK,,2026-10-03T10:05:27Z
com_3,Beras Kualitas Medium I,2019-12,2019-12-01,2019-12-31,https://www.bi.go.id/hargapangan/WebSite/TabelHarga/GetGridDataKomoditas?price_type_id=1&comcat_id=com_3&province_id=13&regency_id=34&showKota=true&showPasar=true&tipe_laporan=1&start_date=2019-12-01&end_date=2019-12-31&_=1791021928591,200,data/raw/pihps/com_3/2019-12.json,bf917fc3c6b0fb263e86687738cc70d466bcfaefad677e9a790808814c734d8e,3111,22,19,3,22,OK,,2026-10-03T10:05:28Z
com_3,Beras Kualitas Medium I,2020-01,2020-01-01,2020-01-31,https://www.bi.go.id/hargapangan/WebSite/TabelHarga/GetGridDataKomoditas?price_type_id=1&comcat_id=com_3&province_id=13&regency_id=34&showKota=true&showPasar=true&tipe_laporan=1&start_date=2020-01-01&end_date=2020-01-31&_=1791021930132,200,data/raw/pihps/com_3/2020-01.json,e0ce9637df4e4d54f434e7759e45b6cea0ded091382f9181f84d97c1c6b93d09,3288,23,22,1,23,OK,,2026-10-03T10:05:30Z
com_3,Beras Kualitas Medium I,2020-02,2020-02-01,2020-02-29,https://www.bi.go.id/hargapangan/WebSite/TabelHarga/GetGridDataKomoditas?price_type_id=1&comcat_id=com_3&province_id=13&regency_id=34&showKota=true&showPasar=true&tipe_laporan=1&start_date=2020-02-01&end_date=2020-02-29&_=1791021931842,200,data/raw/pihps/com_3/2020-02.json,ec54814cc12f96513a946c6fb2fe0436227d7092a3c40e7bcadab32d8052643a,2922,20,20,0,20,OK,,2026-10-03T10:05:31Z
com_3,Beras Kualitas Medium I,2020-03,2020-03-01,2020-03-31,https://www.bi.go.id/hargapangan/WebSite/TabelHarga/GetGridDataKomoditas?price_type_id=1&comcat_id=com_3&province_id=13&regency_id=34&showKota=true&showPasar=true&tipe_laporan=1&start_date=2020-03-01&end_date=2020-03-31&_=1791021933423,200,data/raw/pihps/com_3/2020-03.json,d9bbd38e39c2d04c00245164e66d0b91423253242532413c6c46bc4029cc4d99,3161,22,21,1,22,OK,,2026-10-03T10:05:33Z
com_3,Beras Kualitas Medium I,2020-04,2020-04-01,2020-04-30,https://www.bi.go.id/hargapangan/WebSite/TabelHarga/GetGridDataKomoditas?price_type_id=1&comcat_id=com_3&province_id=13&regency_id=34&showKota=true&showPasar=true&tipe_laporan=1&start_date=2020-04-01&end_date=2020-04-30&_=1791021935183,200,data/raw/pihps/com_3/2020-04.json,e8a77698bffa96f2fb3fd0f069f697109984c5564d1de6f688f226073180989f,3161,22,21,1,22,OK,,2026-10-03T10:05:35Z
com_3,Beras Kualitas Medium I,2020-05,2020-05-01,2020-05-31,https://www.bi.go.id/hargapangan/WebSite/TabelHarga/GetGridDataKomoditas?price_type_id=1&comcat_id=com_3&province_id=13&regency_id=34&showKota=true&showPasar=true&tipe_laporan=1&start_date=2020-05-01&end_date=2020-05-31&_=1791021936817,200,data/raw/pihps/com_3/2020-05.json,a3478cfccd355691aafd93cfcf2bfa223ce9bf2dd90a8eac633991a24823c2f7,2929,21,16,5,21,OK,,2026-10-03T10:05:36Z
com_3,Beras Kualitas Medium I,2020-06,2020-06-01,2020-06-30,https://www.bi.go.id/hargapangan/WebSite/TabelHarga/GetGridDataKomoditas?price_type_id=1&comcat_id=com_3&province_id=13&regency_id=34&showKota=true&showPasar=true&tipe_laporan=1&start_date=2020-06-01&end_date=2020-06-30&_=1791021938393,200,data/raw/pihps/com_3/2020-06.json,37d6e8beea41c90a95e7c133586f004a19b73dc2b0cc1ccd78751692f8a65fc8,3161,22,21,1,22,OK,,2026-10-03T10:05:38Z
com_3,Beras Kualitas Medium I,2020-07,2020-07-01,2020-07-31,https://www.bi.go.id/hargapangan/WebSite/TabelHarga/GetGridDataKomoditas?price_type_id=1&comcat_id=com_3&province_id=13&regency_id=34&showKota=true&showPasar=true&tipe_laporan=1&start_date=2020-07-01&end_date=2020-07-31&_=1791021940034,200,data/raw/pihps/com_3/2020-07.json,63ba2e8f6bc5ccf935b39a073e2ba2eef0eaaf68300dadd2165afe566db4b049,3293,23,22,1,23,OK,,2026-10-03T10:05:40Z
com_3,Beras Kualitas Medium I,2020-08,2020-08-01,2020-08-31,https://www.bi.go.id/hargapangan/WebSite/TabelHarga/GetGridDataKomoditas?price_type_id=1&comcat_id=com_3&province_id=13&regency_id=34&showKota=true&showPasar=true&tipe_laporan=1&start_date=2020-08-01&end_date=2020-08-31&_=1791021941775,200,data/raw/pihps/com_3/2020-08.json,4b5b9c83acbbc05b2f09c94abe7439df4458306be9409800c250523706ecce98,2979,21,18,3,21,OK,,2026-10-03T10:05:41Z
com_3,Beras Kualitas Medium I,2020-09,2020-09-01,2020-09-30,https://www.bi.go.id/hargapangan/WebSite/TabelHarga/GetGridDataKomoditas?price_type_id=1&comcat_id=com_3&province_id=13&regency_id=34&showKota=true&showPasar=true&tipe_laporan=1&start_date=2020-09-01&end_date=2020-09-30&_=1791021943103,200,data/raw/pihps/com_3/2020-09.json,63ab73a1a9663d37e7d0399847c8f3fa46facfada1e35d7a105dff38edfa2937,3186,22,22,0,22,OK,,2026-10-03T10:05:43Z
com_3,Beras Kualitas Medium I,2020-10,2020-10-01,2020-10-31,https://www.bi.go.id/hargapangan/WebSite/TabelHarga/GetGridDataKomoditas?price_type_id=1&comcat_id=com_3&province_id=13&regency_id=34&showKota=true&showPasar=true&tipe_laporan=1&start_date=2020-10-01&end_date=2020-10-31&_=1791021944519,200,data/raw/pihps/com_3/2020-10.json,d28e283e3a1546b0250de7287c8a23a2f8c2be70e8b5e310d5e8a1fc6dc7bc38,3111,22,19,3,22,OK,,2026-10-03T10:05:44Z
com_3,Beras Kualitas Medium I,2020-11,2020-11-01,2020-11-30,https://www.bi.go.id/hargapangan/WebSite/TabelHarga/GetGridDataKomoditas?price_type_id=1&comcat_id=com_3&province_id=13&regency_id=34&showKota=true&showPasar=true&tipe_laporan=1&start_date=2020-11-01&end_date=2020-11-30&_=1791021946177,200,data/raw/pihps/com_3/2020-11.json,785e2ad235b8df1bb1411621942a5809e6eb846e4094aa70bddd619ddd759a3b,3054,21,21,0,21,OK,,2026-10-03T10:05:46Z
com_3,Beras Kualitas Medium I,2020-12,2020-12-01,2020-12-31,https://www.bi.go.id/hargapangan/WebSite/TabelHarga/GetGridDataKomoditas?price_type_id=1&comcat_id=com_3&province_id=13&regency_id=34&showKota=true&showPasar=true&tipe_laporan=1&start_date=2020-12-01&end_date=2020-12-31&_=1791021947561,200,data/raw/pihps/com_3/2020-12.json,a2510b1e3037c2d194ed787f2d22e6cffd741a987b490815f8f2a60eab08a1b5,3213,23,19,4,23,OK,,2026-10-03T10:05:47Z
com_3,Beras Kualitas Medium I,2021-01,2021-01-01,2021-01-31,https://www.bi.go.id/hargapangan/WebSite/TabelHarga/GetGridDataKomoditas?price_type_id=1&comcat_id=com_3&province_id=13&regency_id=34&showKota=true&showPasar=true&tipe_laporan=1&start_date=2021-01-01&end_date=2021-01-31&_=1791021949084,200,data/raw/pihps/com_3/2021-01.json,91faa5a02da3c66b9f66bc125f31236e93f6357b62f4f93bdd57623bb58a36bc,3024,21,20,1,21,OK,,2026-10-03T10:05:49Z
com_3,Beras Kualitas Medium I,2021-02,2021-02-01,2021-02-28,https://www.bi.go.id/hargapangan/WebSite/TabelHarga/GetGridDataKomoditas?price_type_id=1&comcat_id=com_3&province_id=13&regency_id=34&showKota=true&showPasar=true&tipe_laporan=1&start_date=2021-02-01&end_date=2021-02-28&_=1791021950878,200,data/raw/pihps/com_3/2021-02.json,9c0a94609bfeb166a0b9e260cde9a68d47875950553f2f05d61d5db1468ef46c,2897,20,19,1,20,OK,,2026-10-03T10:05:50Z
com_3,Beras Kualitas Medium I,2021-03,2021-03-01,2021-03-31,https://www.bi.go.id/hargapangan/WebSite/TabelHarga/GetGridDataKomoditas?price_type_id=1&comcat_id=com_3&province_id=13&regency_id=34&showKota=true&showPasar=true&tipe_laporan=1&start_date=2021-03-01&end_date=2021-03-31&_=1791021952360,200,data/raw/pihps/com_3/2021-03.json,32b1c768d6f0754bf519a01c8360123371c2734baff4d31003607c386cdb9771,3293,23,22,1,23,OK,,2026-10-03T10:05:52Z
com_3,Beras Kualitas Medium I,2021-04,2021-04-01,2021-04-30,https://www.bi.go.id/hargapangan/WebSite/TabelHarga/GetGridDataKomoditas?price_type_id=1&comcat_id=com_3&province_id=13&regency_id=34&showKota=true&showPasar=true&tipe_laporan=1&start_date=2021-04-01&end_date=2021-04-30&_=1791021953906,200,data/raw/pihps/com_3/2021-04.json,3c11c6aba75f1594985f0c502b3a5b73963804c3193106da081b5e2be48df498,3161,22,21,1,22,OK,,2026-10-03T10:05:53Z
com_3,Beras Kualitas Medium I,2021-05,2021-05-01,2021-05-31,https://www.bi.go.id/hargapangan/WebSite/TabelHarga/GetGridDataKomoditas?price_type_id=1&comcat_id=com_3&province_id=13&regency_id=34&showKota=true&showPasar=true&tipe_laporan=1&start_date=2021-05-01&end_date=2021-05-31&_=1791021955309,200,data/raw/pihps/com_3/2021-05.json,c1c77e7ff7e402538d213d6341d4503d79363e4b56449ed72bf5d64d153e3712,2939,21,17,4,21,OK,,2026-10-03T10:05:55Z
com_3,Beras Kualitas Medium I,2021-06,2021-06-01,2021-06-30,https://www.bi.go.id/hargapangan/WebSite/TabelHarga/GetGridDataKomoditas?price_type_id=1&comcat_id=com_3&province_id=13&regency_id=34&showKota=true&showPasar=true&tipe_laporan=1&start_date=2021-06-01&end_date=2021-06-30&_=1791021956730,200,data/raw/pihps/com_3/2021-06.json,003c4d3364ded48fbe6c2fe390d92ba89d92c1574e811762622787552e22c198,3161,22,21,1,22,OK,,2026-10-03T10:05:56Z
com_3,Beras Kualitas Medium I,2021-07,2021-07-01,2021-07-31,https://www.bi.go.id/hargapangan/WebSite/TabelHarga/GetGridDataKomoditas?price_type_id=1&comcat_id=com_3&province_id=13&regency_id=34&showKota=true&showPasar=true&tipe_laporan=1&start_date=2021-07-01&end_date=2021-07-31&_=1791021958294,200,data/raw/pihps/com_3/2021-07.json,738054bb66e0e938e74f8ab7c004153caa4a86930f0fefd6b8a07e85a324fc5b,3161,22,21,1,22,OK,,2026-10-03T10:05:58Z
com_3,Beras Kualitas Medium I,2021-08,2021-08-01,2021-08-31,https://www.bi.go.id/hargapangan/WebSite/TabelHarga/GetGridDataKomoditas?price_type_id=1&comcat_id=com_3&province_id=13&regency_id=34&showKota=true&showPasar=true&tipe_laporan=1&start_date=2021-08-01&end_date=2021-08-31&_=1791021959708,200,data/raw/pihps/com_3/2021-08.json,a269325fba831d3c9c4a914834fbee852ca5d19b737a644354bc526d99894eae,3136,22,20,2,22,OK,,2026-10-03T10:05:59Z
com_3,Beras Kualitas Medium I,2021-09,2021-09-01,2021-09-30,https://www.bi.go.id/hargapangan/WebSite/TabelHarga/GetGridDataKomoditas?price_type_id=1&comcat_id=com_3&province_id=13&regency_id=34&showKota=true&showPasar=true&tipe_laporan=1&start_date=2021-09-01&end_date=2021-09-30&_=1791021961245,200,data/raw/pihps/com_3/2021-09.json,c3834c9ba69cdb785adbbadf13aff0f429581b7be981b02c63e94338d67ef00f,3186,22,22,0,22,OK,,2026-10-03T10:06:01Z
com_3,Beras Kualitas Medium I,2021-10,2021-10-01,2021-10-31,https://www.bi.go.id/hargapangan/WebSite/TabelHarga/GetGridDataKomoditas?price_type_id=1&comcat_id=com_3&province_id=13&regency_id=34&showKota=true&showPasar=true&tipe_laporan=1&start_date=2021-10-01&end_date=2021-10-31&_=1791021962604,200,data/raw/pihps/com_3/2021-10.json,25f23d1b6f5816bd4002f371d2f82f41f4c901d87068846a878d9b0715a705d0,3029,21,20,1,21,OK,,2026-10-03T10:06:02Z
com_3,Beras Kualitas Medium I,2021-11,2021-11-01,2021-11-30,https://www.bi.go.id/hargapangan/WebSite/TabelHarga/GetGridDataKomoditas?price_type_id=1&comcat_id=com_3&province_id=13&regency_id=34&showKota=true&showPasar=true&tipe_laporan=1&start_date=2021-11-01&end_date=2021-11-30&_=1791021964175,200,data/raw/pihps/com_3/2021-11.json,cda3f2bc94192af8748abbe6411f9895309d54df1d9575c290b7f49b8f432034,3186,22,22,0,22,OK,,2026-10-03T10:06:04Z
com_3,Beras Kualitas Medium I,2021-12,2021-12-01,2021-12-31,https://www.bi.go.id/hargapangan/WebSite/TabelHarga/GetGridDataKomoditas?price_type_id=1&comcat_id=com_3&province_id=13&regency_id=34&showKota=true&showPasar=true&tipe_laporan=1&start_date=2021-12-01&end_date=2021-12-31&_=1791021965881,200,data/raw/pihps/com_3/2021-12.json,06eb2932d8560981eceeeeb23d2c4c573a2d551312b62a7b49edafbd5217d58c,3318,23,23,0,23,OK,,2026-10-03T10:06:05Z
com_3,Beras Kualitas Medium I,2022-01,2022-01-01,2022-01-31,https://www.bi.go.id/hargapangan/WebSite/TabelHarga/GetGridDataKomoditas?price_type_id=1&comcat_id=com_3&province_id=13&regency_id=34&showKota=true&showPasar=true&tipe_laporan=1&start_date=2022-01-01&end_date=2022-01-31&_=1791021967636,200,data/raw/pihps/com_3/2022-01.json,eedcf27d4ddecb5e82706d7eaebe95e11f5a6b051f5b94cd418481ecdd098a2d,3049,21,21,0,21,OK,,2026-10-03T10:06:07Z
com_3,Beras Kualitas Medium I,2022-02,2022-02-01,2022-02-28,https://www.bi.go.id/hargapangan/WebSite/TabelHarga/GetGridDataKomoditas?price_type_id=1&comcat_id=com_3&province_id=13&regency_id=34&showKota=true&showPasar=true&tipe_laporan=1&start_date=2022-02-01&end_date=2022-02-28&_=1791021969416,200,data/raw/pihps/com_3/2022-02.json,e0eefed86d972d70a1119ada70de797a980d38cf874e1a4c7a250500e46b279f,2867,20,18,2,20,OK,,2026-10-03T10:06:09Z
com_3,Beras Kualitas Medium I,2022-03,2022-03-01,2022-03-31,https://www.bi.go.id/hargapangan/WebSite/TabelHarga/GetGridDataKomoditas?price_type_id=1&comcat_id=com_3&province_id=13&regency_id=34&showKota=true&showPasar=true&tipe_laporan=1&start_date=2022-03-01&end_date=2022-03-31&_=1791021971049,200,data/raw/pihps/com_3/2022-03.json,eb03fbe8548bedfa15f2ad0c6f207ea73601372234a746619aafef893ae0c460,3288,23,22,1,23,OK,,2026-10-03T10:06:11Z
com_3,Beras Kualitas Medium I,2022-04,2022-04-01,2022-04-30,https://www.bi.go.id/hargapangan/WebSite/TabelHarga/GetGridDataKomoditas?price_type_id=1&comcat_id=com_3&province_id=13&regency_id=34&showKota=true&showPasar=true&tipe_laporan=1&start_date=2022-04-01&end_date=2022-04-30&_=1791021972732,200,data/raw/pihps/com_3/2022-04.json,7ee648e70f5109a006aef3ee60fa64ced4c5d1ce5e9218974d66f818ef9b4398,3004,21,19,2,21,OK,,2026-10-03T10:06:12Z
com_3,Beras Kualitas Medium I,2022-05,2022-05-01,2022-05-31,https://www.bi.go.id/hargapangan/WebSite/TabelHarga/GetGridDataKomoditas?price_type_id=1&comcat_id=com_3&province_id=13&regency_id=34&showKota=true&showPasar=true&tipe_laporan=1&start_date=2022-05-01&end_date=2022-05-31&_=1791021974059,200,data/raw/pihps/com_3/2022-05.json,de7a49d2850990cf0acbc4cf1e7078cf4e55727f888bf915a281f96112f4b616,2996,22,15,7,22,OK,,2026-10-03T10:06:14Z
com_3,Beras Kualitas Medium I,2022-06,2022-06-01,2022-06-30,https://www.bi.go.id/hargapangan/WebSite/TabelHarga/GetGridDataKomoditas?price_type_id=1&comcat_id=com_3&province_id=13&regency_id=34&showKota=true&showPasar=true&tipe_laporan=1&start_date=2022-06-01&end_date=2022-06-30&_=1791021975420,200,data/raw/pihps/com_3/2022-06.json,3e81c594c4a228796e8216a43ca6bda9ce67ab12bdf7121a14b4c9f44d0664b9,3156,22,21,1,22,OK,,2026-10-03T10:06:15Z
com_3,Beras Kualitas Medium I,2022-07,2022-07-01,2022-07-31,https://www.bi.go.id/hargapangan/WebSite/TabelHarga/GetGridDataKomoditas?price_type_id=1&comcat_id=com_3&province_id=13&regency_id=34&showKota=true&showPasar=true&tipe_laporan=1&start_date=2022-07-01&end_date=2022-07-31&_=1791021976999,200,data/raw/pihps/com_3/2022-07.json,87c5afda0f3b20a4e6fb904c57fe2f3b856a19c286afdd4cb9ef3defa6bafa2d,3054,21,21,0,21,OK,,2026-10-03T10:06:16Z
com_3,Beras Kualitas Medium I,2022-08,2022-08-01,2022-08-31,https://www.bi.go.id/hargapangan/WebSite/TabelHarga/GetGridDataKomoditas?price_type_id=1&comcat_id=com_3&province_id=13&regency_id=34&showKota=true&showPasar=true&tipe_laporan=1&start_date=2022-08-01&end_date=2022-08-31&_=1791021978719,200,data/raw/pihps/com_3/2022-08.json,9ca62c700efe980b0a27f1b69d39650412b2760aa2cc06ecb3019a02542fe743,3293,23,22,1,23,OK,,2026-10-03T10:06:18Z
com_3,Beras Kualitas Medium I,2022-09,2022-09-01,2022-09-30,https://www.bi.go.id/hargapangan/WebSite/TabelHarga/GetGridDataKomoditas?price_type_id=1&comcat_id=com_3&province_id=13&regency_id=34&showKota=true&showPasar=true&tipe_laporan=1&start_date=2022-09-01&end_date=2022-09-30&_=1791021980422,200,data/raw/pihps/com_3/2022-09.json,8b4dd6df5e7fe82a65c7449f969047aadc2ea75af5c4880db4da9fa197f3dd24,3186,22,22,0,22,OK,,2026-10-03T10:06:20Z
com_3,Beras Kualitas Medium I,2022-10,2022-10-01,2022-10-31,https://www.bi.go.id/hargapangan/WebSite/TabelHarga/GetGridDataKomoditas?price_type_id=1&comcat_id=com_3&province_id=13&regency_id=34&showKota=true&showPasar=true&tipe_laporan=1&start_date=2022-10-01&end_date=2022-10-31&_=1791021981909,200,data/raw/pihps/com_3/2022-10.json,e742ad64eefe9e56a4646b21ef0ceebce6951c32bb74fdff90ace07845e21d7e,3054,21,21,0,21,OK,,2026-10-03T10:06:21Z
com_3,Beras Kualitas Medium I,2022-11,2022-11-01,2022-11-30,https://www.bi.go.id/hargapangan/WebSite/TabelHarga/GetGridDataKomoditas?price_type_id=1&comcat_id=com_3&province_id=13&regency_id=34&showKota=true&showPasar=true&tipe_laporan=1&start_date=2022-11-01&end_date=2022-11-30&_=1791021983315,200,data/raw/pihps/com_3/2022-11.json,990683d5739d0cfbb3194243a6867c6c7a196625c0e8fdc846bef34eab91b96d,3186,22,22,0,22,OK,,2026-10-03T10:06:23Z
com_3,Beras Kualitas Medium I,2022-12,2022-12-01,2022-12-31,https://www.bi.go.id/hargapangan/WebSite/TabelHarga/GetGridDataKomoditas?price_type_id=1&comcat_id=com_3&province_id=13&regency_id=34&showKota=true&showPasar=true&tipe_laporan=1&start_date=2022-12-01&end_date=2022-12-31&_=1791021984657,200,data/raw/pihps/com_3/2022-12.json,4e23afec0974b996fd89b0b00edcfc4a601ab114b5cb2dbc1e2729fce3eec6a0,3186,22,22,0,22,OK,,2026-10-03T10:06:24Z
com_3,Beras Kualitas Medium I,2023-01,2023-01-01,2023-01-31,https://www.bi.go.id/hargapangan/WebSite/TabelHarga/GetGridDataKomoditas?price_type_id=1&comcat_id=com_3&province_id=13&regency_id=34&showKota=true&showPasar=true&tipe_laporan=1&start_date=2023-01-01&end_date=2023-01-31&_=1791021986288,200,data/raw/pihps/com_3/2023-01.json,6911f05b8577067f4e5d33de653854fa66374228e36fb4ad5fcb6a92ce2e0b5b,3186,22,22,0,22,OK,,2026-10-03T10:06:26Z
com_3,Beras Kualitas Medium I,2023-02,2023-02-01,2023-02-28,https://www.bi.go.id/hargapangan/WebSite/TabelHarga/GetGridDataKomoditas?price_type_id=1&comcat_id=com_3&province_id=13&regency_id=34&showKota=true&showPasar=true&tipe_laporan=1&start_date=2023-02-01&end_date=2023-02-28&_=1791021987951,200,data/raw/pihps/com_3/2023-02.json,8560308dea709f984dcf6b667bc3f601a820ae64d9cf9a282dc2bee4dcfbc8a2,2922,20,20,0,20,OK,,2026-10-03T10:06:27Z
com_3,Beras Kualitas Medium I,2023-03,2023-03-01,2023-03-31,https://www.bi.go.id/hargapangan/WebSite/TabelHarga/GetGridDataKomoditas?price_type_id=1&comcat_id=com_3&province_id=13&regency_id=34&showKota=true&showPasar=true&tipe_laporan=1&start_date=2023-03-01&end_date=2023-03-31&_=1791021989628,200,data/raw/pihps/com_3/2023-03.json,ef15b13d2f36b4cf7258f7481d81154c653ccef4bd55f3cb2099f94ec046200b,3318,23,23,0,23,OK,,2026-10-03T10:06:29Z
com_3,Beras Kualitas Medium I,2023-04,2023-04-01,2023-04-30,https://www.bi.go.id/hargapangan/WebSite/TabelHarga/GetGridDataKomoditas?price_type_id=1&comcat_id=com_3&province_id=13&regency_id=34&showKota=true&showPasar=true&tipe_laporan=1&start_date=2023-04-01&end_date=2023-04-30&_=1791021991820,200,data/raw/pihps/com_3/2023-04.json,2598c74b66efdc83ffb7a384b6af414be7efda7b405d89c6b3abae05cbcb273d,2922,20,20,0,20,OK,,2026-10-03T10:06:31Z
com_3,Beras Kualitas Medium I,2023-05,2023-05-01,2023-05-31,https://www.bi.go.id/hargapangan/WebSite/TabelHarga/GetGridDataKomoditas?price_type_id=1&comcat_id=com_3&province_id=13&regency_id=34&showKota=true&showPasar=true&tipe_laporan=1&start_date=2023-05-01&end_date=2023-05-31&_=1791021993228,200,data/raw/pihps/com_3/2023-05.json,fc6ad8a122fae6fd5bac09297fed977fbaead7de9167e16d2580b0c96ca35a95,3293,23,22,1,23,OK,,2026-10-03T10:06:33Z
com_3,Beras Kualitas Medium I,2023-06,2023-06-01,2023-06-30,https://www.bi.go.id/hargapangan/WebSite/TabelHarga/GetGridDataKomoditas?price_type_id=1&comcat_id=com_3&province_id=13&regency_id=34&showKota=true&showPasar=true&tipe_laporan=1&start_date=2023-06-01&end_date=2023-06-30&_=1791021994747,200,data/raw/pihps/com_3/2023-06.json,f787486a8083a9a0b4bfb058cb4dce7f1c4e2f1ac3097b97c5eb015a3f99ec81,3186,22,22,0,22,OK,,2026-10-03T10:06:34Z
com_3,Beras Kualitas Medium I,2023-07,2023-07-01,2023-07-31,https://www.bi.go.id/hargapangan/WebSite/TabelHarga/GetGridDataKomoditas?price_type_id=1&comcat_id=com_3&province_id=13&regency_id=34&showKota=true&showPasar=true&tipe_laporan=1&start_date=2023-07-01&end_date=2023-07-31&_=1791021996248,200,data/raw/pihps/com_3/2023-07.json,30dd8ad3a5a54eeee67e2d3fd9a22a48ef097b20f005e60d8d484f3760bfbc1d,3029,21,20,1,21,OK,,2026-10-03T10:06:36Z
com_3,Beras Kualitas Medium I,2023-08,2023-08-01,2023-08-31,https://www.bi.go.id/hargapangan/WebSite/TabelHarga/GetGridDataKomoditas?price_type_id=1&comcat_id=com_3&province_id=13&regency_id=34&showKota=true&showPasar=true&tipe_laporan=1&start_date=2023-08-01&end_date=2023-08-31&_=1791021998036,200,data/raw/pihps/com_3/2023-08.json,c2e822f2cf557ba8e8d005296381a3ed99f24c354e251420827c7182ffe18657,3318,23,23,0,23,OK,,2026-10-03T10:06:38Z
com_3,Beras Kualitas Medium I,2023-09,2023-09-01,2023-09-30,https://www.bi.go.id/hargapangan/WebSite/TabelHarga/GetGridDataKomoditas?price_type_id=1&comcat_id=com_3&province_id=13&regency_id=34&showKota=true&showPasar=true&tipe_laporan=1&start_date=2023-09-01&end_date=2023-09-30&_=1791021999403,200,data/raw/pihps/com_3/2023-09.json,733fb329ffb40544b03a5c08201e7c2b2fc40a1514f7b802487947f512ccd836,3054,21,21,0,21,OK,,2026-10-03T10:06:39Z
com_3,Beras Kualitas Medium I,2023-10,2023-10-01,2023-10-31,https://www.bi.go.id/hargapangan/WebSite/TabelHarga/GetGridDataKomoditas?price_type_id=1&comcat_id=com_3&province_id=13&regency_id=34&showKota=true&showPasar=true&tipe_laporan=1&start_date=2023-10-01&end_date=2023-10-31&_=1791022000992,200,data/raw/pihps/com_3/2023-10.json,e11cbaf37c0827084334cc77964a0ad582bb44d6a603932e362a538dd945a0bc,3186,22,22,0,22,OK,,2026-10-03T10:06:40Z
com_3,Beras Kualitas Medium I,2023-11,2023-11-01,2023-11-30,https://www.bi.go.id/hargapangan/WebSite/TabelHarga/GetGridDataKomoditas?price_type_id=1&comcat_id=com_3&province_id=13&regency_id=34&showKota=true&showPasar=true&tipe_laporan=1&start_date=2023-11-01&end_date=2023-11-30&_=1791022002575,200,data/raw/pihps/com_3/2023-11.json,22eef3b4c63afa95a50e2c54c41e9fe0039e0c085b16a73352589a9aad5e997b,3186,22,22,0,22,OK,,2026-10-03T10:06:42Z
com_3,Beras Kualitas Medium I,2023-12,2023-12-01,2023-12-31,https://www.bi.go.id/hargapangan/WebSite/TabelHarga/GetGridDataKomoditas?price_type_id=1&comcat_id=com_3&province_id=13&regency_id=34&showKota=true&showPasar=true&tipe_laporan=1&start_date=2023-12-01&end_date=2023-12-31&_=1791022003948,200,data/raw/pihps/com_3/2023-12.json,8c70b82fa398475d282a9c5fd57b440fae22ba1a01e30fcbe99265dc361a5237,3004,21,19,2,21,OK,,2026-10-03T10:06:43Z
com_3,Beras Kualitas Medium I,2024-01,2024-01-01,2024-01-31,https://www.bi.go.id/hargapangan/WebSite/TabelHarga/GetGridDataKomoditas?price_type_id=1&comcat_id=com_3&province_id=13&regency_id=34&showKota=true&showPasar=true&tipe_laporan=1&start_date=2024-01-01&end_date=2024-01-31&_=1791022005359,200,data/raw/pihps/com_3/2024-01.json,dc5e914c5e4614e1b869275fb4dec6b8cc2441519feacc6b88c5e56856be4125,3293,23,22,1,23,OK,,2026-10-03T10:06:45Z
com_3,Beras Kualitas Medium I,2024-02,2024-02-01,2024-02-29,https://www.bi.go.id/hargapangan/WebSite/TabelHarga/GetGridDataKomoditas?price_type_id=1&comcat_id=com_3&province_id=13&regency_id=34&showKota=true&showPasar=true&tipe_laporan=1&start_date=2024-02-01&end_date=2024-02-29&_=1791022007179,200,data/raw/pihps/com_3/2024-02.json,347a4bb2de29d4344b8e8d2977b5a56cada594ffe58440ee552ee463e03e14c1,3029,21,20,1,21,OK,,2026-10-03T10:06:47Z
com_3,Beras Kualitas Medium I,2024-03,2024-03-01,2024-03-31,https://www.bi.go.id/hargapangan/WebSite/TabelHarga/GetGridDataKomoditas?price_type_id=1&comcat_id=com_3&province_id=13&regency_id=34&showKota=true&showPasar=true&tipe_laporan=1&start_date=2024-03-01&end_date=2024-03-31&_=1791022008810,200,data/raw/pihps/com_3/2024-03.json,17250cde4f2a059322ad7cfc0d1c79172522b4f5fc9687fe6ae6436a57224462,3054,21,21,0,21,OK,,2026-10-03T10:06:48Z
com_3,Beras Kualitas Medium I,2024-04,2024-04-01,2024-04-30,https://www.bi.go.id/hargapangan/WebSite/TabelHarga/GetGridDataKomoditas?price_type_id=1&comcat_id=com_3&province_id=13&regency_id=34&showKota=true&showPasar=true&tipe_laporan=1&start_date=2024-04-01&end_date=2024-04-30&_=1791022010403,200,data/raw/pihps/com_3/2024-04.json,e566149c5e5dddf9776579a61d9cdd48d7a73d4b0addb46ddb2ebe568694be18,3186,22,22,0,22,OK,,2026-10-03T10:06:50Z
com_3,Beras Kualitas Medium I,2024-05,2024-05-01,2024-05-31,https://www.bi.go.id/hargapangan/WebSite/TabelHarga/GetGridDataKomoditas?price_type_id=1&comcat_id=com_3&province_id=13&regency_id=34&showKota=true&showPasar=true&tipe_laporan=1&start_date=2024-05-01&end_date=2024-05-31&_=1791022012193,200,data/raw/pihps/com_3/2024-05.json,77763ea2000e1f8123b2dcf9ef744b703cdd9a8ee2fb215783f30d67bf69defa,3313,23,23,0,23,OK,,2026-10-03T10:06:52Z
com_3,Beras Kualitas Medium I,2024-06,2024-06-01,2024-06-30,https://www.bi.go.id/hargapangan/WebSite/TabelHarga/GetGridDataKomoditas?price_type_id=1&comcat_id=com_3&province_id=13&regency_id=34&showKota=true&showPasar=true&tipe_laporan=1&start_date=2024-06-01&end_date=2024-06-30&_=1791022013887,200,data/raw/pihps/com_3/2024-06.json,7fce69d26f2e9158ee0593523d54ebf3d5de8298a8a486b69ef1adcf3cb497ce,2922,20,20,0,20,OK,,2026-10-03T10:06:53Z
com_3,Beras Kualitas Medium I,2024-07,2024-07-01,2024-07-31,https://www.bi.go.id/hargapangan/WebSite/TabelHarga/GetGridDataKomoditas?price_type_id=1&comcat_id=com_3&province_id=13&regency_id=34&showKota=true&showPasar=true&tipe_laporan=1&start_date=2024-07-01&end_date=2024-07-31&_=1791022015660,200,data/raw/pihps/com_3/2024-07.json,2b6cb3071cb6f49f6c6319889f6009d8ae52607040b74c4883111ef0677a4ecc,3293,23,22,1,23,OK,,2026-10-03T10:06:55Z
com_3,Beras Kualitas Medium I,2024-08,2024-08-01,2024-08-31,https://www.bi.go.id/hargapangan/WebSite/TabelHarga/GetGridDataKomoditas?price_type_id=1&comcat_id=com_3&province_id=13&regency_id=34&showKota=true&showPasar=true&tipe_laporan=1&start_date=2024-08-01&end_date=2024-08-31&_=1791022017342,200,data/raw/pihps/com_3/2024-08.json,ebc2f1fae5e03d01a921741f07d4956488fd0c4f3b477e402a760876e74ab934,3186,22,22,0,22,OK,,2026-10-03T10:06:57Z
com_3,Beras Kualitas Medium I,2024-09,2024-09-01,2024-09-30,https://www.bi.go.id/hargapangan/WebSite/TabelHarga/GetGridDataKomoditas?price_type_id=1&comcat_id=com_3&province_id=13&regency_id=34&showKota=true&showPasar=true&tipe_laporan=1&start_date=2024-09-01&end_date=2024-09-30&_=1791022018858,200,data/raw/pihps/com_3/2024-09.json,0bd7cd6239a303db5a0446d29f5a91878d49ac84f76613a7dbaaa16b25fca018,3054,21,21,0,21,OK,,2026-10-03T10:06:58Z
com_3,Beras Kualitas Medium I,2024-10,2024-10-01,2024-10-31,https://www.bi.go.id/hargapangan/WebSite/TabelHarga/GetGridDataKomoditas?price_type_id=1&comcat_id=com_3&province_id=13&regency_id=34&showKota=true&showPasar=true&tipe_laporan=1&start_date=2024-10-01&end_date=2024-10-31&_=1791022020503,200,data/raw/pihps/com_3/2024-10.json,dca8bfb3cb75a2d3d367cee81414b2563dc3e4bb91a78ff1fd896d6e9bc43a6c,3318,23,23,0,23,OK,,2026-10-03T10:07:00Z
com_3,Beras Kualitas Medium I,2024-11,2024-11-01,2024-11-30,https://www.bi.go.id/hargapangan/WebSite/TabelHarga/GetGridDataKomoditas?price_type_id=1&comcat_id=com_3&province_id=13&regency_id=34&showKota=true&showPasar=true&tipe_laporan=1&start_date=2024-11-01&end_date=2024-11-30&_=1791022022396,200,data/raw/pihps/com_3/2024-11.json,b779f8d653feb6e79c232380d5f9a4ef0b9f03406ead1fbdbe6228375f77ab83,3054,21,21,0,21,OK,,2026-10-03T10:07:02Z
com_3,Beras Kualitas Medium I,2024-12,2024-12-01,2024-12-31,https://www.bi.go.id/hargapangan/WebSite/TabelHarga/GetGridDataKomoditas?price_type_id=1&comcat_id=com_3&province_id=13&regency_id=34&showKota=true&showPasar=true&tipe_laporan=1&start_date=2024-12-01&end_date=2024-12-31&_=1791022023895,200,data/raw/pihps/com_3/2024-12.json,53cf7f476878ae898a25ae708001a721000165f32be011d6c7a63c66721e76e6,3186,22,22,0,22,OK,,2026-10-03T10:07:03Z
com_3,Beras Kualitas Medium I,2025-01,2025-01-01,2025-01-31,https://www.bi.go.id/hargapangan/WebSite/TabelHarga/GetGridDataKomoditas?price_type_id=1&comcat_id=com_3&province_id=13&regency_id=34&showKota=true&showPasar=true&tipe_laporan=1&start_date=2025-01-01&end_date=2025-01-31&_=1791022025531,200,data/raw/pihps/com_3/2025-01.json,00839b63aade5d9dca393a779ea54ab8e24eda95dbfa4efca92de8d0c3ab4f5a,3293,23,22,1,23,OK,,2026-10-03T10:07:05Z
com_3,Beras Kualitas Medium I,2025-02,2025-02-01,2025-02-28,https://www.bi.go.id/hargapangan/WebSite/TabelHarga/GetGridDataKomoditas?price_type_id=1&comcat_id=com_3&province_id=13&regency_id=34&showKota=true&showPasar=true&tipe_laporan=1&start_date=2025-02-01&end_date=2025-02-28&_=1791022027034,200,data/raw/pihps/com_3/2025-02.json,6d0b23610a41875f4a17959f9b95fa1fdcf7528b7c42de6a88af5672e23bb868,2922,20,20,0,20,OK,,2026-10-03T10:07:07Z
com_3,Beras Kualitas Medium I,2025-03,2025-03-01,2025-03-31,https://www.bi.go.id/hargapangan/WebSite/TabelHarga/GetGridDataKomoditas?price_type_id=1&comcat_id=com_3&province_id=13&regency_id=34&showKota=true&showPasar=true&tipe_laporan=1&start_date=2025-03-01&end_date=2025-03-31&_=1791022028655,200,data/raw/pihps/com_3/2025-03.json,47b3516d45ce5f7cfb23dcb296eaf9083f7765eebd6c2fdcd52ca5f6301bd6b7,3054,21,21,0,21,OK,,2026-10-03T10:07:08Z
com_3,Beras Kualitas Medium I,2025-04,2025-04-01,2025-04-30,https://www.bi.go.id/hargapangan/WebSite/TabelHarga/GetGridDataKomoditas?price_type_id=1&comcat_id=com_3&province_id=13&regency_id=34&showKota=true&showPasar=true&tipe_laporan=1&start_date=2025-04-01&end_date=2025-04-30&_=1791022030280,200,data/raw/pihps/com_3/2025-04.json,48c18df49d3ac71f69060bb16fb00cd12760a1754f06a33e10380b8d512b6bf2,3186,22,22,0,22,OK,,2026-10-03T10:07:10Z
com_3,Beras Kualitas Medium I,2025-05,2025-05-01,2025-05-31,https://www.bi.go.id/hargapangan/WebSite/TabelHarga/GetGridDataKomoditas?price_type_id=1&comcat_id=com_3&province_id=13&regency_id=34&showKota=true&showPasar=true&tipe_laporan=1&start_date=2025-05-01&end_date=2025-05-31&_=1791022031852,200,data/raw/pihps/com_3/2025-05.json,bfb57777d8f02d18275609beb4f0b1a0a742fead67f239d70933f8edf4b5c2ae,3186,22,22,0,22,OK,,2026-10-03T10:07:11Z
com_3,Beras Kualitas Medium I,2025-06,2025-06-01,2025-06-30,https://www.bi.go.id/hargapangan/WebSite/TabelHarga/GetGridDataKomoditas?price_type_id=1&comcat_id=com_3&province_id=13&regency_id=34&showKota=true&showPasar=true&tipe_laporan=1&start_date=2025-06-01&end_date=2025-06-30&_=1791022033653,200,data/raw/pihps/com_3/2025-06.json,df99288dc81e08b821bfe1e00c5a5a6617bbda620043192d94777bc7afec6aa4,3054,21,21,0,21,OK,,2026-10-03T10:07:13Z
com_3,Beras Kualitas Medium I,2025-07,2025-07-01,2025-07-31,https://www.bi.go.id/hargapangan/WebSite/TabelHarga/GetGridDataKomoditas?price_type_id=1&comcat_id=com_3&province_id=13&regency_id=34&showKota=true&showPasar=true&tipe_laporan=1&start_date=2025-07-01&end_date=2025-07-31&_=1791022035257,200,data/raw/pihps/com_3/2025-07.json,2a591f82743f282741b776cd5241e7433b8fa54c7e8665526029214e0b42f1b0,3318,23,23,0,23,OK,,2026-10-03T10:07:15Z
com_3,Beras Kualitas Medium I,2025-08,2025-08-01,2025-08-31,https://www.bi.go.id/hargapangan/WebSite/TabelHarga/GetGridDataKomoditas?price_type_id=1&comcat_id=com_3&province_id=13&regency_id=34&showKota=true&showPasar=true&tipe_laporan=1&start_date=2025-08-01&end_date=2025-08-31&_=1791022036900,200,data/raw/pihps/com_3/2025-08.json,e72eaf25934e111b4dcbef7c7e7b6e7b907bf11fe4357644bd4ca7bb10f5f9d9,3054,21,21,0,21,OK,,2026-10-03T10:07:16Z
com_3,Beras Kualitas Medium I,2025-09,2025-09-01,2025-09-30,https://www.bi.go.id/hargapangan/WebSite/TabelHarga/GetGridDataKomoditas?price_type_id=1&comcat_id=com_3&province_id=13&regency_id=34&showKota=true&showPasar=true&tipe_laporan=1&start_date=2025-09-01&end_date=2025-09-30&_=1791022038590,200,data/raw/pihps/com_3/2025-09.json,facf3c3ebb14b83630492ff4739a4abbe5afcb47eccc4c9160fda939adab2889,3186,22,22,0,22,OK,,2026-10-03T10:07:18Z
com_3,Beras Kualitas Medium I,2025-10,2025-10-01,2025-10-31,https://www.bi.go.id/hargapangan/WebSite/TabelHarga/GetGridDataKomoditas?price_type_id=1&comcat_id=com_3&province_id=13&regency_id=34&showKota=true&showPasar=true&tipe_laporan=1&start_date=2025-10-01&end_date=2025-10-31&_=1791022040367,200,data/raw/pihps/com_3/2025-10.json,50d290e6d4d46ed273394ed1e328f605a0380d81e0fa7b3dd0e5fc1eb7adbf42,3318,23,23,0,23,OK,,2026-10-03T10:07:20Z
com_3,Beras Kualitas Medium I,2025-11,2025-11-01,2025-11-30,https://www.bi.go.id/hargapangan/WebSite/TabelHarga/GetGridDataKomoditas?price_type_id=1&comcat_id=com_3&province_id=13&regency_id=34&showKota=true&showPasar=true&tipe_laporan=1&start_date=2025-11-01&end_date=2025-11-30&_=1791022042144,200,data/raw/pihps/com_3/2025-11.json,79e24b77f1d81af1dfc3e5f11cf01850e5e6075077548e3bc433cf51e0fb02e3,2922,20,20,0,20,OK,,2026-10-03T10:07:22Z
com_3,Beras Kualitas Medium I,2025-12,2025-12-01,2025-12-31,https://www.bi.go.id/hargapangan/WebSite/TabelHarga/GetGridDataKomoditas?price_type_id=1&comcat_id=com_3&province_id=13&regency_id=34&showKota=true&showPasar=true&tipe_laporan=1&start_date=2025-12-01&end_date=2025-12-31&_=1791022043754,200,data/raw/pihps/com_3/2025-12.json,609c8935ad19d8d256d6ad40e4288c8067c4acd559ea39038522823823d7b408,3318,23,23,0,23,OK,,2026-10-03T10:07:23Z
com_3,Beras Kualitas Medium I,2026-01,2026-01-01,2026-01-31,https://www.bi.go.id/hargapangan/WebSite/TabelHarga/GetGridDataKomoditas?price_type_id=1&comcat_id=com_3&province_id=13&regency_id=34&showKota=true&showPasar=true&tipe_laporan=1&start_date=2026-01-01&end_date=2026-01-31&_=1791022045134,200,data/raw/pihps/com_3/2026-01.json,22b45808eedd0addc1545200768745ff374d8705206834ba6443158c7f9e7816,3186,22,22,0,22,OK,,2026-10-03T10:07:25Z
com_3,Beras Kualitas Medium I,2026-02,2026-02-01,2026-02-28,https://www.bi.go.id/hargapangan/WebSite/TabelHarga/GetGridDataKomoditas?price_type_id=1&comcat_id=com_3&province_id=13&regency_id=34&showKota=true&showPasar=true&tipe_laporan=1&start_date=2026-02-01&end_date=2026-02-28&_=1791022046501,200,data/raw/pihps/com_3/2026-02.json,84025549e55ca57588bc07811079a139e57c989627f32b2e0bdea463309fcce7,2922,20,20,0,20,OK,,2026-10-03T10:07:26Z
com_3,Beras Kualitas Medium I,2026-03,2026-03-01,2026-03-31,https://www.bi.go.id/hargapangan/WebSite/TabelHarga/GetGridDataKomoditas?price_type_id=1&comcat_id=com_3&province_id=13&regency_id=34&showKota=true&showPasar=true&tipe_laporan=1&start_date=2026-03-01&end_date=2026-03-31&_=1791022047995,200,data/raw/pihps/com_3/2026-03.json,44785bf580cacd6095369ba06f7424217724231e6d1ad4739bff80d32c0dd2eb,3186,22,22,0,22,OK,,2026-10-03T10:07:27Z
com_3,Beras Kualitas Medium I,2026-04,2026-04-01,2026-04-30,https://www.bi.go.id/hargapangan/WebSite/TabelHarga/GetGridDataKomoditas?price_type_id=1&comcat_id=com_3&province_id=13&regency_id=34&showKota=true&showPasar=true&tipe_laporan=1&start_date=2026-04-01&end_date=2026-04-30&_=1791022050649,200,data/raw/pihps/com_3/2026-04.json,6b9e3e4d81061521a9df5c5226f064ef7b95cfe1c5b1063580ccd18eb23222c4,3186,22,22,0,22,OK,,2026-10-03T10:07:30Z
com_3,Beras Kualitas Medium I,2026-05,2026-05-01,2026-05-31,https://www.bi.go.id/hargapangan/WebSite/TabelHarga/GetGridDataKomoditas?price_type_id=1&comcat_id=com_3&province_id=13&regency_id=34&showKota=true&showPasar=true&tipe_laporan=1&start_date=2026-05-01&end_date=2026-05-31&_=1791022053090,200,data/raw/pihps/com_3/2026-05.json,a104ccd489d52391e1f45c10a6ccd2d3f1c1a7b91c417e882856c0a1a6645506,3054,21,21,0,21,OK,,2026-10-03T10:07:33Z
com_3,Beras Kualitas Medium I,2026-06,2026-06-01,2026-06-30,https://www.bi.go.id/hargapangan/WebSite/TabelHarga/GetGridDataKomoditas?price_type_id=1&comcat_id=com_3&province_id=13&regency_id=34&showKota=true&showPasar=true&tipe_laporan=1&start_date=2026-06-01&end_date=2026-06-30&_=1791022055727,200,data/raw/pihps/com_3/2026-06.json,aaa68c31db30c5c227656c06c9192fdb1f1be9707d4b8fb202041b64e193f4e1,3186,22,22,0,22,OK,,2026-10-03T10:07:35Z
com_3,Beras Kualitas Medium I,2026-07,2026-07-01,2026-07-31,https://www.bi.go.id/hargapangan/WebSite/TabelHarga/GetGridDataKomoditas?price_type_id=1&comcat_id=com_3&province_id=13&regency_id=34&showKota=true&showPasar=true&tipe_laporan=1&start_date=2026-07-01&end_date=2026-07-31&_=1791022058256,200,data/raw/pihps/com_3/2026-07.json,1ed0042173e4d83866ae51c13a4a21b89185bf6f7fdb0c20ccf8342924733aac,3318,23,23,0,23,OK,,2026-10-03T10:07:38Z
com_3,Beras Kualitas Medium I,2026-08,2026-08-01,2026-08-31,https://www.bi.go.id/hargapangan/WebSite/TabelHarga/GetGridDataKomoditas?price_type_id=1&comcat_id=com_3&province_id=13&regency_id=34&showKota=true&showPasar=true&tipe_laporan=1&start_date=2026-08-01&end_date=2026-08-31&_=1791022061095,200,data/raw/pihps/com_3/2026-08.json,a51bcd1c82bac2c5ab013ba8a0c01758b1981cbd0264f2181a367d9237f3d1d5,3054,21,21,0,21,OK,,2026-10-03T10:07:41Z
com_3,Beras Kualitas Medium I,2026-09,2026-09-01,2026-09-30,https://www.bi.go.id/hargapangan/WebSite/TabelHarga/GetGridDataKomoditas?price_type_id=1&comcat_id=com_3&province_id=13&regency_id=34&showKota=true&showPasar=true&tipe_laporan=1&start_date=2026-09-01&end_date=2026-09-30&_=1791022063734,200,data/raw/pihps/com_3/2026-09.json,97fa147b282ca3116efc4f4a4e4edb426f4b19a46dde2f1adec46769efeec9b7,3186,22,22,0,22,OK,,2026-10-03T10:07:43Z
